# Blender 5.2.1 LTS
# www.blender.org
mtllib Tail.mtl
o tail
v -0.007934 -0.418980 -3.823438
v 0.000004 -0.355118 -3.642627
v -0.470254 0.132385 -2.558964
v 0.306489 0.351212 -1.800844
v -0.393194 0.002853 -3.128629
v -0.260770 0.401756 -1.575392
v -0.271185 -0.652340 -4.299385
v -0.219707 -0.799828 -4.475488
v 0.221933 -0.790321 -4.465879
v -0.003701 -0.961193 -4.924241
v -0.115009 -0.911190 -4.794202
v 0.099080 -0.924980 -4.831045
v 0.265974 -0.665794 -4.329147
v 0.347591 -0.255577 -3.724456
v -0.352633 -0.241692 -3.690366
v -0.193827 -30.889332 -21.167301
v -0.211049 -30.965664 -21.760653
v -0.435933 -30.869431 -21.005621
v 0.000000 -30.965664 -21.760654
v 0.000000 -31.234585 -22.328081
v -0.733026 -31.027830 -19.817434
v -0.517009 -30.986448 -20.717287
v -0.211049 -31.027210 -21.765144
v 0.000000 -31.234585 -22.328081
v -0.258809 -31.136971 -20.807812
v -0.346521 -31.200981 -19.858952
v -0.421835 -31.066311 -17.683500
v -1.050630 -30.985056 -17.600151
v -0.746567 -30.885876 -19.773357
v 0.207902 -30.935429 -19.800129
v 0.313074 -31.202419 -20.256596
v 0.000491 -31.097424 -21.665588
v -0.220348 -31.048841 -21.582161
v 0.000000 -31.234585 -22.328085
v 0.178592 -0.356945 0.203407
v -0.496001 -0.323555 0.203190
v -0.350723 -0.483311 -0.400871
v 0.179134 -4.270866 -3.357669
v -0.825053 -4.289276 -3.452230
v -0.890934 -5.550140 -3.775853
v 0.170576 -3.156246 -2.981495
v -0.752608 -3.146721 -3.062706
v -0.304917 -2.295460 -2.588206
v -0.958616 -2.212944 -2.701792
v -0.656273 -1.657131 -2.231167
v -1.113111 -1.525921 -2.358671
v -0.818097 -1.100945 -1.803760
v -1.221120 -0.924587 -1.973331
v -0.931596 -0.607262 -1.191351
v -1.129334 -0.276474 -1.022942
v -0.916408 -0.269684 -0.421344
v -0.912245 0.015320 0.204016
v -0.784018 -0.176674 0.204276
v -0.636826 -0.657715 -1.029070
v 0.180513 -0.742931 -1.073642
v -0.176934 -1.057743 -1.563869
v -0.268446 -1.309311 -1.863173
v 0.170283 -1.730835 -2.203957
v -1.536032 -7.509178 -4.329782
v -0.966650 -6.916199 -4.051380
v -1.266658 -4.655571 -3.713557
v -1.279586 -3.006016 -3.231484
v -1.408641 -1.809048 -2.832327
v -1.893167 -7.347113 -4.516459
v -1.564732 -4.532295 -3.866868
v -1.498862 -1.065052 -2.628844
v -1.760089 -2.986874 -3.752741
v -1.817500 -4.362740 -4.081716
v -2.362398 -8.539648 -5.059282
v -2.148462 -9.930376 -4.853597
v -1.618762 -9.322384 -4.516856
v -0.805088 -8.609486 -4.213220
v -0.000001 -8.359720 -4.110194
v -0.159110 -6.985943 -3.980303
v 0.229555 -5.571796 -3.694474
v -2.200227 -5.476696 -4.785769
v -2.784330 -9.919296 -5.703139
v -2.981781 -14.043715 -5.633930
v -3.380192 -14.375336 -6.339723
v -3.089309 -11.178581 -6.505512
v -2.203114 -4.773029 -5.019003
v -1.748293 -1.971252 -3.694683
v -1.474845 -0.627762 -2.456536
v -1.252969 -0.122631 -1.469757
v -0.877977 0.205631 0.203881
v -0.957193 0.210503 -0.215112
v -0.746869 0.393158 -0.256280
v -1.032418 0.201439 -1.305565
v -0.719754 0.348255 -1.497448
v -2.057807 -3.983562 -5.124115
v -1.704162 -1.890461 -4.159500
v -1.461934 -2.229206 -4.963983
v -1.893748 -3.728203 -5.434066
v -1.471957 -0.570877 -2.738977
v -1.193586 -0.062286 -2.295764
v -1.339274 -0.499397 -3.097471
v -1.443456 -1.190121 -3.909459
v -0.994821 -1.079727 -4.266140
v -1.037445 -1.787338 -4.978142
v -0.532913 -1.006893 -4.408405
v -0.587821 -1.714691 -5.119218
v -1.131791 -2.778282 -5.706371
v -0.686754 -2.727558 -5.920815
v -1.315000 -4.230988 -6.524452
v -1.781739 -4.583843 -6.217781
v -2.428431 -7.603998 -6.884919
v -2.225398 -8.440380 -7.673006
v -0.767604 -0.497093 -3.676779
v -1.304479 -7.112152 -7.978114
v -1.825254 -8.512709 -8.186793
v -2.502254 -13.628290 -9.515940
v -2.875227 -13.711349 -9.074911
v -3.213372 -13.662075 -8.394396
v -2.578515 -7.488346 -6.292252
v -3.494803 -14.140903 -7.798223
v -0.819262 0.094688 -2.475843
v -0.743125 -0.205536 -3.216726
v -0.000002 -1.296745 -4.837733
v -0.042529 -2.682381 -6.060661
v -0.349454 -5.399994 -7.987313
v -0.744391 -4.120445 -6.872519
v -0.836010 -6.611679 -8.084714
v -0.922086 -7.648333 -8.432622
v -1.018610 -9.456591 -9.097736
v 0.608752 -2.708263 -5.944648
v 0.349452 -5.400024 -7.987336
v 0.000002 -5.442371 -8.090190
v 1.315000 -4.230988 -6.524452
v 0.841978 -6.280151 -7.922878
v 0.744391 -4.120445 -6.872520
v -0.467788 -7.603655 -8.572145
v -0.502584 -9.233889 -9.206855
v -0.438530 -6.421112 -7.932215
v 0.000002 -6.834827 -8.223086
v 0.000000 -9.234056 -9.343452
v 0.502585 -9.233879 -9.206850
v 1.059982 -13.591990 -10.384873
v 1.018609 -9.456596 -9.097737
v 1.486220 -9.505686 -8.849165
v 1.876578 -13.843803 -10.031369
v 1.383363 -16.472860 -11.249094
v 2.071145 -16.532013 -10.893373
v 3.893789 -20.588600 -10.647932
v 4.044403 -23.032257 -12.110659
v 3.507386 -22.209484 -12.474574
v 3.407174 -20.391857 -11.392866
v 3.151276 -16.188940 -9.656200
v 2.744461 -18.519766 -11.203410
v 2.757508 -16.005421 -10.185349
v 2.502250 -13.628279 -9.515938
v 1.825254 -8.512707 -8.186794
v 1.304477 -7.112148 -7.978115
v 0.922086 -7.648333 -8.432622
v 0.467788 -7.603655 -8.572145
v 0.438530 -6.421112 -7.932215
v -1.059983 -13.591986 -10.384871
v 0.000000 -14.981787 -11.118993
v 0.655734 -16.449945 -11.486873
v 1.272655 -18.817984 -12.286477
v 2.128583 -19.776052 -12.318047
v 2.826634 -20.573023 -12.203729
v 2.882805 -22.456156 -13.428267
v 3.555260 -23.962502 -13.850861
v 4.045729 -25.445835 -14.315074
v 2.190074 -22.182308 -13.840005
v 1.324309 -20.185570 -12.986534
v 0.000001 -18.423841 -12.400311
v -0.655736 -16.449945 -11.486870
v -1.383362 -16.472864 -11.249096
v -1.272659 -18.817974 -12.286469
v -1.324314 -20.185568 -12.986532
v 0.000000 -20.010054 -13.204083
v -0.741830 -21.282173 -13.991268
v -0.000002 -21.386570 -14.278674
v 0.741830 -21.282173 -13.991269
v -1.479914 -21.421236 -13.796782
v -2.071144 -16.531996 -10.893366
v -2.128582 -19.776039 -12.318040
v -2.190073 -22.182308 -13.840007
v -1.335761 -23.418640 -15.319501
v -2.826634 -20.573021 -12.203729
v -2.744462 -18.519749 -11.203400
v -2.215410 -23.828644 -15.209702
v -2.882802 -22.456144 -13.428260
v -3.407175 -20.391844 -11.392858
v -3.151278 -16.188942 -9.656200
v -2.757508 -16.005424 -10.185349
v -1.876578 -13.843794 -10.031365
v -1.486219 -9.505680 -8.849163
v -3.893787 -20.588598 -10.647932
v -3.507386 -22.209484 -12.474574
v -3.555260 -23.962528 -13.850881
v -4.044404 -23.032290 -12.110683
v -4.045731 -25.445814 -14.315044
v -4.427689 -25.250280 -12.838869
v -4.191376 -27.104191 -15.299708
v -4.245981 -21.438549 -10.060353
v -2.862712 -24.744005 -15.515843
v -3.398491 -25.885109 -16.042841
v -3.677484 -27.094845 -16.856230
v -3.555482 -28.239050 -18.096336
v -3.655167 -28.805763 -17.722151
v -4.299295 -27.700127 -14.743972
v -4.531507 -25.856430 -12.152737
v -4.424133 -22.991991 -9.887808
v -4.166175 -19.670095 -8.506383
v -4.008007 -17.281006 -8.146182
v -3.768790 -16.713482 -8.780929
v -2.718590 -28.131603 -20.165884
v -2.987801 -27.049252 -18.234482
v -2.635583 -26.171432 -17.504436
v -2.109014 -25.284605 -16.858717
v -1.472545 -24.564920 -16.421324
v -3.727416 -29.161888 -16.527418
v -4.034344 -28.617153 -14.954215
v -3.293355 -29.490944 -18.246613
v -2.772291 -29.344135 -20.274870
v -2.300045 -28.728653 -21.522989
v -1.593811 -28.222973 -22.531143
v -2.163434 -27.132442 -19.737288
v -1.860489 -26.434902 -18.831587
v -1.156761 -25.348377 -17.573421
v -0.586600 -23.930014 -15.982104
v -1.145507 -26.014479 -18.654570
v 0.586595 -23.930014 -15.982104
v 1.335761 -23.418646 -15.319505
v 1.472546 -24.564920 -16.421324
v 1.156769 -25.348381 -17.573420
v 0.000000 -24.414654 -16.583048
v -0.000001 -24.366085 -16.599787
v -0.000002 -25.689693 -18.457367
v -1.009190 -26.569534 -19.856562
v -1.315149 -27.376621 -21.410824
v -0.011525 -28.383280 -25.409681
v -0.917330 -28.502563 -23.979359
v -1.056228 -28.803856 -23.795050
v -1.991109 -29.242977 -22.107550
v 1.145512 -26.014482 -18.654573
v -0.967537 -29.071838 -23.813169
v 1.479914 -21.421238 -13.796782
v 2.215411 -23.828644 -15.209702
v 2.109013 -25.284605 -16.858717
v 1.860488 -26.434910 -18.831602
v 0.957672 -26.726318 -20.226774
v -0.000001 -26.609697 -20.370962
v -0.769104 -27.397554 -22.035168
v -0.348174 -27.952686 -23.935467
v 0.010154 -27.892296 -24.022690
v 1.315156 -27.376617 -21.410812
v 2.163434 -27.132450 -19.737299
v 2.635582 -26.171432 -17.504438
v 2.862711 -24.744005 -15.515843
v 0.529403 -28.253685 -24.376789
v 0.339789 -27.956413 -23.957577
v 0.673768 -27.513638 -22.464314
v -0.036717 -27.376694 -22.459293
v 3.398492 -25.885099 -16.042828
v 2.987810 -27.049236 -18.234451
v 1.593816 -28.222969 -22.531134
v 0.917327 -28.502563 -23.979364
v 1.023898 -28.885921 -23.838228
v 0.863075 -29.230165 -23.792875
v 1.991112 -29.242977 -22.107548
v 1.679347 -29.886620 -21.966436
v 2.772290 -29.344135 -20.274876
v 2.350379 -30.167633 -19.981209
v 3.293355 -29.490944 -18.246613
v 2.718587 -28.131601 -20.165890
v 2.300045 -28.728655 -21.522987
v 3.555488 -28.239044 -18.096317
v 3.677479 -27.094858 -16.856260
v 4.191381 -27.104176 -15.299684
v 3.655166 -28.805767 -17.722162
v 4.427689 -25.250282 -12.838867
v 4.299295 -27.700127 -14.743978
v 3.727417 -29.161888 -16.527418
v 2.848711 -30.175987 -17.977150
v 1.523368 -30.707655 -19.838491
v 1.087280 -30.260899 -21.948610
v 0.562188 -29.430983 -23.784161
v 0.074557 -29.535313 -23.777880
v 0.288360 -30.422165 -21.955997
v 0.748450 -30.871864 -19.793978
v 1.876625 -30.783131 -17.625507
v 2.703603 -30.293737 -15.909522
v 1.050631 -30.985056 -17.600151
v 1.558089 -30.716679 -15.613441
v 2.562563 -29.956509 -14.047050
v 3.168341 -29.621717 -14.269691
v 3.332589 -28.883842 -12.647396
v 3.871937 -28.424774 -13.008913
v 3.975039 -27.436047 -11.558999
v 4.352943 -26.875643 -12.071120
v 4.352545 -25.138641 -10.286500
v 4.531508 -25.856447 -12.152758
v 4.424133 -22.991997 -9.887811
v 4.245984 -21.438580 -10.060367
v 3.768791 -16.713488 -8.780926
v 4.008007 -17.281010 -8.146183
v 4.166173 -19.670055 -8.506372
v 4.241880 -27.859516 -13.460065
v 3.681401 -29.171747 -14.574271
v 3.401299 -29.694567 -16.222172
v 4.034345 -28.617153 -14.954215
v 1.781740 -4.583843 -6.217781
v 2.225398 -8.440374 -7.673004
v 2.428431 -7.603996 -6.884918
v 3.213371 -13.662069 -8.394398
v 2.578515 -7.488348 -6.292254
v 3.494803 -14.140900 -7.798221
v 3.089309 -11.178579 -6.505512
v 3.545953 -14.039888 -7.046288
v 3.380192 -14.375340 -6.339723
v 3.870431 -18.418827 -7.304385
v 4.177277 -22.183546 -8.481109
v 2.784330 -9.919294 -5.703139
v 2.875226 -13.711329 -9.074903
v 3.158329 -21.230890 -6.593769
v 3.851180 -23.253809 -8.159331
v 3.682160 -20.917747 -7.157705
v 3.347303 -17.265705 -6.191268
v 1.000464 -19.001930 -5.064976
v 1.598264 -20.739275 -5.576034
v 1.741587 -18.144590 -5.070813
v 2.491984 -20.505795 -5.912197
v 2.364754 -22.275528 -6.376363
v 2.323360 -17.964800 -5.302278
v 2.877887 -17.692327 -5.668890
v 2.548169 -14.173256 -5.165233
v 2.981784 -14.043747 -5.633933
v 2.045541 -14.211901 -4.827652
v 1.388793 -15.142303 -4.637018
v 0.843270 -17.286921 -4.766931
v -0.446115 -19.162739 -5.059636
v 0.316532 -20.985411 -5.472106
v 0.330671 -22.775480 -6.023844
v 1.267894 -22.897882 -6.212125
v 2.493659 -24.029156 -7.234529
v 3.313486 -23.634012 -7.655684
v 1.300012 -24.232567 -6.890659
v 1.130264 -25.361645 -7.554560
v 2.040244 -25.640190 -8.063245
v 1.082072 -27.184397 -9.071372
v 0.573518 -26.028366 -8.003406
v -0.000003 -26.155910 -8.128533
v -0.422279 -27.429279 -9.253970
v 3.942657 -24.784758 -9.110658
v 3.394366 -25.188843 -8.634698
v 2.744177 -25.485390 -8.298022
v 2.082291 -27.141369 -9.297464
v 1.194936 -28.588825 -10.546263
v -0.239695 -28.694981 -10.562430
v 0.214430 -29.692873 -12.086240
v 1.767135 -29.501534 -12.127402
v 1.686424 -30.228754 -13.815852
v 2.694916 -29.225697 -12.383221
v 0.202422 -30.409229 -13.803772
v 3.422097 -27.888733 -11.151804
v 3.991730 -26.198532 -10.257010
v 3.437075 -26.629633 -9.812062
v 2.779315 -26.946205 -9.495122
v 2.486994 -28.340069 -10.771058
v 0.187881 -30.875029 -15.610732
v 0.524949 -31.039692 -17.581875
v -0.115604 -27.849016 -24.504997
v 0.000302 -27.829620 -24.513083
v 0.000518 -27.727413 -24.652252
v -0.137515 -27.791821 -24.500460
v 0.015651 -27.760708 -24.058374
v -0.390773 -27.840801 -23.952045
v 0.211050 -30.965664 -21.760653
v 0.193828 -30.889332 -21.167301
v 0.433125 -30.870323 -21.015194
v 0.137516 -27.791821 -24.500460
v 0.129177 -27.859684 -24.475401
v 0.000000 -27.689651 -24.726061
v 0.414869 -27.826931 -23.894714
v 0.219194 -31.050451 -21.519888
v 0.517010 -30.986448 -20.717287
v 0.733026 -31.027830 -19.817434
v 0.211050 -31.027210 -21.765144
v 1.026308 -24.187561 -17.043686
v 0.966950 -25.087278 -17.718676
v 0.922519 -24.821518 -17.937300
v 0.742021 -25.205742 -19.000883
v 0.762785 -25.421991 -18.872746
v 0.538700 -25.506521 -19.927584
v 0.501177 -25.365580 -20.086132
v 0.286607 -25.440161 -20.849636
v 0.277299 -25.351801 -20.882051
v 1.213624 -22.538891 -15.096799
v 1.144302 -24.341619 -16.502325
v -0.960935 -25.108696 -17.749573
v -0.751596 -25.439854 -18.910988
v -0.526479 -25.514343 -19.970842
v -0.287073 -25.444550 -20.844757
v 0.000000 -25.193357 -21.542091
v 0.000000 -25.190941 -20.516699
v 0.000000 -24.923916 -19.111914
v 0.000000 -24.520496 -18.101177
v 0.000000 -23.734015 -17.076962
v 0.842113 -22.847713 -15.681962
v -0.718331 -29.347389 -23.789780
v -0.412364 -29.480526 -23.780752
v -1.087276 -30.260899 -21.948610
v -3.681401 -29.171749 -14.574271
v -2.927795 -30.126463 -15.977754
v -3.168340 -29.621719 -14.269691
v -3.401298 -29.694567 -16.222172
v -2.848710 -30.175987 -17.977148
v -1.876628 -30.783131 -17.625505
v -1.523368 -30.707655 -19.838491
v -0.526498 -30.399647 -21.932972
v -1.679345 -29.886620 -21.966434
v -2.350379 -30.167631 -19.981209
v -4.241879 -27.859516 -13.460065
v -3.871937 -28.424774 -13.008913
v -4.352942 -26.875643 -12.071118
v -3.975039 -27.436047 -11.558999
v -4.352545 -25.138634 -10.286496
v -3.991729 -26.198532 -10.257010
v -3.942657 -24.784758 -9.110658
v -3.394365 -25.188843 -8.634698
v -2.125267 -30.554050 -15.689988
v -1.028705 -30.807266 -15.605910
v -1.108973 -30.331966 -13.803421
v -2.302338 -30.054613 -13.911372
v -1.162707 -29.609505 -12.096574
v -2.416198 -29.315071 -12.229405
v -1.796243 -28.485996 -10.586949
v -2.767245 -28.223415 -10.857718
v -1.901818 -27.213737 -9.285002
v -2.779315 -26.946205 -9.495124
v -2.744176 -25.485390 -8.298022
v -3.437074 -26.629631 -9.812062
v -3.422096 -27.888733 -11.151804
v -3.332590 -28.883842 -12.647396
v -2.040243 -25.640194 -8.063245
v -2.493657 -24.029160 -7.234530
v -1.130264 -25.361645 -7.554561
v -0.573516 -26.028368 -8.003407
v -1.300011 -24.232567 -6.890659
v -1.201199 -22.756205 -6.120599
v -3.313486 -23.634012 -7.655684
v -2.364753 -22.275528 -6.376363
v -1.026817 -20.914055 -5.507021
v -1.547303 -18.900431 -5.145250
v -0.951773 -17.147795 -4.765817
v -1.686792 -17.018930 -4.913039
v -0.896312 -14.383951 -4.489217
v -1.556738 -14.415369 -4.638396
v -1.303851 -10.038172 -4.439726
v -2.045541 -14.211889 -4.827650
v -2.548167 -14.173243 -5.165231
v -0.776625 -11.176201 -4.365559
v 0.000000 -11.319262 -4.311640
v 0.297341 -14.353222 -4.443224
v -3.158329 -21.230869 -6.593763
v -2.323358 -17.964800 -5.302277
v -2.877886 -17.692314 -5.668889
v -3.682160 -20.917742 -7.157702
v -3.851179 -23.253809 -8.159331
v -4.177277 -22.183565 -8.481115
v -2.226429 -20.561512 -5.763040
v -3.347301 -17.265671 -6.191263
v -3.870429 -18.418808 -7.304379
v -3.545953 -14.039888 -7.046288
v -0.248955 -25.864408 -7.396072
v -0.566378 -26.974953 -8.204899
v 0.299813 -27.022022 -8.201984
v -0.595299 -29.241314 -10.265113
v 0.000000 -29.231640 -10.199399
v -0.324926 -30.051043 -10.764253
v -0.353049 -29.892496 -10.855002
v 0.000000 -30.724277 -11.047531
v -1.088668 -24.477119 -6.775401
v 0.276452 -24.405207 -6.649243
v -1.034226 -26.301758 -7.798933
v -0.837178 -28.137760 -9.319913
v -0.714473 -28.707615 -10.130034
v -0.321503 -29.099483 -10.453190
v -0.439238 -28.263588 -9.855392
v -1.020652 -26.699560 -8.429411
v -1.213623 -22.538889 -15.096801
v -0.842108 -22.847723 -15.681973
v -1.026307 -24.187561 -17.043686
v -1.144302 -24.341619 -16.502325
v -0.922519 -24.821518 -17.937300
v -0.742020 -25.205742 -19.000883
v -0.501177 -25.365582 -20.086134
v -0.277302 -25.351803 -20.882040
v 0.358622 -29.893650 -10.845450
v 0.595299 -29.241316 -10.265116
v 0.353554 -29.999290 -10.751092
v 0.964255 -27.321873 -8.602148
v 1.056120 -25.723835 -7.421042
v 1.096276 -24.543570 -6.824520
v 1.020653 -26.699560 -8.429411
v 0.801561 -28.223522 -9.729706
v 0.593068 -29.105534 -10.415666
v 0.458402 -28.226093 -9.822131
v 4.139144 -19.079018 -11.539054
v 3.626930 -18.046120 -10.988908
v 4.152846 -18.377930 -10.226595
v 4.467790 -19.345123 -10.908224
v 4.260484 -18.166386 -9.218154
v 3.926501 -17.320974 -9.589340
v 3.513784 -17.009832 -10.207416
v 3.196079 -16.677711 -10.425684
v 3.351126 -17.966755 -10.968735
v 3.922261 -19.016815 -11.541882
v 4.419623 -19.422396 -10.669939
v 4.738100 -19.939116 -12.167896
v 4.039723 -16.672777 -8.243514
v 4.250365 -18.673899 -9.447612
v 3.842258 -17.604868 -9.308826
v -0.690424 -9.829941 -4.159890
v 0.294334 -9.907290 -4.114782
v 0.275309 -12.416212 -3.964636
v -0.533430 -13.649128 -3.908057
v -0.247598 -13.720263 -3.848460
v -0.022046 -15.391813 -3.570935
v -0.312273 -14.590733 -3.853364
v -0.541559 -13.645773 -4.078355
v -0.640435 -12.497103 -4.020000
v -0.680809 -12.334949 -4.241789
v 0.673867 -12.415709 -4.234068
v 0.608591 -8.821238 -9.366488
v -0.649646 -8.594658 -9.215782
v -0.453908 -9.695221 -10.052079
v 0.797420 -7.138763 -8.391127
v 0.638144 -5.907841 -8.205265
v 0.514136 -8.569820 -9.631441
v 0.409009 -9.893368 -10.231233
v 0.255601 -10.492041 -10.814385
v -0.255057 -10.492811 -10.815770
v 0.008102 -10.903440 -11.430348
v 0.230365 -10.334339 -10.788428
v -0.000002 -10.360754 -10.866120
v -0.000002 -9.120495 -10.100085
v 0.264753 -9.075911 -10.014996
v 0.000002 -6.579597 -8.780707
v 0.365044 -6.579231 -8.702413
v 0.776625 -11.176201 -4.365559
v 1.325688 -13.248388 -4.517451
v 1.577289 -9.854099 -4.513654
v 0.776409 -8.792364 -4.213909
v 1.154274 -7.576614 -4.205715
v 1.536033 -7.509178 -4.329782
v 1.218490 -5.511017 -3.860129
v 0.958616 -2.212944 -2.701795
v 1.259039 -1.073463 -2.168952
v 0.857654 -1.378277 -2.096349
v 0.464924 -2.302761 -2.616991
v 1.012611 -3.091831 -3.123235
v 1.109401 -4.226166 -3.519104
v 1.564733 -4.532295 -3.866869
v 1.893167 -7.347109 -4.516459
v 2.148461 -9.930368 -4.853596
v 2.200223 -5.476669 -4.785763
v 1.817500 -4.362743 -4.081717
v 2.362398 -8.539650 -5.059282
v 1.526672 -2.886421 -3.395597
v 1.811337 -2.978382 -3.887126
v 2.203115 -4.773029 -5.019004
v 1.704163 -1.890469 -4.159503
v 1.461935 -2.229198 -4.963981
v 1.443455 -1.190121 -3.909461
v 1.893748 -3.728203 -5.434066
v 2.057806 -3.983559 -5.124113
v 1.748293 -1.971252 -3.694681
v 1.602143 -1.622955 -3.085899
v 1.408641 -1.809048 -2.832327
v 0.587823 -1.714687 -5.119217
v 0.532907 -1.006886 -4.408401
v 1.131790 -2.778275 -5.706369
v 0.767602 -0.497093 -3.676777
v 0.994822 -1.079723 -4.266132
v 1.037445 -1.787342 -4.978145
v 1.367459 -0.568184 -3.158489
v 1.471957 -0.570877 -2.738975
v 1.474844 -0.627762 -2.456535
v 1.321383 -0.520748 -1.844707
v 1.241760 -0.110256 -2.244596
v 1.153921 0.053371 -1.175226
v 1.132488 -0.043400 -0.857072
v 1.007082 -0.164013 -0.435121
v 1.070658 -0.505402 -1.216052
v 0.787090 -0.356770 -0.404160
v 0.735437 -0.666656 -1.114698
v 0.482445 -0.457279 -0.386341
v 0.552136 -0.304409 0.203870
v 0.784019 -0.176674 0.204275
v 0.912244 0.015320 0.204016
v 0.877979 0.205631 0.203881
v 0.997992 -0.883247 -1.662910
v 0.540546 -1.149700 -1.748769
v 0.819262 0.094688 -2.475844
v 0.470252 0.132389 -2.558955
v 0.661238 0.367165 -1.491746
v 0.220207 0.496864 -0.408312
v 0.721741 0.417915 -0.547076
v 0.536412 0.467487 0.203214
v 0.863835 0.310257 -0.191659
v 1.097699 0.129677 -1.678200
v 1.167953 -0.230865 -2.840361
v 0.743122 -0.205536 -3.216729
v -0.566039 0.452271 0.203196
v -0.509302 0.472607 -0.341986
v -0.365049 -6.579227 -8.702407
v -0.514136 -8.569820 -9.631442
v -0.638144 -5.907841 -8.205265
v -0.356958 -9.512743 -10.216327
v -0.195083 -10.473331 -10.920684
v 0.464892 -14.021029 -3.839650
v 0.317886 -14.574368 -3.852858
v 0.547883 -13.611685 -4.077914
v 0.640436 -12.497107 -4.020000
v 0.398559 0.008381 -3.095807
v 0.656250 -6.933720 -4.004128
v -4.039723 -16.672777 -8.243514
v -3.926501 -17.320974 -9.589343
v -4.260483 -18.166386 -9.218152
v -4.152851 -18.377939 -10.226595
v -4.467789 -19.345125 -10.908222
v -4.139146 -19.079020 -11.539054
v -4.738100 -19.939114 -12.167896
v -3.922256 -19.016808 -11.541878
v -4.419622 -19.422398 -10.669943
v -3.351129 -17.966759 -10.968735
v -3.626930 -18.046122 -10.988908
v -3.196084 -16.677732 -10.425690
v -3.513784 -17.009836 -10.207417
v -3.842258 -17.604866 -9.308819
v -4.250364 -18.673899 -9.447611
v 2.581861 -12.487047 -9.239177
v 2.591825 -12.489010 -9.249657
v 2.575696 -12.499962 -9.254606
v 2.593853 -12.499008 -9.259760
v 2.621804 -12.542213 -9.209101
v 2.609531 -12.531380 -9.198144
v 2.603651 -12.543171 -9.203938
v 2.587059 -12.538181 -9.207128
v 2.596514 -12.518448 -9.197331
v 2.573869 -12.529692 -9.215500
v 2.584205 -12.506823 -9.204567
v 2.574820 -12.498720 -9.218133
v 2.592288 -12.484001 -9.222931
v 2.607637 -12.487240 -9.239793
v 2.610452 -12.503984 -9.256527
v 2.587959 -12.510799 -9.265543
v 2.621171 -12.523035 -9.200530
v 2.614833 -12.504543 -9.200922
v 2.604316 -12.490377 -9.209093
v 2.621131 -12.493713 -9.228546
v 2.623601 -12.512466 -9.248150
v 2.600957 -12.523739 -9.266369
v 2.613263 -12.535337 -9.259120
v 2.622660 -12.543444 -9.245577
v 2.631671 -12.522898 -9.236317
v 2.629664 -12.506935 -9.218390
v 2.630794 -12.524309 -9.211487
v 2.632275 -12.533794 -9.222492
v 2.626703 -12.546148 -9.227861
v 2.615656 -12.555103 -9.224514
v 2.605228 -12.558153 -9.240759
v 2.593167 -12.551800 -9.254620
v 2.582637 -12.537626 -9.262769
v 2.576305 -12.519129 -9.263169
v 2.786913 -12.552544 -8.768938
v 2.888634 -12.482714 -8.674410
v 2.911893 -12.560772 -8.696355
v 2.987494 -12.543558 -8.631023
v 2.996979 -12.459850 -8.574045
v 2.998220 -12.879025 -8.739117
v 2.948005 -12.723188 -8.706781
v 3.078269 -12.871494 -8.676329
v 2.909676 -12.860680 -8.792293
v 2.821832 -12.815863 -8.834837
v 2.886444 -12.930571 -8.816968
v 2.754961 -12.859493 -8.880785
v 2.751403 -12.754192 -8.870520
v 2.654749 -12.770620 -8.939603
v 2.706047 -12.659439 -8.857744
v 2.786552 -12.675974 -8.817746
v 2.842437 -12.606062 -8.759308
v 3.051819 -12.559229 -8.578766
v 3.078239 -12.496489 -8.495647
v 3.095027 -12.598030 -8.548978
v 3.118026 -12.641256 -8.543396
v 3.115884 -12.696606 -8.567836
v 3.130331 -12.839258 -8.618172
v 3.137517 -12.561665 -8.450764
v 3.170766 -12.626451 -8.441007
v 3.169921 -12.694874 -8.476452
v 3.148616 -12.747072 -8.558870
v 3.151180 -12.792624 -8.577329
v 3.193107 -12.898281 -8.552940
v 3.131744 -12.950710 -8.640643
v 3.017901 -12.961006 -8.737815
v 3.214602 -12.826330 -8.489527
v 3.209499 -12.759329 -8.460571
v 3.073721 -13.232365 -8.914836
v 3.123496 -13.333931 -8.884011
v 3.073428 -13.328768 -8.941856
v 3.145702 -13.289238 -8.830889
v 3.088063 -13.202988 -8.878433
v 2.878737 -13.191086 -9.097178
v 2.892574 -13.062380 -8.951976
v 2.939303 -13.247616 -9.077607
v 2.859831 -13.270390 -9.154178
v 2.941980 -13.348486 -9.113543
v 2.988173 -13.272554 -9.041104
v 3.010154 -13.383722 -9.051826
v 3.019399 -13.270203 -9.003314
v 3.055403 -13.381380 -8.994985
v 3.032252 -13.231535 -8.959134
v 3.083175 -13.147600 -8.844398
v 3.047982 -13.073748 -8.824919
v 2.981813 -12.997053 -8.826571
v 2.900532 -12.935234 -8.848279
v 3.147570 -13.204941 -8.778518
v 3.117171 -13.092806 -8.749645
v 3.022838 -12.976179 -8.753620
v 2.901000 -12.884521 -8.788797
v 2.811375 -12.891436 -8.890480
v 2.731679 -12.862585 -8.946342
v 2.738010 -12.941690 -9.004646
v 2.660623 -12.892691 -9.017401
v 2.701409 -13.022139 -9.098085
v 2.767441 -13.026745 -9.057481
v 2.816581 -13.111166 -9.089548
v 2.654742 -12.770773 -8.939631
v 2.769321 -12.818701 -8.856334
v 2.771789 -13.149307 -9.147090
v 2.643548 -12.827494 -9.039936
v 2.654653 -12.770702 -8.939711
v 2.697939 -12.901953 -8.985460
v 2.575934 -12.747908 -9.056006
v 2.594698 -12.807495 -9.121597
v 2.516433 -12.738995 -9.197969
v 2.519677 -12.869181 -9.394321
v 2.477763 -12.767986 -9.337696
v 2.532902 -12.823523 -9.309285
v 2.557146 -12.802822 -9.215767
v 2.614774 -12.954638 -9.249219
v 2.677611 -12.915792 -9.071560
v 2.742908 -13.032616 -9.061792
v 2.708073 -13.000879 -9.124027
v 2.720912 -13.071957 -9.193706
v 2.712647 -13.125975 -9.274359
v 2.684710 -13.149670 -9.347291
v 2.649011 -13.142767 -9.400296
v 2.618765 -13.116814 -9.428721
v 2.591773 -13.062401 -9.428688
v 2.520509 -12.929907 -9.450324
v 2.763190 -13.140999 -9.164461
v 2.745780 -13.222427 -9.282810
v 2.687523 -13.251223 -9.381392
v 2.626033 -13.237253 -9.457125
v 2.579458 -13.199665 -9.499046
v 2.550087 -13.128115 -9.498800
v 2.556740 -13.033484 -9.467889
v 2.534949 -12.989550 -9.472294
v 2.452384 -12.935026 -9.530686
v 2.453290 -12.839079 -9.461273
v 2.501660 -13.094807 -9.548571
v 2.471156 -13.028582 -9.555653
v -2.582915 -24.553915 -16.092411
v -2.596189 -24.530155 -16.097797
v -2.575596 -24.526323 -16.100288
v -2.557781 -24.535908 -16.093136
v -2.577323 -24.510323 -15.995805
v -2.563637 -24.496513 -16.004066
v -2.590588 -24.486584 -16.001194
v -2.568970 -24.533045 -16.004868
v -2.545794 -24.510357 -16.018585
v -2.564813 -24.551682 -16.022591
v -2.538145 -24.526398 -16.038843
v -2.541682 -24.541737 -16.060680
v -2.542262 -24.514669 -16.081730
v -2.570527 -24.500166 -16.093021
v -2.604527 -24.507441 -16.088724
v -2.609849 -24.544001 -16.089535
v -2.564451 -24.478542 -16.015554
v -2.546190 -24.481850 -16.037468
v -2.538119 -24.494949 -16.061474
v -2.569999 -24.479366 -16.074982
v -2.608684 -24.488857 -16.071043
v -2.627698 -24.530155 -16.075027
v -2.609007 -24.561954 -16.078039
v -2.574197 -24.468029 -16.050270
v -2.635366 -24.514122 -16.054798
v -2.627306 -24.558712 -16.056158
v -2.635392 -24.545555 -16.032139
v -2.631288 -24.525829 -16.011938
v -2.631847 -24.498751 -16.032990
v -2.608386 -24.476635 -16.048054
v -2.582072 -24.469406 -16.023907
v -2.602871 -24.474186 -16.022892
v -2.616757 -24.487671 -16.013660
v -2.615751 -24.504581 -16.000500
v -2.556777 -24.552826 -16.079983
v -2.570614 -24.566288 -16.070717
v -2.565085 -24.563860 -16.045561
v -2.599278 -24.572491 -16.043346
v -2.591384 -24.571062 -16.069683
v -2.603484 -24.561104 -16.018593
v -2.602969 -24.540272 -16.000578
v -2.597942 -24.514156 -15.993342
v -2.989574 -24.964914 -16.251778
v -2.977061 -25.001236 -16.246899
v -2.998972 -25.002876 -16.228634
v -2.952463 -24.989418 -16.255337
v -3.008998 -24.970613 -16.233860
v -3.012752 -24.993832 -16.205116
v -2.988044 -24.929935 -16.231916
v -2.964795 -24.957767 -16.259720
v -2.931188 -24.970497 -16.251625
v -2.975147 -24.910942 -16.199127
v -2.979894 -24.933784 -16.160095
v -2.955288 -24.922028 -16.168535
v -2.996697 -24.923603 -16.187643
v -3.007087 -24.939659 -16.216984
v -3.018926 -24.973766 -16.208977
v -3.014146 -24.975273 -16.180492
v -3.001168 -24.952702 -16.163799
v -3.011571 -24.945843 -16.181255
v -3.017845 -24.955065 -16.199169
v -2.993244 -24.972408 -16.160500
v -2.967589 -24.965496 -16.155712
v -2.942780 -24.958361 -16.163633
v -2.933378 -24.920399 -16.186771
v -2.951634 -24.910212 -16.213390
v -2.964249 -24.926819 -16.241997
v -2.939150 -24.950836 -16.254936
v -2.918232 -24.947969 -16.234966
v -2.993334 -24.991131 -16.170868
v -2.968088 -24.996414 -16.173370
v -2.944267 -24.993317 -16.183468
v -2.923352 -24.952673 -16.181572
v -2.919611 -24.929440 -16.210316
v -2.931146 -24.922482 -16.227072
v -2.939041 -24.932110 -16.244553
v -2.913431 -24.949482 -16.206459
v -2.920821 -24.977402 -16.234200
v -2.925216 -24.983551 -16.198429
v -2.935662 -24.999651 -16.227818
v -2.914515 -24.968180 -16.216286
v -2.957224 -25.012383 -16.216324
v -2.980720 -25.013084 -16.202011
v -3.001195 -25.000784 -16.188332
v -2.195124 -24.531803 -16.461143
v -2.198744 -24.514938 -16.435516
v -2.203613 -24.504971 -16.453724
v -2.199296 -24.507706 -16.474010
v -2.189956 -24.520649 -16.487568
v -2.190173 -24.484653 -16.481043
v -2.197401 -24.479321 -16.447330
v -2.189394 -24.494278 -16.417896
v -2.168349 -24.520912 -16.415447
v -2.147386 -24.504646 -16.409328
v -2.128500 -24.527832 -16.436054
v -2.127133 -24.487394 -16.415150
v -2.111460 -24.508320 -16.438271
v -2.111696 -24.472370 -16.431728
v -2.102338 -24.485264 -16.445324
v -2.106523 -24.461227 -16.458187
v -2.170382 -24.474014 -16.411137
v -2.178265 -24.538408 -16.486137
v -2.174516 -24.505611 -16.504162
v -2.173146 -24.465178 -16.483265
v -2.180624 -24.458120 -16.444534
v -2.146439 -24.459507 -16.416725
v -2.123368 -24.454609 -16.433155
v -2.156651 -24.445370 -16.445950
v -2.154278 -24.488314 -16.509964
v -2.155219 -24.533485 -16.502590
v -2.131290 -24.518929 -16.508205
v -2.112305 -24.498703 -16.501465
v -2.133321 -24.472086 -16.503887
v -2.151084 -24.451817 -16.480532
v -2.129998 -24.445087 -16.451275
v -2.102924 -24.478062 -16.483822
v -2.116017 -24.461117 -16.486008
v -2.126865 -24.448582 -16.472275
v -2.299752 -24.887260 -16.876995
v -2.316072 -24.918219 -16.880108
v -2.314075 -24.912369 -16.854004
v -2.288082 -24.888308 -16.900238
v -2.273743 -24.869968 -16.861275
v -2.297265 -24.909462 -16.830753
v -2.311778 -24.932035 -16.846115
v -2.312846 -24.950171 -16.868359
v -2.306414 -24.923700 -16.904581
v -2.287436 -24.927685 -16.923195
v -2.271806 -24.896044 -16.918941
v -2.261929 -24.929539 -16.931385
v -2.252775 -24.910339 -16.928997
v -2.234156 -24.930233 -16.923279
v -2.302145 -24.960365 -16.892822
v -2.282375 -24.960148 -16.913460
v -2.258207 -24.949650 -16.924940
v -2.235747 -24.900648 -16.920414
v -2.244030 -24.879211 -16.905102
v -2.257663 -24.868465 -16.883667
v -2.229288 -24.879414 -16.861168
v -2.249073 -24.879665 -16.840561
v -2.225016 -24.916096 -16.849445
v -2.218587 -24.889591 -16.885658
v -2.215358 -24.921558 -16.873943
v -2.219654 -24.907677 -16.907887
v -2.217378 -24.927399 -16.900051
v -2.304410 -24.893692 -16.852425
v -2.288668 -24.883644 -16.842541
v -2.273237 -24.890129 -16.829117
v -2.244014 -24.912113 -16.830822
v -2.243322 -24.951441 -16.853743
v -2.231685 -24.952518 -16.877045
v -2.227068 -24.946095 -16.901649
v -2.295705 -24.939091 -16.833607
v -2.278709 -24.929440 -16.825026
v -2.259629 -24.943737 -16.835045
v -2.287399 -24.960545 -16.848881
v -2.269506 -24.910202 -16.822651
v -2.273748 -24.971323 -16.870327
v -2.257697 -24.969837 -16.892752
v -2.242780 -24.956123 -16.911510
v -2.758106 -25.233210 -16.754509
v -2.774199 -25.219376 -16.757368
v -2.760300 -25.196072 -16.761723
v -2.783769 -25.240139 -16.738695
v -2.755362 -25.246426 -16.737774
v -2.766476 -25.251650 -16.720123
v -2.785110 -25.248005 -16.710140
v -2.749708 -25.246296 -16.701164
v -2.730850 -25.238033 -16.730309
v -2.734324 -25.217325 -16.757429
v -2.716864 -25.196747 -16.748135
v -2.746733 -25.173668 -16.753513
v -2.709842 -25.176794 -16.728939
v -2.714202 -25.220753 -16.717871
v -2.707904 -25.199028 -16.703024
v -2.736201 -25.230480 -16.685581
v -2.727361 -25.208258 -16.675186
v -2.756460 -25.201347 -16.656895
v -2.742563 -25.178095 -16.661278
v -2.758651 -25.164242 -16.664143
v -2.733010 -25.157347 -16.679939
v -2.780327 -25.240856 -16.684036
v -2.770071 -25.223825 -16.665127
v -2.782446 -25.180073 -16.661224
v -2.799939 -25.200697 -16.670525
v -2.806923 -25.220625 -16.689713
v -2.801729 -25.234886 -16.714127
v -2.725046 -25.182678 -16.672066
v -2.713546 -25.176823 -16.688763
v -2.715041 -25.162586 -16.704510
v -2.736428 -25.156584 -16.734570
v -2.780559 -25.167021 -16.733051
v -2.789383 -25.189205 -16.743435
v -2.791730 -25.214787 -16.746567
v -2.731638 -25.149464 -16.708473
v -2.767042 -25.151178 -16.717464
v -2.785907 -25.159414 -16.688354
v -2.802577 -25.176716 -16.700809
v -2.808855 -25.198418 -16.715639
v -2.803222 -25.220572 -16.729858
v -2.750282 -25.145819 -16.698486
v -2.761382 -25.151031 -16.680862
v -2.542785 -24.654572 -16.214577
v -2.520427 -24.661366 -16.183613
v -2.491092 -24.742115 -16.211357
v -2.510118 -24.743240 -16.245934
v -2.565937 -24.573513 -16.157921
v -2.541091 -24.587900 -16.132336
v -2.584579 -24.680296 -16.191959
v -2.553074 -24.766850 -16.222340
v -2.471814 -24.831512 -16.253723
v -2.455885 -24.824860 -16.217537
v -2.505512 -24.849508 -16.199146
v -2.417894 -24.906433 -16.211761
v -2.540694 -24.767710 -16.192432
v -2.569638 -24.688473 -16.164751
v -2.589839 -24.616344 -16.114185
v -2.551357 -24.530659 -16.061363
v -2.576288 -24.509113 -16.082973
v -2.606817 -24.601374 -16.136803
v -2.515964 -24.853804 -16.229500
v -2.431489 -24.917835 -16.247622
v -2.468106 -24.930561 -16.193539
v -2.409525 -24.961388 -16.237720
v -2.397299 -24.947790 -16.201759
v -2.447474 -24.971668 -16.184044
v -2.597915 -24.558029 -16.045265
v -2.617681 -24.539433 -16.062778
v -2.476306 -24.938904 -16.223661
v -2.454724 -24.981874 -16.213673
v -2.352468 -24.818844 -16.351868
v -2.350665 -24.906029 -16.310104
v -2.319463 -24.900108 -16.304317
v -2.321145 -24.816998 -16.344341
v -2.311471 -24.732368 -16.380093
v -2.342022 -24.729486 -16.390030
v -2.282286 -24.649576 -16.407303
v -2.294563 -24.755589 -16.431496
v -2.265202 -24.671974 -16.459255
v -2.304209 -24.840595 -16.395012
v -2.302452 -24.924271 -16.354961
v -2.295317 -24.966379 -16.332157
v -2.312362 -24.942114 -16.281826
v -2.343379 -24.949776 -16.286482
v -2.327534 -24.973850 -16.336506
v -2.334888 -24.929811 -16.360138
v -2.336848 -24.842087 -16.402178
v -2.326341 -24.751930 -16.440025
v -2.310148 -24.639719 -16.419598
v -2.255595 -24.556824 -16.436703
v -2.232134 -24.573524 -16.422958
v -2.294355 -24.661068 -16.469608
v -2.239454 -24.577175 -16.486792
v -2.168055 -24.509775 -16.490231
v -2.184760 -24.490025 -16.438950
v -2.165105 -24.512005 -16.426228
v -2.147443 -24.532509 -16.476246
v -2.214582 -24.595024 -16.475212
v -2.624721 -25.012836 -16.312271
v -2.534519 -25.027739 -16.283543
v -2.550999 -25.059380 -16.292782
v -2.610359 -24.979887 -16.303596
v -2.611218 -24.969681 -16.268278
v -2.691600 -24.931242 -16.278477
v -2.793600 -24.952160 -16.314074
v -2.786873 -24.918232 -16.304901
v -2.693808 -24.940945 -16.313240
v -2.704899 -24.974289 -16.321995
v -2.712670 -24.993292 -16.296841
v -2.637908 -25.029133 -16.287415
v -2.626033 -24.990829 -16.248676
v -2.556470 -25.034946 -16.230165
v -2.792720 -24.973228 -16.289751
v -2.700721 -24.954517 -16.257915
v -2.781019 -24.934078 -16.250957
v -2.568421 -25.073288 -16.269238
v -2.523889 -25.062294 -16.215843
v -2.535614 -25.100281 -16.254808
v -2.516546 -25.087852 -16.277725
v -2.498937 -25.056726 -16.268219
v -2.537559 -25.016438 -16.248768
v -2.780630 -24.909105 -16.270988
v -2.882119 -24.917383 -16.275799
v -2.503032 -25.044815 -16.233562
v -2.872122 -24.908115 -16.243225
v -2.968503 -24.937534 -16.230114
v -2.884675 -24.951206 -16.286091
v -2.967450 -24.972481 -16.241634
v -2.875171 -24.972498 -16.264153
v -2.951353 -24.990782 -16.220192
v -2.863890 -24.933201 -16.225441
v -2.941315 -24.954128 -16.184341
v -2.954624 -24.928223 -16.197262
v -2.520689 -25.033213 -16.516769
v -2.513225 -24.925762 -16.564518
v -2.455096 -24.994486 -16.537056
v -2.566288 -24.957094 -16.548115
v -2.568578 -24.856085 -16.533890
v -2.588838 -24.868034 -16.527615
v -2.588322 -24.829487 -16.499653
v -2.552517 -24.838219 -16.529842
v -2.471185 -24.878998 -16.553921
v -2.403143 -24.936684 -16.523956
v -2.374367 -24.989258 -16.451401
v -2.416404 -25.036034 -16.462006
v -2.469465 -25.067366 -16.445591
v -2.519336 -25.074863 -16.406563
v -2.451227 -25.049341 -16.346832
v -2.552648 -25.056522 -16.355370
v -2.423598 -25.017090 -16.325232
v -2.432172 -25.046457 -16.361732
v -2.411916 -25.034498 -16.368008
v -2.395855 -25.016638 -16.363962
v -2.463944 -25.042316 -16.327271
v -2.466948 -25.027336 -16.308327
v -2.560477 -25.017252 -16.305731
v -2.459402 -25.008354 -16.295044
v -2.443339 -24.990482 -16.290989
v -2.423081 -24.978531 -16.297260
v -2.404028 -24.975664 -16.312168
v -2.445632 -24.889475 -16.276768
v -2.498690 -24.920813 -16.260357
v -2.540731 -24.967575 -16.270954
v -2.633183 -24.971272 -16.343906
v -2.623506 -25.019823 -16.405262
v -2.582326 -25.042494 -16.468536
v -2.616156 -24.964596 -16.509075
v -2.607890 -24.870916 -16.512718
v -2.649474 -24.946255 -16.457886
v -2.657300 -24.906986 -16.408257
v -2.620608 -24.863892 -16.493156
v -2.623612 -24.848915 -16.474209
v -2.637554 -24.857313 -16.373486
v -2.608777 -24.909878 -16.300911
v -2.556824 -24.852089 -16.287825
v -2.491231 -24.813354 -16.308102
v -2.395762 -24.881973 -16.315800
v -2.362445 -24.900318 -16.366991
v -2.391310 -24.982681 -16.331730
v -2.388307 -24.997654 -16.350676
v -2.595518 -24.810535 -16.362877
v -2.616065 -24.829933 -16.460917
v -2.354614 -24.939589 -16.416626
v -2.544971 -24.819239 -16.516556
v -2.451441 -24.829313 -16.519144
v -2.378737 -24.875290 -16.480980
v -2.388414 -24.826756 -16.419630
v -2.429591 -24.804089 -16.356356
v -2.542453 -24.779203 -16.379292
v -2.600004 -24.812067 -16.456875
v -2.579749 -24.800110 -16.463146
v -2.459269 -24.790045 -16.469513
v -2.492584 -24.771702 -16.418316
v -2.560693 -24.797243 -16.478050
v -2.547971 -24.804260 -16.497608
v -2.150514 -24.541126 -16.438721
v -2.185640 -24.531921 -16.433338
v -2.174725 -24.544430 -16.447014
v -2.171627 -24.547945 -16.468014
v -2.144974 -24.547619 -16.473351
v -2.121045 -24.534887 -16.474819
v -2.104274 -24.513657 -16.472034
v -2.098065 -24.488037 -16.465637
v -2.257807 -24.886759 -16.863007
v -2.291105 -24.899565 -16.772648
v -2.244373 -24.912472 -16.850212
v -2.309049 -24.874704 -16.780640
v -2.298850 -24.931393 -16.881138
v -2.323563 -24.907185 -16.687763
v -2.344265 -24.883047 -16.687893
v -2.338197 -24.933397 -16.603558
v -2.360046 -24.911179 -16.595879
v -2.358267 -24.954090 -16.510944
v -2.400234 -24.954906 -16.614697
v -2.398921 -24.997906 -16.530058
v -2.374125 -24.973009 -16.620506
v -2.372622 -25.013386 -16.540764
v -2.336812 -24.974245 -16.523861
v -2.326088 -25.022213 -16.448797
v -2.362237 -25.061249 -16.465797
v -2.315683 -25.050941 -16.413063
v -2.351883 -25.089693 -16.429852
v -2.376915 -25.077824 -16.413548
v -2.387759 -25.048037 -16.451126
v -2.346946 -25.004448 -16.432041
v -2.335998 -25.034164 -16.394367
v -2.278534 -24.950691 -16.865095
v -2.327000 -24.939659 -16.788738
v -2.359413 -24.947166 -16.704380
v -2.384120 -24.926846 -16.706276
v -2.348883 -24.918606 -16.798527
v -2.471367 -25.115803 -16.418049
v -2.434425 -25.104477 -16.378845
v -2.445245 -25.135120 -16.387234
v -2.508107 -25.085827 -16.370077
v -2.480384 -25.105986 -16.337639
v -2.462359 -25.084299 -16.411148
v -2.524075 -25.092449 -16.479351
v -2.518258 -25.059587 -16.476315
v -2.577540 -25.082191 -16.542150
v -2.564184 -25.061321 -16.435102
v -2.565637 -25.094124 -16.441940
v -2.513163 -25.117266 -16.380478
v -2.780228 -25.178799 -16.685925
v -2.690776 -25.108124 -16.676283
v -2.733885 -25.176901 -16.728653
v -2.680011 -25.135647 -16.661964
v -2.630458 -25.095528 -16.604080
v -2.635639 -25.063866 -16.612186
v -2.576418 -25.048815 -16.543530
v -2.621833 -25.050743 -16.502552
v -2.619421 -25.084068 -16.504360
v -2.486727 -25.136391 -16.349815
v -2.722185 -25.199841 -16.708439
v -2.735391 -25.110241 -16.635178
v -2.680646 -25.065983 -16.571205
v -2.672189 -25.097614 -16.566006
v -2.721465 -25.137775 -16.623672
v -2.760306 -25.201874 -16.672623
v -2.098605 -25.084141 -17.176399
v -2.191788 -25.031277 -16.826887
v -2.063528 -25.023499 -17.122643
v -2.152576 -25.131907 -17.174099
v -2.226078 -25.175316 -17.128433
v -2.369581 -25.114841 -16.602379
v -2.377418 -25.170586 -16.745003
v -2.346146 -25.036541 -16.482994
v -2.238705 -24.956266 -16.548229
v -2.137484 -24.882061 -16.645144
v -1.863473 -24.748081 -16.933010
v -1.822324 -24.820351 -17.087997
v -1.958229 -24.860571 -17.015007
v -1.987761 -24.830181 -16.898937
v -2.052864 -24.838242 -16.765331
v -2.092748 -24.820827 -16.558891
v -2.249764 -24.930809 -16.417915
v -2.412307 -25.041286 -16.319679
v -2.433440 -25.163193 -16.492626
v -2.446517 -25.252676 -16.706249
v -2.354650 -25.197750 -16.891834
v -2.300354 -25.199589 -17.030758
v -1.963118 -24.753551 -16.736427
v -2.413868 -25.297947 -16.924576
v -2.327009 -25.306540 -17.126740
v -2.206998 -25.271130 -17.251791
v -2.090090 -25.208117 -17.309208
v -2.008484 -25.139294 -17.312271
v -1.969742 -25.058014 -17.243999
v -1.996968 -24.965126 -17.133234
v -1.965699 -24.913074 -17.094761
v -1.836304 -24.911037 -17.201355
v -1.881001 -24.990074 -17.258123
v -2.680899 -24.313774 -15.582974
v -2.504242 -24.642658 -15.949323
v -2.587552 -24.299400 -15.645669
v -2.505043 -24.223339 -15.635056
v -2.414885 -24.200100 -15.688504
v -2.315427 -24.215668 -15.792741
v -2.238025 -24.293533 -15.929276
v -2.209846 -24.456684 -16.071482
v -2.232343 -24.655472 -16.178535
v -2.307480 -24.866928 -16.254128
v -2.412621 -25.041294 -16.319363
v -2.579705 -24.992123 -16.185928
v -2.736009 -24.905437 -16.037783
v -2.848673 -24.772228 -15.891438
v -2.897393 -24.613083 -15.748067
v -2.845997 -24.491222 -15.634198
v -2.764623 -24.380341 -15.584643
v -1.826705 -24.397659 -16.562931
v -1.677747 -24.331802 -16.598289
v -1.718043 -24.436897 -16.688751
v -1.832693 -24.355347 -16.504604
v -1.684461 -24.270599 -16.510162
v -1.754859 -24.262917 -16.421398
v -1.926772 -24.196964 -16.156857
v -1.814212 -24.175091 -16.246006
v -1.927124 -24.281879 -16.304485
v -1.887236 -24.292452 -16.363989
v -1.752841 -24.191921 -16.333200
v -1.883631 -24.350407 -16.431368
v -2.081052 -24.602509 -16.392551
v -1.853864 -24.473606 -16.615170
v -1.810624 -24.576662 -16.739319
v -1.919164 -24.577038 -16.635967
v -1.953343 -24.741562 -16.707293
v -2.012126 -24.691767 -16.610260
v -2.102519 -24.885712 -16.608322
v -2.111023 -24.790737 -16.545624
v -1.999735 -24.304758 -16.246193
v -2.246542 -24.633245 -16.215649
v -2.288560 -24.774485 -16.269978
v -2.313656 -24.897896 -16.347586
v -2.213090 -24.862633 -16.449127
v -2.258059 -24.989817 -16.460060
v -2.412367 -25.041142 -16.319527
v -2.367497 -24.862377 -16.206131
v -2.304866 -24.651798 -16.119267
v -2.179970 -24.497126 -16.194805
v -2.090837 -24.378183 -16.205429
v -2.068950 -24.278095 -16.096664
v -2.206589 -24.448692 -16.083862
v -3.396159 -25.216635 -15.994943
v -2.907197 -25.100471 -16.108763
v -3.335833 -25.133678 -15.947503
v -3.360868 -25.069351 -15.857970
v -3.312783 -24.988958 -15.806199
v -3.207398 -24.893620 -15.780597
v -3.050136 -24.821810 -15.801431
v -2.851042 -24.813232 -15.884034
v -2.668234 -24.864491 -16.000751
v -2.517746 -24.957979 -16.152050
v -2.412665 -25.041397 -16.319443
v -2.580000 -25.162758 -16.369247
v -2.778955 -25.264091 -16.402935
v -2.988812 -25.324940 -16.389311
v -3.189277 -25.349895 -16.318008
v -3.314460 -25.337284 -16.195669
v -3.383134 -25.281914 -16.079113
v -2.508492 -25.130917 -16.427597
v -2.412467 -25.041355 -16.319588
v -2.378353 -25.120306 -16.515411
v -2.594552 -25.141899 -16.298870
v -2.637644 -25.190662 -16.414967
v -2.797229 -25.239616 -16.325096
v -2.968074 -25.403316 -16.577774
v -2.968262 -25.346527 -16.405746
v -2.884215 -25.325214 -16.492018
v -2.770911 -25.254379 -16.435299
v -2.704561 -25.331911 -16.656475
v -2.485648 -25.178619 -16.564335
v -2.384133 -25.204941 -16.731281
v -2.492776 -25.233120 -16.707695
v -2.534939 -25.299910 -16.832214
v -2.606674 -25.378582 -16.927874
v -2.691952 -25.450817 -16.971321
v -2.772645 -25.499531 -16.965454
v -2.832558 -25.518623 -16.930557
v -2.873183 -25.501240 -16.853020
v -3.001529 -25.471012 -16.672794
v -2.443610 -25.305016 -16.919548
v -2.548535 -25.428421 -17.057255
v -2.669996 -25.546597 -17.094345
v -2.790044 -25.624542 -17.072479
v -2.878359 -25.655542 -17.019896
v -2.930289 -25.625645 -16.923347
v -2.950023 -25.526039 -16.817631
v -2.988606 -25.513176 -16.757797
v -3.116558 -25.574656 -16.666479
v -3.088121 -25.470224 -16.530245
v -3.026433 -25.664646 -16.878183
v -3.084696 -25.642702 -16.790380
v -2.055220 -24.618645 -16.374741
v 2.817819 -12.351326 -8.886303
v 2.812937 -12.346579 -8.899156
v 2.798446 -12.345531 -8.886990
v 2.821656 -12.357321 -8.910069
v 2.800658 -12.343756 -8.906527
v 2.801480 -12.352526 -8.922590
v 2.786305 -12.345049 -8.904197
v 2.778408 -12.354277 -8.919495
v 2.789004 -12.405706 -8.929599
v 2.779872 -12.388977 -8.933924
v 2.802833 -12.385683 -8.936109
v 2.802144 -12.367645 -8.932912
v 2.776040 -12.370274 -8.930239
v 2.824776 -12.372629 -8.918398
v 2.830297 -12.365053 -8.889009
v 2.811123 -12.356588 -8.874376
v 2.820233 -12.373339 -8.870095
v 2.835024 -12.382147 -8.895011
v 2.824091 -12.392006 -8.873775
v 2.796890 -12.359011 -8.872770
v 2.797291 -12.376619 -8.867894
v 2.797987 -12.394663 -8.871113
v 2.821742 -12.408012 -8.884562
v 2.831518 -12.398693 -8.903109
v 2.822724 -12.389513 -8.923285
v 2.803231 -12.403280 -8.931229
v 2.801684 -12.416744 -8.917017
v 2.784860 -12.356819 -8.880339
v 2.777407 -12.372757 -8.880712
v 2.775346 -12.389669 -8.885617
v 2.798675 -12.409765 -8.881449
v 2.813842 -12.417234 -8.899838
v 2.820254 -12.411180 -8.911481
v 2.815275 -12.405441 -8.923666
v 2.799483 -12.418514 -8.897507
v 2.778483 -12.404978 -8.893927
v 2.769823 -12.397245 -8.914988
v 2.782322 -12.410954 -8.917662
v 2.787207 -12.415689 -8.904837
v 2.765105 -12.380114 -8.908970
v 2.768640 -12.363571 -8.900887
v 2.779892 -12.351093 -8.892548
v -2.167467 -25.055212 -16.817955
v 2.589865 -12.554945 -9.223912
v 2.576328 -12.548500 -9.235171
v 2.605678 -12.553165 -9.214064
v 2.567791 -12.535252 -9.245302
v 2.565805 -12.519253 -9.227344
v 2.570789 -12.496017 -9.235852
v 2.565212 -12.508366 -9.241215
v 2.566684 -12.517866 -9.252191
v 2.979702 -12.993544 -9.013947
v 2.963118 -13.002754 -9.028505
v 2.955481 -12.989147 -9.019032
v 2.989950 -13.007996 -9.013757
v 2.984687 -12.987150 -8.991571
v 2.948854 -12.982473 -9.001801
v 2.941993 -12.994333 -9.017778
v 2.941600 -13.011515 -9.027086
v 2.971345 -13.018976 -9.030428
v 2.978784 -13.034731 -9.024846
v 2.995190 -13.024521 -9.010290
v 2.983588 -13.046858 -9.012041
v 2.993598 -13.040642 -9.003466
v 2.982404 -13.051817 -8.993011
v 2.947431 -13.029984 -9.028953
v 2.958007 -13.045166 -9.022962
v 2.970602 -13.053312 -9.010400
v 2.996710 -13.037903 -8.989512
v 3.000876 -13.019693 -8.987444
v 2.996335 -13.001497 -8.988155
v 2.983764 -13.004328 -8.965859
v 2.973181 -12.989155 -8.971875
v 2.959854 -13.015350 -8.964404
v 2.989616 -13.022797 -8.967737
v 2.968106 -13.031578 -8.966325
v 2.989242 -13.039949 -8.977035
v 2.975746 -13.045187 -8.975818
v 2.965598 -12.983665 -9.010445
v 2.968237 -12.979794 -8.996843
v 2.960622 -12.981018 -8.984441
v 2.952412 -12.999588 -8.969994
v 2.941257 -13.026299 -8.981039
v 2.951513 -13.040787 -8.980891
v 2.965626 -13.050673 -8.984427
v 2.934520 -12.996393 -9.005325
v 2.937608 -12.993658 -8.991397
v 2.936002 -13.009790 -8.984534
v 2.930325 -13.014603 -9.007361
v 2.947644 -12.987455 -8.982791
v 2.934859 -13.032824 -9.006652
v 2.946509 -13.047180 -9.003265
v 2.962993 -13.054529 -8.998001
v 2.714290 -12.885084 -9.251722
v 2.723462 -12.903748 -9.248623
v 2.730517 -12.895170 -9.258173
v 2.737221 -12.908464 -9.269491
v 2.730092 -12.889315 -9.282361
v 2.726546 -12.883562 -9.266102
v 2.709480 -12.902914 -9.244918
v 2.726982 -12.898811 -9.296981
v 2.735154 -12.920950 -9.283295
v 2.726641 -12.922190 -9.254299
v 2.704219 -12.920168 -9.248364
v 2.685897 -12.905521 -9.253193
v 2.698336 -12.894304 -9.247746
v 2.694627 -12.882284 -9.254642
v 2.706328 -12.921165 -9.313502
v 2.690361 -12.930399 -9.309541
v 2.695215 -12.912521 -9.316320
v 2.718772 -12.909954 -9.308039
v 2.700465 -12.895313 -9.312884
v 2.725478 -12.929777 -9.296613
v 2.723465 -12.936958 -9.266544
v 2.698354 -12.933912 -9.259131
v 2.677667 -12.916685 -9.264269
v 2.679206 -12.885664 -9.264622
v 2.701662 -12.873064 -9.263480
v 2.714845 -12.944366 -9.282300
v 2.681206 -12.911728 -9.312629
v 2.674140 -12.920294 -9.303052
v 2.667447 -12.906992 -9.291739
v 2.674566 -12.926170 -9.278875
v 2.692867 -12.941624 -9.274902
v 2.703019 -12.942419 -9.297767
v 2.710039 -12.933201 -9.306607
v 2.678056 -12.893276 -9.306947
v 2.669498 -12.894529 -9.277984
v 2.681224 -12.878511 -9.294736
v 2.689861 -12.871092 -9.278950
v 2.689284 -12.941093 -9.292892
v 2.678110 -12.931913 -9.295142
v -2.690695 -25.361923 -16.644150
v 2.776324 -12.513126 -8.962339
v 2.734351 -12.562389 -8.946710
v 2.762007 -12.508652 -8.946456
v 2.746165 -12.571846 -8.962729
v 2.772498 -12.585741 -8.940718
v 2.803260 -12.525362 -8.940474
v 2.637909 -12.685692 -8.927274
v 2.631590 -12.670275 -8.913074
v 2.655393 -12.651512 -8.923223
v 2.662819 -12.666100 -8.937912
v 2.697146 -12.609549 -8.937466
v 2.706599 -12.621912 -8.953081
v 2.732612 -12.636986 -8.930698
v 2.760396 -12.575344 -8.919092
v 2.788790 -12.520849 -8.918867
v 2.820300 -12.459511 -8.928113
v 2.792947 -12.449112 -8.950114
v 2.777140 -12.450115 -8.935160
v 2.688132 -12.681747 -8.915194
v 2.662986 -12.701742 -8.904422
v 2.722471 -12.622662 -8.909793
v 2.680429 -12.664930 -8.895213
v 2.656277 -12.683563 -8.884968
v 2.793729 -12.386944 -8.927652
v 2.778400 -12.392590 -8.912940
v 2.822052 -12.396082 -8.904783
v 2.804293 -12.461302 -8.907486
v 2.803926 -12.402626 -8.886123
v -2.647411 -24.984016 -16.153105
v -2.916012 -25.075869 -16.132454
v -2.749133 -24.922340 -16.055901
v -3.258076 -25.151680 -16.071117
v -3.249460 -25.196815 -16.126793
v -3.198060 -25.233414 -16.199030
v -3.098216 -25.246904 -16.267792
v -2.962313 -25.232288 -16.312344
v -2.822302 -25.194084 -16.322880
v -3.211214 -25.089962 -16.029228
v -2.688221 -25.131641 -16.300098
v -2.576707 -25.050709 -16.261869
v -2.872790 -24.888855 -15.980321
v -3.007880 -24.889530 -15.927403
v -3.122287 -24.925961 -15.909673
v -3.197319 -24.981689 -15.925927
v -3.229805 -25.034597 -15.961957
v 2.918410 -12.681894 -8.857498
v 2.855603 -12.695778 -8.879219
v 2.852756 -12.701639 -8.858253
v 2.866094 -12.732323 -8.886973
v 2.929489 -12.718027 -8.865046
v 2.986143 -12.707869 -8.826563
v 2.974463 -12.672012 -8.819316
v 2.910634 -12.688744 -8.838328
v 2.962054 -12.679688 -8.803230
v 3.017299 -12.666885 -8.768988
v 3.002174 -12.676052 -8.756145
v 3.029845 -12.703207 -8.776162
v 2.974160 -12.717421 -8.810390
v 2.922094 -12.726578 -8.845792
v 2.863535 -12.739494 -8.865768
v 2.801601 -12.749035 -8.893447
v 2.791415 -12.712036 -8.885469
v 2.792140 -12.717279 -8.864154
v 2.731597 -12.733780 -8.861779
v 3.013882 -12.712400 -8.762476
v 2.802420 -12.754971 -8.871487
v 2.737798 -12.766592 -8.890888
v 2.727995 -12.729454 -8.883022
v 2.695649 -12.738899 -8.877167
v 2.700631 -12.742970 -8.856151
v 2.710422 -12.780819 -8.863401
v 2.741572 -12.771723 -8.869127
v 2.705303 -12.776171 -8.885031
v 3.003525 -12.690958 -8.786802
v 3.001388 -12.671356 -8.779498
v 3.013830 -12.674046 -8.786481
v 3.021263 -12.685640 -8.790077
v 3.020954 -12.699894 -8.789953
v 3.037243 -12.682104 -8.783773
v 3.025296 -12.662497 -8.777726
v 3.005817 -12.657719 -8.766220
v 2.992655 -12.673859 -8.756077
v 3.000645 -12.670708 -8.739662
v 3.001303 -12.697987 -8.738836
v 3.014076 -12.672348 -8.726987
v 3.014136 -12.696102 -8.726790
v 3.030390 -12.678320 -8.720619
v 3.030122 -12.692574 -8.720489
v 3.047827 -12.687273 -8.723783
v 3.015471 -12.652056 -8.750296
v 3.012045 -12.710039 -8.784664
v 3.037278 -12.705864 -8.783582
v 3.050051 -12.680233 -8.771739
v 3.036897 -12.657568 -8.764190
v 3.027703 -12.655827 -8.735676
v 3.039301 -12.668171 -8.725899
v 3.046454 -12.660175 -8.748555
v 3.050729 -12.707474 -8.770916
v 3.023662 -12.722389 -8.774902
v 3.035930 -12.726147 -8.760296
v 3.045568 -12.720493 -8.744398
v 3.058711 -12.704355 -8.754509
v 3.058022 -12.680138 -8.755991
v 3.051297 -12.670473 -8.733973
v 3.049978 -12.706869 -8.731090
v 3.058642 -12.696970 -8.737549
v 3.058523 -12.682350 -8.738586
v 2.647012 -12.691950 -9.062231
v 2.626631 -12.690870 -8.991687
v 2.621072 -12.724367 -9.017808
v 2.652694 -12.658396 -9.036049
v 2.626777 -12.683430 -9.065010
v 2.602255 -12.714193 -9.023227
v 2.607307 -12.684376 -9.000000
v 2.589870 -12.698895 -8.979549
v 2.584983 -12.728588 -9.002563
v 2.602905 -12.739588 -8.996152
v 2.608456 -12.706007 -8.969929
v 2.631943 -12.653757 -9.041923
v 2.648092 -12.620605 -9.085223
v 2.669847 -12.623098 -9.082809
v 2.670174 -12.583893 -9.131672
v 2.664215 -12.617157 -9.157253
v 2.644578 -12.576746 -9.204029
v 2.642985 -12.615057 -9.152277
v 2.664040 -12.656456 -9.108712
v 2.642750 -12.650541 -9.108465
v 2.648554 -12.584957 -9.129182
v 2.650608 -12.543444 -9.178755
v 2.607070 -12.540508 -9.243758
v 2.625026 -12.578413 -9.194563
v 2.589912 -12.543150 -9.230091
v 2.630670 -12.548170 -9.171726
v 2.595239 -12.514900 -9.209156
v 2.613111 -12.506109 -9.217740
v 2.837389 -12.877209 -8.963742
v 2.870302 -12.922102 -9.007399
v 2.887827 -12.908943 -8.976036
v 2.820195 -12.890337 -8.995202
v 2.879556 -12.907204 -9.020364
v 2.824922 -12.872444 -9.007058
v 2.782582 -12.858322 -8.944867
v 2.843905 -12.858051 -8.971972
v 2.785853 -12.837763 -8.951607
v 2.766907 -12.852182 -8.987070
v 2.765628 -12.871279 -8.976191
v 2.726815 -12.847250 -8.922582
v 2.727274 -12.826126 -8.928143
v 2.708413 -12.840382 -8.963659
v 2.709923 -12.860119 -8.954121
v 2.697638 -12.846008 -8.909494
v 2.680805 -12.858624 -8.940968
v 2.677948 -12.838865 -8.949907
v 2.696814 -12.824560 -8.914287
v 2.898732 -12.892889 -8.985604
v 2.925761 -12.956144 -9.024767
v 2.945190 -12.941998 -8.990145
v 2.958175 -13.013798 -9.020026
v 2.978007 -12.999607 -8.984516
v 2.930363 -12.953979 -8.980061
v 2.960298 -13.008398 -8.975864
v 2.912550 -12.966928 -9.011312
v 2.943141 -13.020563 -9.005497
v 2.993350 -12.698034 -8.754530
v 2.992710 -12.681271 -8.773044
v 2.992826 -12.695877 -8.771949
v 3.000033 -12.707748 -8.776587
v 3.004909 -12.718033 -8.761999
v 3.014472 -12.720657 -8.746409
v 3.026090 -12.715725 -8.732874
v 3.037543 -12.704189 -8.724125
v 2.688307 -12.821272 -9.013765
v 2.678578 -12.789972 -8.952539
v 2.667752 -12.785952 -8.964421
v 2.668818 -12.759960 -8.945079
v 2.687824 -12.785631 -8.939478
v 2.716657 -12.831778 -8.982627
v 2.731391 -12.824085 -9.061085
v 2.700601 -12.787556 -9.085482
v 2.780538 -12.793339 -9.088319
v 2.755626 -12.763773 -9.108059
v 2.807467 -12.729467 -9.092605
v 2.816984 -12.740753 -9.085055
v 2.825732 -12.712440 -9.071917
v 2.827809 -12.744778 -9.073170
v 2.808890 -12.803843 -9.057180
v 2.766435 -12.837072 -9.022586
v 2.740862 -12.820412 -8.948432
v 2.837055 -12.740431 -9.060108
v 2.833090 -12.792475 -9.022980
v 2.796349 -12.823036 -8.980325
v 2.801823 -12.713915 -9.093760
v 2.740832 -12.723091 -9.111110
v 2.682317 -12.737255 -9.089257
v 2.663394 -12.791714 -9.033504
v 2.658233 -12.774672 -8.971972
v 2.657495 -12.731962 -8.956888
v 2.652311 -12.743504 -8.967625
v 2.647896 -12.710098 -9.022101
v 2.648603 -12.751020 -9.036553
v 2.652589 -12.759121 -8.973129
v 2.685662 -12.668556 -8.959816
v 2.661460 -12.679913 -8.994013
v 2.681443 -12.686674 -9.071381
v 2.740125 -12.682167 -9.096648
v 2.801545 -12.698303 -9.088251
v 2.806724 -12.686762 -9.077518
v 2.753690 -12.651983 -9.068569
v 2.698203 -12.649359 -9.036667
v 2.728111 -12.635324 -8.994415
v 2.763161 -12.648310 -8.955912
v 2.714013 -12.679062 -8.928679
v 2.738924 -12.708612 -8.908939
v 2.687083 -12.742931 -8.924395
v 2.753713 -12.749310 -8.905885
v 2.692726 -12.758484 -8.923236
v 2.693005 -12.774101 -8.928745
v 2.777890 -12.640619 -9.034370
v 2.815973 -12.682426 -9.064457
v 2.806245 -12.651127 -9.003233
v 2.826797 -12.686445 -9.052575
v 2.754423 -12.790234 -8.920341
v 2.812231 -12.735142 -8.927742
v 2.793948 -12.684849 -8.931517
v 2.831154 -12.680685 -8.983488
v 2.836313 -12.697739 -9.045026
v 2.842236 -12.728903 -9.049372
v 2.846653 -12.762293 -8.994900
v 2.813109 -12.785727 -8.945615
v 2.845946 -12.721378 -8.980438
v 2.841960 -12.713278 -9.043863
v 2.663713 -12.801718 -9.074057
v 2.630634 -12.799160 -9.027447
v 2.643381 -12.783087 -9.017525
v 2.678339 -12.785601 -9.067167
v 2.690153 -12.809683 -9.123350
v 2.706800 -12.794464 -9.120187
v 2.721999 -12.814125 -9.177425
v 2.729164 -12.825861 -9.104385
v 2.700749 -12.817333 -9.051151
v 2.665601 -12.814772 -9.001596
v 2.703876 -12.827288 -9.174702
v 2.723162 -12.883959 -9.211859
v 2.685148 -12.891842 -9.271557
v 2.704734 -12.918665 -9.258654
v 2.702181 -12.855066 -9.226071
v 2.724769 -12.856199 -9.160267
v 2.710831 -12.838585 -9.108765
v 2.684094 -12.830444 -9.059584
v 2.650989 -12.828112 -9.012901
v 2.630304 -12.829948 -8.990595
v 2.610142 -12.801077 -9.004970
v 2.621722 -12.785007 -8.993879
v 2.644009 -12.816828 -8.977866
v 2.744428 -12.845312 -9.161847
v 2.720269 -12.844790 -9.234419
v 2.701072 -12.882412 -9.284597
v 2.724234 -12.914883 -9.268745
v 2.742710 -12.875912 -9.219118
v -2.471511 -25.169601 -16.386482
v -2.580435 -25.167948 -16.347748
v -2.514717 -25.184975 -16.436893
v -2.519235 -25.157246 -16.321695
v -2.406145 -25.150000 -16.430607
v -2.424836 -25.157944 -16.497707
v -2.389306 -25.076374 -16.290386
v -2.536545 -25.116257 -16.253593
v -2.604358 -25.111452 -16.254116
v -2.518655 -25.057781 -16.200298
v -2.579790 -25.030901 -16.180813
v -2.470240 -24.997643 -16.175930
v -2.513089 -24.948149 -16.147213
v -2.404247 -24.951942 -16.187019
v -2.422130 -24.885426 -16.162354
v -2.338516 -24.932770 -16.230743
v -2.331522 -24.859194 -16.222378
v -2.290783 -24.945126 -16.295528
v -2.265800 -24.876202 -16.311527
v -2.242608 -24.931904 -16.405922
v -2.273852 -24.985687 -16.364031
v -2.267886 -25.011631 -16.479992
v -2.292112 -25.043705 -16.417736
v -2.334589 -25.094368 -16.513584
v -2.340545 -25.103848 -16.442101
v 2.573196 -12.716124 -9.111656
v 2.595679 -12.792675 -9.070143
v 2.537730 -12.789743 -9.212457
v 2.610352 -12.699108 -9.023322
v 2.654554 -12.770601 -8.939793
v 2.618939 -12.629082 -8.944560
v 2.433517 -12.419395 -9.343950
v 2.511492 -12.548973 -9.193829
v 2.414047 -12.449594 -9.391941
v 2.364669 -12.362921 -9.400921
v 2.335038 -12.400312 -9.461265
v 2.336914 -12.469093 -9.485752
v 2.414251 -12.495890 -9.408376
v 2.362728 -12.565176 -9.484810
v 2.429862 -12.559032 -9.402742
v 2.418815 -12.663301 -9.446168
v 2.460732 -12.625669 -9.363999
v 2.480404 -12.745525 -9.342694
v 2.499684 -12.680637 -9.293043
v 2.537272 -12.711784 -9.206869
v 2.593599 -12.601299 -9.026352
v 2.576149 -12.501450 -9.052089
v 2.591182 -12.477070 -8.980185
v 2.550795 -12.416380 -9.100767
v 2.515800 -12.352146 -9.167102
v 2.478509 -12.324711 -9.235522
v 2.495008 -12.254683 -9.147861
v 2.433738 -12.227489 -9.245605
v 2.448878 -12.332396 -9.292374
v 2.384250 -12.246544 -9.328357
v 2.432951 -12.360653 -9.328913
v 2.358935 -12.288496 -9.382235
v 2.552530 -12.348326 -9.050499
v 2.677567 -12.731640 -8.931935
v 2.666743 -12.727629 -8.943818
v 2.595029 -12.965534 -9.240970
v 2.834175 -12.460165 -8.742981
v 2.878929 -12.479420 -8.673780
v 2.816476 -12.602654 -8.742733
v 2.854953 -12.365631 -8.715266
v 2.903151 -12.339666 -8.629604
v 2.640688 -12.270466 -8.963884
v 2.720178 -12.412230 -8.854951
v 2.627120 -12.367687 -8.983780
v 2.627493 -12.469749 -8.979605
v 2.643267 -12.570076 -8.952107
v 2.578728 -12.490265 -9.036844
v 2.609306 -12.639803 -8.995969
v 2.676391 -12.656212 -8.915945
v 2.654573 -12.770533 -8.939730
v 2.729271 -12.701056 -8.835952
v 2.734236 -12.610384 -8.847490
v 2.792177 -12.543875 -8.787316
v 2.849142 -12.282225 -8.711365
v 2.880070 -12.222696 -8.627271
v 2.825255 -12.224331 -8.729172
v 2.796921 -12.196455 -8.757885
v 2.759419 -12.204090 -8.804834
v 2.666351 -12.200802 -8.924351
v 2.835501 -12.139278 -8.655253
v 2.792506 -12.097548 -8.697079
v 2.749067 -12.108780 -8.759312
v 2.727999 -12.165512 -8.838875
v 2.698362 -12.167458 -8.877932
v 2.618855 -12.104679 -8.935603
v 2.597252 -12.190775 -9.014550
v 2.577538 -12.335556 -9.046172
v 2.664323 -12.061199 -8.858514
v 2.706595 -12.058279 -8.799301
v 2.622551 -12.624250 -8.939149
v 2.612348 -12.670418 -8.927663
v 2.647275 -12.676508 -8.885412
v 2.670485 -12.632681 -8.880898
v 2.681787 -12.708158 -8.856014
v 2.717862 -12.676292 -8.840333
v 2.706765 -12.756889 -8.847459
v 2.752232 -12.743347 -8.828530
v 2.764390 -12.815878 -8.848679
v 2.715530 -12.809601 -8.862038
v 2.750847 -12.874510 -8.895163
v 2.626062 -12.778816 -8.921586
v 2.609315 -12.835869 -9.010466
v 2.584338 -12.787146 -9.019024
v 2.644196 -12.867414 -8.981359
v 2.679488 -12.873383 -8.939408
v 2.705602 -12.852224 -8.895722
v 2.714950 -12.903620 -8.955320
v 2.666321 -12.895428 -9.013031
v 2.618265 -12.852003 -9.053027
v 2.583901 -12.784941 -9.064827
v 2.575940 -12.734318 -9.004742
v 2.586239 -12.691578 -8.971336
v 2.586648 -12.653376 -8.999303
v 2.572417 -12.712215 -9.045239
v -2.321463 -24.509094 -16.055489
v -2.342466 -24.394291 -15.964608
v -2.771010 -24.620632 -15.833478
v -2.521253 -24.626514 -15.975678
v -2.736632 -24.727501 -15.928605
v -2.664965 -24.816399 -16.026024
v -2.560956 -24.879950 -16.121096
v -2.451374 -24.908819 -16.212543
v -2.380301 -24.784019 -16.177261
v -2.333381 -24.642990 -16.127026
v -2.392615 -24.326019 -15.875461
v -2.458138 -24.306736 -15.808471
v -2.519288 -24.322031 -15.773602
v -2.583018 -24.384068 -15.776526
v -2.759525 -24.519133 -15.763913
v -2.658680 -24.394810 -15.731738
v -2.714240 -24.440739 -15.731267
v 2.715390 -12.874392 -9.268341
v 2.711813 -12.873850 -9.286342
v 2.706324 -12.881578 -9.302135
v 2.702192 -12.412033 -8.839037
v 2.878428 -13.075470 -8.937648
v 2.489384 -12.550993 -9.184681
v 2.934416 -12.729506 -8.688024
vn -0.0803 -0.9137 0.3983
vn -0.1085 -0.9227 0.3700
vn -0.1774 0.9404 -0.2900
vn 0.0718 0.9772 -0.1998
vn -0.6319 0.6998 -0.3331
vn -0.0597 0.9853 -0.1603
vn -0.9888 0.1324 -0.0684
vn -0.7327 -0.6713 0.1116
vn 0.7318 -0.6699 0.1252
vn 0.0344 -0.3535 -0.9348
vn -0.6368 -0.2837 -0.7169
vn 0.4605 -0.3412 -0.8194
vn 0.9848 0.1674 -0.0457
vn 0.7518 0.5440 -0.3726
vn -0.7616 0.5414 -0.3562
vn -0.0114 0.9898 -0.1422
vn -0.0000 0.9679 -0.2513
vn -0.6659 0.7082 -0.2346
vn -0.0000 0.9596 -0.2814
vn -0.0000 0.9679 -0.2514
vn 0.0660 0.9975 -0.0255
vn -0.8044 -0.5769 -0.1420
vn -0.8767 -0.4282 -0.2193
vn -0.9502 0.0155 -0.3113
vn -0.8947 -0.3842 -0.2279
vn 0.0001 0.9998 -0.0195
vn -0.2987 -0.9504 -0.0871
vn -0.2360 -0.9717 -0.0107
vn -0.0705 -0.9950 0.0709
vn -0.2186 -0.9754 0.0290
vn -0.9147 0.3768 -0.1463
vn -0.0281 0.9986 0.0450
vn 0.2413 -0.9660 -0.0933
vn -0.0778 -0.9964 0.0327
vn -0.2134 -0.9766 -0.0272
vn 0.0277 0.9986 0.0446
vn 0.0479 -0.9758 0.2135
vn -0.2541 -0.9337 0.2521
vn -0.0066 -0.9622 0.2724
vn 0.0466 -0.2839 0.9577
vn -0.2010 -0.2776 0.9394
vn -0.1849 -0.2003 0.9621
vn 0.0497 -0.3785 0.9243
vn -0.2267 -0.3572 0.9061
vn -0.0909 -0.4863 0.8690
vn -0.3866 -0.4313 0.8152
vn -0.2264 -0.5872 0.7772
vn -0.4879 -0.5277 0.6953
vn -0.3539 -0.6976 0.6229
vn -0.6661 -0.5414 0.5130
vn -0.5346 -0.7124 0.4546
vn -0.8845 -0.3697 0.2847
vn -0.6478 -0.7072 0.2833
vn -0.9568 -0.1771 0.2304
vn -0.6372 -0.7312 0.2436
vn -0.2460 -0.8706 0.4261
vn 0.0444 -0.8902 0.4534
vn -0.0503 -0.8101 0.5841
vn -0.0836 -0.6903 0.7187
vn 0.0460 -0.5943 0.8030
vn -0.4255 -0.0953 0.8999
vn -0.2121 -0.1497 0.9657
vn -0.4228 -0.2070 0.8823
vn -0.5560 -0.2866 0.7802
vn -0.6897 -0.3304 0.6443
vn -0.5758 -0.1006 0.8114
vn -0.6062 -0.1567 0.7797
vn -0.9292 -0.1363 0.3437
vn -0.8644 -0.0938 0.4940
vn -0.7485 -0.1118 0.6536
vn -0.7870 -0.0108 0.6169
vn -0.6123 -0.0118 0.7906
vn -0.4055 -0.0535 0.9125
vn -0.2020 -0.0844 0.9757
vn -0.0095 -0.0553 0.9984
vn -0.0381 -0.1434 0.9889
vn 0.0508 -0.2144 0.9754
vn -0.9317 0.0402 0.3611
vn -0.9308 0.0635 0.3601
vn -0.8110 0.0141 0.5849
vn -0.9263 0.0449 0.3742
vn -0.9872 0.1196 0.1052
vn -0.9889 0.1246 0.0808
vn -0.9896 0.1153 0.0857
vn -0.9814 0.1331 0.1380
vn -0.9540 0.2752 0.1190
vn -0.8363 0.5234 0.1632
vn -0.8518 0.5055 0.1374
vn -0.4995 0.8655 0.0364
vn -0.6653 0.7460 -0.0290
vn -0.3059 0.9421 -0.1371
vn -0.9616 0.2178 -0.1669
vn -0.9103 0.3331 -0.2458
vn -0.7130 0.4624 -0.5270
vn -0.8568 0.3226 -0.4023
vn -0.9151 0.3938 -0.0867
vn -0.6819 0.7133 -0.1620
vn -0.6916 0.6318 -0.3500
vn -0.7356 0.5475 -0.3990
vn -0.4571 0.6727 -0.5819
vn -0.4732 0.6040 -0.6413
vn -0.1966 0.7424 -0.6404
vn -0.2504 0.6463 -0.7208
vn -0.5303 0.4952 -0.6882
vn -0.3293 0.5683 -0.7541
vn -0.6102 0.4090 -0.6786
vn -0.7726 0.3294 -0.5428
vn -0.8852 0.2444 -0.3959
vn -0.7953 0.2654 -0.5451
vn -0.3272 0.7742 -0.5417
vn -0.5842 0.3255 -0.7435
vn -0.6583 0.3023 -0.6894
vn -0.6539 0.2668 -0.7080
vn -0.8090 0.2840 -0.5146
vn -0.9029 0.2409 -0.3561
vn -0.9725 0.1807 -0.1472
vn -0.9616 0.2184 -0.1664
vn -0.3324 0.8945 -0.2990
vn -0.2759 0.8538 -0.4414
vn 0.0015 0.8372 -0.5468
vn 0.0004 0.7183 -0.6957
vn -0.0197 0.6186 -0.7855
vn -0.2619 0.5513 -0.7921
vn -0.4905 0.4892 -0.7211
vn -0.7036 0.1824 -0.6868
vn -0.3757 0.3791 -0.8457
vn -0.3991 0.3041 -0.8650
vn 0.2970 0.5801 -0.7585
vn 0.2678 0.5423 -0.7964
vn 0.0004 0.5510 -0.8345
vn 0.6052 0.4142 -0.6799
vn 0.4180 0.3949 -0.8181
vn 0.4690 0.4808 -0.7409
vn -0.1140 0.3958 -0.9113
vn -0.2653 0.3419 -0.9015
vn -0.2296 -0.8267 -0.5136
vn 0.0161 0.4458 -0.8950
vn 0.0058 0.3572 -0.9340
vn 0.2756 0.3238 -0.9051
vn 0.3567 0.2904 -0.8879
vn 0.4000 0.3043 -0.8645
vn 0.5534 0.2844 -0.7829
vn 0.5070 0.2844 -0.8137
vn 0.3847 0.3317 -0.8613
vn 0.5132 0.3159 -0.7980
vn 0.8945 0.2360 -0.3797
vn 0.8836 0.2995 -0.3600
vn 0.7748 0.3704 -0.5123
vn 0.7833 0.3166 -0.5350
vn -0.0117 -0.9031 -0.4292
vn 0.6610 0.3183 -0.6796
vn 0.2353 0.2495 -0.9394
vn 0.6586 0.2670 -0.7035
vn 0.6587 0.3020 -0.6891
vn 0.5751 0.3487 -0.7400
vn 0.3706 0.3534 -0.8589
vn 0.1139 0.4032 -0.9080
vn 0.0714 0.4174 -0.9059
vn -0.3562 0.2907 -0.8881
vn 0.0009 0.3284 -0.9445
vn 0.2623 0.3390 -0.9035
vn 0.3138 0.4039 -0.8593
vn 0.5084 0.4118 -0.7563
vn 0.6543 0.4012 -0.6411
vn 0.6408 0.4721 -0.6054
vn 0.7622 0.4354 -0.4790
vn 0.8822 0.3231 -0.3427
vn 0.5267 0.4971 -0.6895
vn 0.3225 0.5088 -0.7982
vn -0.0000 0.4044 -0.9146
vn -0.2623 0.3411 -0.9027
vn -0.3844 0.3320 -0.8614
vn -0.3146 0.3996 -0.8610
vn -0.3274 0.4978 -0.8031
vn -0.0000 0.5346 -0.8451
vn -0.2462 0.6425 -0.7257
vn -0.0001 0.6970 -0.7170
vn 0.2465 0.6425 -0.7256
vn -0.4288 0.5545 -0.7132
vn -0.5134 0.3158 -0.7980
vn -0.4976 0.4178 -0.7602
vn -0.5273 0.4969 -0.6892
vn -0.3679 0.6394 -0.6751
vn -0.6541 0.4015 -0.6411
vn -0.6605 0.3174 -0.6804
vn -0.4621 0.6085 -0.6451
vn -0.6400 0.4721 -0.6062
vn -0.7833 0.3166 -0.5350
vn 0.0082 -0.8999 -0.4361
vn -0.2613 0.2360 -0.9360
vn -0.5082 0.2867 -0.8121
vn -0.5536 0.2848 -0.7826
vn -0.8940 0.2369 -0.3804
vn -0.7753 0.3700 -0.5118
vn -0.7622 0.4354 -0.4790
vn -0.8836 0.2999 -0.3596
vn -0.8822 0.3231 -0.3427
vn -0.9725 0.1506 -0.1775
vn -0.9640 0.1256 -0.2344
vn -0.9746 0.1540 -0.1623
vn -0.6158 0.5687 -0.5453
vn -0.7445 0.5000 -0.4425
vn -0.8728 0.3407 -0.3494
vn -0.9415 0.1192 -0.3153
vn -0.9606 -0.1713 -0.2187
vn -0.9888 -0.1209 -0.0878
vn -0.9986 -0.0486 0.0198
vn -0.9974 0.0182 0.0692
vn -0.9940 0.0425 0.1009
vn -0.9855 0.0008 0.1697
vn 0.1429 -0.7396 -0.6577
vn -0.8578 0.3450 -0.3811
vn -0.7375 0.5451 -0.3988
vn -0.6014 0.6507 -0.4636
vn -0.4449 0.7024 -0.5556
vn -0.3007 0.7191 -0.6265
vn -0.9093 -0.4064 -0.0898
vn -0.9214 -0.3886 -0.0002
vn -0.8711 -0.4502 -0.1964
vn -0.9020 -0.2728 -0.3345
vn -0.9027 0.1253 -0.4117
vn -0.7646 0.4821 -0.4278
vn -0.5963 0.6998 -0.3933
vn -0.4339 0.7861 -0.4401
vn -0.2513 0.7964 -0.5501
vn -0.8119 -0.4211 -0.4044
vn -0.2674 0.8409 -0.4704
vn 0.8118 -0.4212 -0.4044
vn 0.3679 0.6394 -0.6751
vn 0.3013 0.7175 -0.6280
vn 0.2558 0.7954 -0.5494
vn -0.0102 0.5863 -0.8100
vn 0.0036 -0.9915 0.1303
vn 0.0047 0.8662 -0.4997
vn -0.2581 0.8792 -0.4005
vn -0.4290 0.8276 -0.3619
vn -0.0057 0.1515 -0.9884
vn -0.8282 0.2675 -0.4925
vn -0.8497 -0.0669 -0.5231
vn -0.8555 -0.2576 -0.4492
vn 0.2685 0.8419 -0.4681
vn -0.7191 -0.4214 -0.5526
vn 0.4288 0.5545 -0.7132
vn 0.4608 0.6104 -0.6443
vn 0.4444 0.7022 -0.5563
vn 0.4346 0.7859 -0.4399
vn 0.2536 0.8854 -0.3895
vn 0.0005 0.9210 -0.3895
vn -0.2879 0.8988 -0.3306
vn -0.7834 0.3951 -0.4798
vn -0.0314 -0.2524 -0.9671
vn 0.4413 0.8213 -0.3615
vn 0.5964 0.6998 -0.3933
vn 0.6008 0.6514 -0.4634
vn 0.6133 0.5706 -0.5462
vn 0.6528 0.6315 -0.4184
vn 0.7766 0.3805 -0.5021
vn 0.2937 0.9001 -0.3219
vn -0.0080 0.9563 -0.2923
vn 0.7448 0.4999 -0.4420
vn 0.7375 0.5451 -0.3988
vn 0.7680 0.4767 -0.4278
vn 0.8283 0.2542 -0.4993
vn 0.8153 -0.1908 -0.5467
vn 0.6046 -0.5778 -0.5483
vn 0.8483 -0.2623 -0.4599
vn 0.6335 -0.6594 -0.4048
vn 0.9021 -0.2743 -0.3331
vn 0.6712 -0.6987 -0.2475
vn 0.8710 -0.4502 -0.1965
vn 0.8581 0.3451 -0.3801
vn 0.9018 0.1212 -0.4148
vn 0.9414 0.1166 -0.3166
vn 0.8728 0.3407 -0.3494
vn 0.9640 0.1256 -0.2344
vn 0.9602 -0.1708 -0.2210
vn 0.9724 0.1502 -0.1787
vn 0.9888 -0.1209 -0.0879
vn 0.9094 -0.4062 -0.0896
vn 0.6743 -0.7313 -0.1026
vn 0.3614 -0.9151 -0.1787
vn 0.3338 -0.8704 -0.3619
vn 0.3207 -0.7893 -0.5237
vn 0.0420 -0.8573 -0.5131
vn 0.0783 -0.9379 -0.3380
vn 0.1779 -0.9670 -0.1823
vn 0.0281 -0.9735 -0.2271
vn 0.3735 -0.9274 -0.0205
vn 0.5303 -0.8422 0.0975
vn 0.2063 -0.9781 0.0269
vn 0.2413 -0.9563 0.1651
vn 0.4454 -0.8551 0.2656
vn 0.6280 -0.7507 0.2050
vn 0.6417 -0.6910 0.3327
vn 0.8089 -0.5401 0.2325
vn 0.8230 -0.4577 0.3365
vn 0.9466 -0.2719 0.1734
vn 0.9494 -0.1785 0.2582
vn 0.9986 -0.0486 0.0198
vn 0.9974 0.0179 0.0695
vn 0.9756 0.1471 -0.1631
vn -0.1325 -0.7509 -0.6469
vn 0.9834 0.0232 0.1799
vn 0.9939 0.0426 0.1012
vn 0.9415 -0.3222 0.0983
vn 0.7886 -0.6029 0.1205
vn 0.7635 -0.6458 0.0080
vn 0.9211 -0.3892 -0.0004
vn 0.7721 0.3306 -0.5427
vn 0.7953 0.2654 -0.5451
vn 0.8855 0.2444 -0.3953
vn 0.9028 0.2409 -0.3562
vn 0.9725 0.1807 -0.1472
vn 0.9608 0.2218 -0.1664
vn 0.9872 0.1196 0.1052
vn 0.9854 0.1435 0.0918
vn 0.9272 0.0438 0.3721
vn 0.9419 0.0021 0.3359
vn 0.9464 -0.0728 0.3148
vn 0.9305 0.0635 0.3607
vn 0.8071 0.2845 -0.5174
vn 0.6724 -0.2047 0.7114
vn 0.8369 -0.2163 0.5027
vn 0.8443 -0.1099 0.5245
vn 0.8382 -0.0271 0.5447
vn 0.1283 -0.1914 0.9731
vn 0.2684 -0.2517 0.9299
vn 0.3087 -0.1494 0.9394
vn 0.5076 -0.1986 0.8384
vn 0.4508 -0.3182 0.8340
vn 0.4963 -0.1247 0.8591
vn 0.6771 -0.0861 0.7308
vn 0.6489 -0.0207 0.7606
vn 0.8108 0.0166 0.5850
vn 0.4615 -0.0421 0.8861
vn 0.2527 -0.0813 0.9641
vn 0.1005 -0.1283 0.9866
vn -0.0478 -0.1911 0.9804
vn 0.0392 -0.2703 0.9620
vn 0.0380 -0.3287 0.9437
vn 0.2384 -0.3546 0.9041
vn 0.4455 -0.4224 0.7894
vn 0.6620 -0.3242 0.6757
vn 0.3278 -0.4646 0.8226
vn 0.2485 -0.5691 0.7838
vn 0.3054 -0.5662 0.7656
vn 0.1092 -0.6838 0.7215
vn 0.8260 -0.4135 -0.3830
vn 0.1813 -0.7547 -0.6305
vn -0.0473 -0.6993 0.7133
vn 0.8344 -0.2853 0.4716
vn 0.6614 -0.4189 0.6221
vn 0.4780 -0.5080 0.7166
vn 0.2879 -0.6520 0.7014
vn 0.1440 -0.7718 0.6193
vn -0.0281 -0.7812 0.6236
vn 0.0310 -0.8853 0.4640
vn 0.2416 -0.8591 0.4512
vn 0.2369 -0.9209 0.3096
vn 0.4617 -0.7924 0.3987
vn 0.0304 -0.9477 0.3179
vn 0.6433 -0.6104 0.4621
vn 0.8313 -0.3793 0.4062
vn 0.6580 -0.5098 0.5542
vn 0.4728 -0.5975 0.6477
vn 0.3968 -0.7245 0.5637
vn 0.0299 -0.9839 0.1760
vn 0.0981 -0.9926 0.0717
vn 0.1479 -0.9509 -0.2718
vn 0.0165 -0.9222 -0.3863
vn -0.0345 0.9942 -0.1023
vn -0.8198 0.4225 -0.3866
vn -0.3127 0.8680 0.3857
vn -0.7937 -0.2585 -0.5507
vn -0.0034 0.9954 -0.0960
vn -0.8764 0.3589 -0.3212
vn 0.0003 0.9679 -0.2513
vn 0.0006 0.9921 -0.1258
vn -0.0278 0.9990 -0.0350
vn -0.0660 0.9975 -0.0255
vn -0.0495 0.9977 0.0470
vn 0.8276 0.4077 -0.3858
vn 0.4288 -0.7944 -0.4302
vn -0.3011 0.9282 0.2186
vn -0.3126 0.8680 0.3858
vn 0.9006 0.3455 -0.2637
vn 0.0434 0.9870 -0.1549
vn 0.3938 -0.9118 -0.1164
vn 0.8886 -0.4011 -0.2225
vn 0.7920 -0.5977 -0.1244
vn 0.8936 -0.3891 -0.2239
vn -0.0001 0.9998 -0.0196
vn 0.9502 0.0156 -0.3113
vn 0.9632 -0.0294 -0.2671
vn 0.9806 -0.0561 -0.1877
vn 0.7638 0.4577 -0.4551
vn 0.7069 -0.6774 0.2034
vn 0.8127 0.4523 -0.3674
vn 0.8231 0.4882 -0.2903
vn 0.6845 -0.7290 0.0091
vn 0.6793 -0.7185 -0.1492
vn 0.8358 0.4877 -0.2522
vn 0.6353 -0.6974 -0.3316
vn 0.8388 0.4889 -0.2397
vn 0.9419 0.1765 -0.2858
vn 0.7090 0.4857 -0.5113
vn 0.7355 -0.6151 0.2840
vn -0.7077 -0.6780 0.1988
vn -0.6796 -0.7335 0.0076
vn -0.6720 -0.7242 -0.1547
vn -0.6307 -0.7011 -0.3325
vn 0.0007 0.2146 -0.9767
vn -0.0000 0.9936 -0.1129
vn -0.0000 0.9546 -0.2980
vn 0.0541 -0.7625 0.6447
vn -0.0000 0.8640 -0.5034
vn -0.0000 0.7635 -0.6458
vn 0.3236 0.7085 -0.6272
vn -0.4663 -0.6987 -0.5426
vn -0.2100 -0.8278 -0.5202
vn -0.3454 -0.8666 -0.3601
vn -0.7906 -0.6000 0.1223
vn -0.5947 -0.8001 0.0778
vn -0.6144 -0.7606 0.2098
vn -0.7722 -0.6354 0.0024
vn -0.6735 -0.7322 -0.1017
vn -0.3764 -0.9263 -0.0170
vn -0.3618 -0.9138 -0.1845
vn -0.1659 -0.9688 -0.1840
vn -0.1308 -0.9313 -0.3400
vn -0.6482 -0.6456 -0.4038
vn -0.6705 -0.6995 -0.2471
vn -0.9416 -0.3221 0.0979
vn -0.8089 -0.5401 0.2325
vn -0.9466 -0.2716 0.1734
vn -0.8227 -0.4578 0.3370
vn -0.9493 -0.1787 0.2588
vn -0.8308 -0.3796 0.4070
vn -0.8344 -0.2859 0.4713
vn -0.6615 -0.4189 0.6221
vn -0.3696 -0.9182 0.1427
vn -0.1461 -0.9742 0.1723
vn -0.1492 -0.9373 0.3151
vn -0.3816 -0.8794 0.2848
vn -0.1513 -0.8756 0.4587
vn -0.3939 -0.8159 0.4234
vn -0.2357 -0.7576 0.6087
vn -0.4676 -0.6996 0.5403
vn -0.2502 -0.6704 0.6985
vn -0.4645 -0.6016 0.6499
vn -0.4770 -0.5096 0.7161
vn -0.6581 -0.5096 0.5542
vn -0.6514 -0.6067 0.4556
vn -0.6313 -0.6985 0.3371
vn -0.3135 -0.5618 0.7656
vn -0.4459 -0.4229 0.7889
vn -0.2462 -0.5670 0.7861
vn -0.8549 -0.3782 -0.3553
vn -0.3277 -0.4629 0.8236
vn -0.2114 -0.3361 0.9178
vn -0.6624 -0.3239 0.6755
vn -0.4469 -0.3146 0.8375
vn -0.1607 -0.2732 0.9484
vn -0.2558 -0.1810 0.9496
vn -0.1144 -0.1237 0.9857
vn -0.3235 -0.0998 0.9409
vn -0.1294 -0.0695 0.9892
vn -0.3026 -0.0621 0.9511
vn -0.2883 -0.0468 0.9564
vn -0.4709 -0.0421 0.8812
vn -0.6499 -0.0238 0.7597
vn -0.1757 -0.0380 0.9837
vn -0.0000 -0.0406 0.9992
vn 0.0407 -0.0702 0.9967
vn -0.6686 -0.2018 0.7158
vn -0.4875 -0.1289 0.8635
vn -0.6779 -0.0887 0.7297
vn -0.8440 -0.1098 0.5250
vn -0.8369 -0.2165 0.5028
vn -0.9464 -0.0727 0.3148
vn -0.4326 -0.2283 0.8722
vn -0.8388 -0.0240 0.5438
vn -0.9420 0.0022 0.3356
vn -0.9854 0.1435 0.0918
vn -0.0404 -0.5121 0.8580
vn -0.1403 -0.6275 0.7659
vn 0.0708 -0.6184 0.7827
vn -0.7566 -0.5276 0.3863
vn -0.0004 -0.6180 0.7862
vn -0.7029 -0.5612 0.4369
vn -0.6431 0.0810 -0.7615
vn 0.0064 -0.9511 -0.3087
vn -0.9670 -0.1641 0.1946
vn -0.4819 -0.4016 0.7788
vn -0.7598 -0.3021 0.5757
vn 0.0354 -0.4020 0.9149
vn -0.6921 -0.4306 0.5794
vn -0.7706 -0.4810 0.4181
vn -0.7731 0.2520 -0.5820
vn -0.0910 0.5026 -0.8597
vn -0.1014 0.6091 -0.7866
vn -0.8181 0.2927 -0.4951
vn -0.6948 0.4756 -0.5394
vn -0.9388 0.2059 -0.2760
vn -0.3245 0.7075 -0.6277
vn -0.7646 0.4538 -0.4576
vn -0.7339 -0.6166 0.2849
vn -0.0541 -0.7625 0.6447
vn -0.8112 0.4621 -0.3583
vn -0.8266 0.4824 -0.2897
vn -0.8369 0.4867 -0.2505
vn -0.8426 0.4825 -0.2391
vn 0.6321 0.0910 -0.7695
vn 0.7492 -0.5280 0.3999
vn 0.7228 -0.5542 0.4129
vn 0.7569 -0.4720 0.4521
vn 0.6480 -0.4231 0.6333
vn 0.5378 -0.3899 0.7475
vn 0.7562 -0.3069 0.5779
vn 0.9770 -0.1511 0.1506
vn 0.8045 0.3249 -0.4972
vn 0.8117 0.2704 -0.5178
vn 0.6814 0.2578 -0.6850
vn 0.1023 0.5977 -0.7951
vn 0.5428 0.6519 -0.5296
vn 0.4856 0.5305 -0.6949
vn 0.8641 0.4277 -0.2653
vn 0.9661 0.2580 0.0005
vn 0.9927 0.0504 0.1099
vn 0.9038 0.3105 -0.2945
vn 0.8144 0.3703 -0.4468
vn 0.4384 0.3944 -0.8076
vn -0.8064 -0.0650 -0.5878
vn -0.6945 -0.1015 -0.7123
vn 0.2121 -0.8578 0.4681
vn 0.3947 -0.5613 -0.7274
vn 0.9884 0.1209 0.0921
vn 0.1260 -0.7446 0.6555
vn 0.9646 -0.0184 0.2630
vn -0.8854 -0.3439 0.3128
vn -0.4819 0.0009 0.8762
vn 0.0388 0.0351 0.9986
vn 0.0640 0.0728 0.9953
vn -0.7562 -0.0312 0.6535
vn -0.0814 0.1350 0.9875
vn -0.0126 -0.9669 0.2548
vn -0.7665 -0.4017 -0.5011
vn -0.7024 -0.2343 -0.6722
vn -0.8420 -0.0128 0.5392
vn -0.7280 -0.1199 -0.6750
vn -0.9958 -0.0807 -0.0440
vn -0.0001 -0.0886 -0.9961
vn 0.7397 -0.1491 -0.6562
vn 0.7801 -0.4234 0.4605
vn -0.7920 -0.3963 0.4644
vn -0.8064 -0.4771 0.3494
vn 0.8431 -0.3205 0.4318
vn -0.0223 -0.5163 0.8561
vn 0.0745 -0.5054 0.8597
vn 0.0840 -0.5171 0.8518
vn 0.6414 0.3855 -0.6633
vn 0.8963 0.1945 -0.3984
vn 0.7535 0.2593 -0.6042
vn 0.7978 -0.4989 0.3386
vn 0.8333 -0.5135 0.2047
vn -0.7753 -0.5932 0.2167
vn 0.0080 -0.6186 -0.7857
vn 0.6094 0.4158 -0.6750
vn 0.0085 0.6347 -0.7727
vn -0.0189 0.4864 -0.8736
vn 0.2349 0.4838 -0.8431
vn -0.0002 0.4873 -0.8732
vn 0.3112 0.4530 -0.8354
vn 0.6716 -0.0652 0.7380
vn 0.2399 -0.0343 0.9702
vn 0.3895 -0.0496 0.9197
vn 0.2160 -0.0730 0.9737
vn 0.2897 -0.1205 0.9495
vn 0.4192 -0.1028 0.9021
vn 0.3240 -0.1806 0.9287
vn 0.4040 -0.4414 0.8012
vn 0.6224 -0.4957 0.6057
vn 0.3695 -0.5957 0.7132
vn 0.1368 -0.4864 0.8630
vn 0.3663 -0.3296 0.8702
vn 0.3378 -0.2568 0.9055
vn 0.5966 -0.1602 0.7864
vn 0.5726 -0.0959 0.8142
vn 0.6061 -0.0162 0.7952
vn 0.9322 0.0372 0.3599
vn 0.7709 -0.1006 0.6290
vn 0.7883 -0.0114 0.6152
vn 0.7104 -0.2176 0.6693
vn 0.9090 -0.0470 0.4141
vn 0.9894 0.1240 0.0759
vn 0.9115 0.3295 -0.2462
vn 0.7086 0.4650 -0.5308
vn 0.7311 0.5471 -0.4076
vn 0.8575 0.3218 -0.4015
vn 0.9616 0.2178 -0.1669
vn 0.9892 0.1226 0.0809
vn 0.9264 -0.1169 0.3580
vn 0.7332 -0.3258 0.5969
vn 0.2383 0.6506 -0.7210
vn 0.1952 0.7437 -0.6394
vn 0.5293 0.4957 -0.6886
vn 0.3273 0.7741 -0.5419
vn 0.4565 0.6724 -0.5827
vn 0.4551 0.6076 -0.6509
vn 0.7217 0.5963 -0.3516
vn 0.9140 0.3965 -0.0858
vn 0.9792 0.1475 0.1390
vn 0.9169 -0.2404 0.3186
vn 0.7317 0.6693 -0.1291
vn 0.8762 0.4758 0.0760
vn 0.9765 0.0860 0.1977
vn 0.8407 -0.4731 0.2633
vn 0.6558 -0.6502 0.3837
vn 0.4978 -0.8173 0.2901
vn 0.3374 -0.8344 0.4357
vn 0.1771 -0.9427 0.2827
vn 0.3007 -0.9231 0.2397
vn 0.6492 -0.7148 0.2601
vn 0.9561 -0.1701 0.2388
vn 0.8411 0.5075 0.1871
vn 0.4431 -0.7165 0.5387
vn 0.1846 -0.7445 0.6416
vn 0.3420 0.8953 -0.2855
vn 0.1890 0.9381 -0.2902
vn 0.2549 0.9582 -0.1297
vn 0.0443 0.9987 -0.0261
vn 0.3836 0.9232 -0.0232
vn 0.2769 0.9571 0.0852
vn 0.6873 0.7204 0.0926
vn 0.6491 0.7554 -0.0899
vn 0.5715 0.7518 -0.3290
vn 0.2810 0.8444 -0.4561
vn -0.2981 0.9514 0.0769
vn -0.1738 0.9846 -0.0201
vn -0.3110 0.4531 -0.8355
vn -0.7772 0.2462 -0.5791
vn -0.6521 0.3822 -0.6548
vn -0.6514 0.3364 -0.6801
vn -0.6141 0.4233 -0.6661
vn 0.7535 -0.0814 0.6524
vn 0.7397 -0.4296 -0.5179
vn 0.7538 -0.2088 -0.6231
vn 0.7199 0.0045 0.6941
vn 0.6546 0.6821 -0.3260
vn 0.1338 -0.1544 0.9789
vn -0.9890 0.1218 0.0835
vn -0.9031 0.3116 -0.2954
vn -0.9925 0.0570 0.1083
vn -0.8661 0.4241 -0.2647
vn -0.9663 0.2576 0.0002
vn -0.5416 0.6542 -0.5279
vn -0.3947 -0.5613 -0.7274
vn 0.6945 -0.1016 -0.7123
vn -0.2217 -0.8534 0.4718
vn 0.8051 -0.0628 -0.5898
vn -0.4880 0.5301 -0.6934
vn -0.4530 0.4293 -0.7814
vn -0.8143 0.3707 -0.4467
vn 0.8852 -0.3445 0.3127
vn -0.1397 -0.7340 0.6646
vn -0.9628 -0.0099 0.2699
vn -0.4103 0.8997 -0.1490
vn -0.0205 0.8506 -0.5254
vn -0.5723 0.5521 -0.6063
vn 0.0767 0.5770 -0.8131
vn 0.5728 -0.5522 0.6059
vn 0.1041 -0.2704 0.9571
vn -0.0759 -0.5777 0.8127
vn -0.5055 -0.4473 0.7379
vn -0.2408 0.0356 0.9699
vn -0.7809 -0.2693 0.5636
vn -0.5144 0.2911 0.8066
vn -0.7170 0.4892 0.4966
vn -0.1576 0.9509 0.2664
vn 0.3837 0.8751 -0.2949
vn 0.5067 0.4469 -0.7373
vn -0.1035 0.2705 -0.9571
vn 0.5348 -0.0101 0.8449
vn 0.3721 0.4462 0.8139
vn 0.1239 0.7860 0.6057
vn 0.6889 0.7238 -0.0387
vn 0.7813 0.2695 -0.5630
vn 0.2411 -0.0355 -0.9699
vn 0.5147 -0.2904 -0.8067
vn 0.7171 -0.4884 -0.4972
vn 0.9529 0.0430 -0.3003
vn 0.8805 0.4229 0.2144
vn 0.9004 -0.0155 0.4349
vn 0.9626 -0.2544 0.0933
vn 0.8018 -0.5971 -0.0253
vn 0.4110 -0.8994 0.1490
vn 0.1589 -0.9507 -0.2663
vn -0.1233 -0.7859 -0.6059
vn -0.3721 -0.4457 -0.8142
vn -0.5349 0.0108 -0.8448
vn 0.3137 0.5056 -0.8037
vn 0.4201 0.5694 -0.7066
vn 0.6296 0.1237 -0.7670
vn 0.6408 0.1568 -0.7515
vn 0.6052 0.5731 -0.5526
vn 0.5427 0.3844 -0.7468
vn 0.5659 0.2633 -0.7813
vn 0.5726 0.3632 -0.7350
vn 0.5449 0.3918 -0.7413
vn 0.5919 0.3535 -0.7244
vn 0.4481 -0.0868 -0.8898
vn 0.4297 -0.0734 -0.9000
vn 0.6621 0.2488 -0.7069
vn 0.3925 0.1971 -0.8984
vn 0.3044 0.4631 -0.8324
vn 0.6561 0.1503 -0.7396
vn 0.6364 0.1154 -0.7626
vn 0.6642 0.2016 -0.7199
vn 0.7472 0.5243 -0.4084
vn 0.6764 0.2474 -0.6938
vn 0.6725 0.2765 -0.6865
vn 0.6452 0.2891 -0.7072
vn 0.6149 0.3401 -0.7114
vn 0.8326 0.4429 -0.3325
vn 0.9007 0.2920 -0.3218
vn 0.9005 0.3072 -0.3077
vn 0.6616 0.3084 -0.6835
vn 0.6484 0.3211 -0.6903
vn 0.8676 0.0435 -0.4954
vn 0.7546 -0.0532 -0.6540
vn 0.5838 -0.1079 -0.8047
vn 0.9097 0.1587 -0.3839
vn 0.8910 0.3220 -0.3199
vn 0.6615 0.4377 -0.6090
vn 0.8343 0.0554 -0.5486
vn 0.8420 0.0456 -0.5375
vn 0.8977 0.1551 -0.4125
vn 0.6495 0.4398 -0.6203
vn 0.6570 0.5357 -0.5305
vn 0.5891 0.5450 -0.5966
vn 0.6651 0.4944 -0.5596
vn 0.4795 0.2310 -0.8466
vn 0.6225 0.1002 -0.7762
vn 0.6728 0.4599 -0.5795
vn 0.7359 0.0425 -0.6758
vn 0.6734 0.4467 -0.5891
vn 0.8444 0.0632 -0.5320
vn 0.6505 0.4666 -0.5992
vn 0.6112 0.4456 -0.6540
vn 0.5621 0.4509 -0.6934
vn 0.5344 0.4452 -0.7185
vn 0.5396 0.4246 -0.7271
vn 0.8935 0.2767 -0.3536
vn 0.8249 0.4519 -0.3396
vn 0.6950 0.6461 -0.3155
vn 0.5902 0.7311 -0.3423
vn 0.5840 0.4073 -0.7022
vn 0.6643 0.4152 -0.6216
vn 0.6832 0.5068 -0.5258
vn 0.2850 0.5485 -0.7861
vn 0.2679 0.5278 -0.8060
vn 0.6702 0.5549 -0.4928
vn 0.6574 0.5615 -0.5024
vn 0.4495 0.6509 -0.6118
vn 0.5669 0.7306 -0.3807
vn 0.3343 0.3967 -0.8549
vn 0.7873 0.3918 -0.4760
vn 0.8071 0.5584 -0.1917
vn 0.9301 0.3562 -0.0892
vn 0.6352 0.7303 -0.2513
vn 0.8647 0.3307 -0.3781
vn 0.6167 0.7410 -0.2656
vn 0.8714 0.3467 -0.3471
vn 0.5753 0.7047 -0.4153
vn 0.8884 0.3338 -0.3151
vn 0.8902 0.3217 -0.3226
vn 0.8223 0.4537 -0.3435
vn 0.7230 0.4991 -0.4778
vn 0.9420 0.3240 -0.0875
vn 0.7013 0.5477 -0.4562
vn 0.7090 0.5512 -0.4399
vn 0.7302 0.5188 -0.4445
vn 0.7584 0.4621 -0.4597
vn 0.7804 0.4135 -0.4691
vn 0.7904 0.3939 -0.4692
vn 0.8077 0.3969 -0.4360
vn 0.8476 0.3535 -0.3958
vn 0.9547 0.2244 -0.1954
vn 0.9064 0.1136 -0.4068
vn 0.8225 0.0313 -0.5679
vn 0.7363 0.0302 -0.6760
vn 0.6267 0.1271 -0.7688
vn 0.6291 0.1057 -0.7701
vn 0.8129 0.3658 -0.4532
vn 0.8258 0.3577 -0.4360
vn 0.5481 0.4049 -0.7319
vn 0.5537 0.5739 -0.6033
vn 0.6496 0.1004 -0.7536
vn 0.5721 0.2541 -0.7798
vn 0.0511 -0.5754 -0.8163
vn -0.3003 -0.0033 -0.9538
vn 0.1086 0.0289 -0.9937
vn 0.5473 -0.2415 -0.8013
vn 0.2995 0.0035 0.9541
vn 0.5282 0.2696 0.8052
vn -0.0515 0.5750 0.8165
vn 0.4557 -0.3958 0.7973
vn 0.8237 0.0086 0.5669
vn 0.5160 -0.6602 0.5458
vn 0.9357 -0.2352 0.2630
vn 0.8844 -0.4590 -0.0840
vn 0.8063 0.1089 -0.5814
vn 0.1674 0.4744 -0.8643
vn -0.4559 0.3959 -0.7971
vn -0.5279 -0.2700 -0.8052
vn 0.4581 0.7059 0.5402
vn 0.7528 0.6381 0.1615
vn 0.8744 0.4236 -0.2367
vn 0.1735 0.7958 -0.5802
vn -0.5162 0.6603 -0.5454
vn -0.8235 -0.0088 -0.5673
vn -0.4573 -0.7064 -0.5403
vn 0.1248 0.9749 -0.1844
vn -0.9355 0.2348 -0.2640
vn -0.7520 -0.6390 -0.1617
vn -0.8742 -0.4238 0.2370
vn -0.8067 -0.1087 0.5808
vn -0.8844 0.4593 0.0830
vn -0.5057 0.8380 -0.2048
vn 0.0279 0.9552 0.2945
vn -0.3879 0.8810 0.2710
vn -0.6242 0.6305 0.4613
vn -0.5478 0.2415 0.8010
vn 0.6238 -0.6304 -0.4620
vn 0.3881 -0.8808 -0.2714
vn 0.5064 -0.8378 0.2041
vn -0.1244 -0.9751 0.1835
vn -0.0270 -0.9552 -0.2948
vn -0.1734 -0.7952 0.5810
vn -0.1677 -0.4738 0.8645
vn -0.1096 -0.0287 0.9936
vn -0.5174 0.0791 -0.8521
vn -0.2073 -0.6786 -0.7046
vn -0.5761 -0.7050 -0.4136
vn 0.2049 -0.4978 -0.8427
vn -0.8116 -0.0093 -0.5841
vn -0.8268 -0.5620 -0.0239
vn -0.5117 0.6679 -0.5404
vn -0.1278 0.1730 -0.9766
vn 0.5849 -0.1961 -0.7871
vn -0.2599 0.9648 0.0413
vn -0.2048 0.4988 0.8422
vn 0.2075 0.6793 0.7039
vn -0.5956 0.7724 0.2207
vn -0.7823 0.5299 -0.3275
vn -0.9824 -0.0901 -0.1634
vn -0.8593 -0.2214 0.4610
vn -0.5848 0.1968 0.7870
vn -0.8442 0.4018 0.3547
vn -0.9654 0.2607 -0.0092
vn -0.3511 -0.2582 0.9000
vn 0.1272 -0.1726 0.9768
vn 0.5172 -0.0786 0.8522
vn 0.5759 0.7050 0.4138
vn 0.1235 0.9779 -0.1686
vn -0.1557 0.7123 -0.6843
vn 0.3501 0.2587 -0.9003
vn 0.8590 0.2217 -0.4616
vn -0.3268 -0.6109 0.7211
vn 0.1553 -0.7115 0.6853
vn 0.5121 -0.6675 0.5406
vn 0.8119 0.0094 0.5837
vn 0.8268 0.5620 0.0235
vn 0.5152 0.7689 -0.3786
vn 0.3260 0.6116 -0.7209
vn 0.9825 0.0907 0.1629
vn 0.8439 -0.4018 -0.3555
vn 0.7832 -0.5290 0.3267
vn 0.5962 -0.7716 -0.2220
vn 0.9655 -0.2604 0.0079
vn 0.2600 -0.9647 -0.0424
vn -0.1240 -0.9777 0.1695
vn -0.5152 -0.7686 0.3793
vn -0.8102 -0.5833 -0.0574
vn -0.8619 -0.2591 0.4359
vn -0.9998 0.0169 0.0055
vn -0.9279 -0.0021 -0.3729
vn -0.7553 -0.2655 -0.5992
vn -0.7779 0.3894 -0.4932
vn -0.8905 0.4454 0.0932
vn -0.6744 0.0786 0.7342
vn -0.1574 -0.4961 0.8539
vn 0.1940 -0.2556 0.9471
vn 0.5399 -0.6602 0.5221
vn 0.5055 -0.0000 0.8628
vn 0.7783 -0.3894 0.4926
vn 0.7554 0.2652 0.5992
vn 0.9283 0.0026 0.3717
vn 0.8105 0.5829 0.0570
vn -0.3441 0.3971 0.8508
vn -0.4710 -0.7083 -0.5257
vn -0.5058 -0.0003 -0.8627
vn -0.5397 0.6602 -0.5224
vn -0.6325 0.7617 0.1407
vn 0.0625 0.6263 0.7770
vn 0.4718 0.7081 0.5253
vn -0.2460 0.9586 0.1433
vn -0.1947 0.2562 -0.9468
vn -0.0627 -0.6263 -0.7771
vn 0.3436 -0.3961 -0.8515
vn 0.6738 -0.0783 -0.7347
vn 0.1570 0.4965 -0.8537
vn -0.2024 0.8558 -0.4761
vn 0.2559 0.9617 0.0985
vn 0.8619 0.2591 -0.4359
vn 0.5149 0.6654 -0.5406
vn 0.2785 0.9099 -0.3076
vn -0.7032 0.6886 -0.1768
vn -0.9658 0.1616 -0.2027
vn -0.9389 0.2359 0.2508
vn -0.5407 0.6732 -0.5044
vn -0.2319 0.9614 0.1480
vn -0.5701 0.2013 0.7965
vn -0.8509 -0.2174 0.4782
vn -0.8499 -0.5179 0.0972
vn -0.8198 0.0827 -0.5667
vn -0.5297 0.0044 -0.8482
vn -0.2970 0.5582 -0.7747
vn -0.0687 -0.0727 -0.9950
vn 0.0738 0.2897 -0.9543
vn 0.5703 -0.2000 -0.7967
vn -0.6642 -0.6856 -0.2979
vn -0.3369 -0.6968 -0.6332
vn 0.0819 -0.5463 -0.8336
vn 0.4367 0.4376 -0.7860
vn 0.2487 0.8108 -0.5299
vn 0.0161 0.9798 -0.1994
vn 0.6638 0.6856 0.2988
vn 0.3365 0.6966 0.6336
vn 0.8198 -0.0826 0.5666
vn 0.8498 0.5180 -0.0970
vn 0.9659 -0.1617 0.2020
vn 0.8509 0.2181 -0.4779
vn 0.9386 -0.2360 -0.2515
vn -0.7747 0.5773 0.2580
vn -0.4666 0.7408 0.4832
vn -0.0817 0.5470 0.8331
vn 0.5290 -0.0042 0.8486
vn 0.5410 -0.6725 0.5049
vn 0.7035 -0.6885 0.1760
vn 0.7744 -0.5772 -0.2590
vn -0.4376 -0.4368 0.7859
vn -0.0750 -0.2889 0.9544
vn 0.2964 -0.5577 0.7753
vn -0.2486 -0.8104 0.5304
vn 0.0685 0.0738 0.9949
vn -0.0161 -0.9797 0.1999
vn 0.2319 -0.9614 -0.1479
vn 0.4666 -0.7404 -0.4838
vn 0.0419 -0.5772 -0.8155
vn -0.3487 -0.2127 -0.9128
vn -0.1326 0.1910 -0.9726
vn -0.4684 -0.7033 -0.5347
vn 0.1672 -0.8947 -0.4142
vn -0.0114 -0.9973 -0.0731
vn -0.3940 -0.9156 0.0804
vn 0.3192 -0.9029 0.2880
vn 0.6083 -0.7580 -0.2355
vn 0.4520 -0.3115 -0.8359
vn 0.7438 0.0189 -0.6682
vn 0.0788 0.5348 -0.8413
vn 0.8731 0.3407 -0.3488
vn 0.8665 -0.4985 -0.0243
vn 0.9648 -0.1719 0.1989
vn 0.5262 -0.6714 0.5218
vn 0.6510 -0.3574 0.6697
vn 0.1322 -0.1902 0.9728
vn 0.3488 0.2132 0.9126
vn -0.0411 0.5779 0.8151
vn 0.4682 0.7032 0.5351
vn -0.2631 -0.7982 0.5419
vn -0.0792 -0.5353 0.8409
vn -0.4522 0.3125 0.8354
vn -0.7443 -0.0186 0.6676
vn -0.8734 -0.3404 0.3483
vn -0.8087 -0.5846 -0.0653
vn 0.6841 0.0892 0.7239
vn 0.8796 0.2189 0.4223
vn 0.8082 0.5852 0.0659
vn 0.2619 0.7988 -0.5416
vn -0.5261 0.6714 -0.5220
vn -0.6510 0.3571 -0.6698
vn -0.6844 -0.0890 -0.7236
vn 0.3941 0.9156 -0.0794
vn -0.3191 0.9028 -0.2883
vn -0.6081 0.7583 0.2348
vn -0.8665 0.4987 0.0233
vn -0.9646 0.1720 -0.1998
vn -0.8801 -0.2175 -0.4220
vn 0.0119 0.9972 0.0736
vn -0.1665 0.8948 0.4142
vn 0.3319 0.5159 -0.7897
vn 0.9467 0.1675 0.2751
vn 0.8943 0.2917 0.3393
vn 0.4122 0.3409 -0.8449
vn 0.2746 0.6819 -0.6780
vn 0.9806 0.0564 0.1875
vn -0.9590 -0.2191 -0.1800
vn -0.9219 -0.3237 -0.2128
vn 0.4891 0.2254 -0.8426
vn 0.8436 0.3770 0.3825
vn -0.3995 -0.1804 0.8988
vn 0.8071 0.4588 0.3716
vn -0.3503 -0.3149 0.8821
vn -0.2760 -0.5085 0.8156
vn -0.2204 -0.6846 0.6948
vn 0.9837 -0.1003 0.1494
vn 0.2984 0.7805 -0.5494
vn -0.9859 -0.1230 -0.1139
vn -0.8933 -0.4014 -0.2023
vn 0.5422 0.1232 -0.8311
vn -0.4673 -0.0730 0.8811
vn 0.5765 0.0675 -0.8143
vn 0.7799 0.5056 0.3689
vn -0.5011 -0.0086 0.8653
vn -0.1365 -0.8113 0.5685
vn -0.9935 -0.1139 -0.0089
vn -0.8630 -0.4591 -0.2107
vn -0.8445 -0.4947 -0.2049
vn -0.7378 0.3075 0.6009
vn -0.7403 0.2407 0.6277
vn 0.4775 0.4467 0.7566
vn 0.4897 0.3420 0.8020
vn 0.4611 0.2263 0.8580
vn -0.7431 0.3789 0.5516
vn 0.3964 0.0511 0.9166
vn 0.8309 -0.3485 -0.4337
vn 0.7739 -0.4925 -0.3983
vn 0.8573 -0.2433 -0.4537
vn 0.8498 -0.1614 -0.5018
vn 0.8437 -0.1112 -0.5251
vn 0.4710 0.5053 0.7231
vn -0.7322 0.2049 0.6496
vn -0.2512 -0.5121 -0.8214
vn -0.2620 -0.4661 -0.8450
vn -0.2648 -0.3859 -0.8837
vn -0.2745 -0.2857 -0.9182
vn -0.7074 0.4911 0.5084
vn -0.6368 0.5999 0.4844
vn 0.2888 -0.1159 0.9503
vn -0.2385 -0.1401 -0.9610
vn -0.1567 0.0008 -0.9876
vn -0.0412 0.0623 -0.9972
vn -0.5480 0.6496 0.5271
vn 0.2015 -0.2734 0.9406
vn 0.6051 -0.7364 -0.3024
vn 0.6845 -0.6245 -0.3761
vn -0.0083 -0.3394 -0.9406
vn 0.5942 0.4780 -0.6468
vn 0.0664 -0.3711 -0.9262
vn 0.4459 0.5680 -0.6917
vn 0.4112 0.8539 0.3190
vn 0.3245 0.9042 0.2776
vn -0.2198 -0.2475 -0.9436
vn -0.0445 0.7149 -0.6978
vn 0.2516 0.6495 -0.7176
vn -0.0851 -0.2830 -0.9553
vn -0.3509 -0.9356 0.0388
vn -0.4930 -0.8692 0.0375
vn -0.1745 0.0306 0.9842
vn -0.2778 0.1032 0.9551
vn -0.1248 -0.9919 0.0243
vn -0.0276 -0.0073 0.9996
vn 0.1883 -0.0449 0.9811
vn -0.6001 -0.7999 -0.0098
vn -0.3371 0.1425 0.9306
vn -0.6568 -0.7532 -0.0349
vn 0.1025 -0.3979 -0.9117
vn 0.6704 0.4206 -0.6113
vn 0.4828 0.8090 0.3352
vn 0.1743 0.9463 0.2723
vn -0.3319 0.7138 -0.6167
vn 0.5167 0.7790 0.3553
vn 0.0208 0.9517 0.3062
vn -0.5252 0.6727 -0.5213
vn -0.3512 -0.2465 -0.9033
vn -0.4082 -0.3447 -0.8453
vn 0.0957 -0.9948 -0.0337
vn 0.2970 -0.9542 -0.0343
vn 0.3890 -0.0417 0.9203
vn 0.5501 -0.0879 0.8305
vn -0.0312 0.9050 0.4243
vn -0.0967 -0.7219 -0.6852
vn -0.0384 -0.0276 -0.9989
vn 0.3340 -0.4676 -0.8184
vn -0.3905 -0.2356 -0.8900
vn -0.3992 0.4255 -0.8121
vn -0.5422 0.3413 -0.7678
vn -0.5409 0.6160 -0.5727
vn -0.2858 0.5518 -0.7834
vn 0.2406 0.2827 -0.9285
vn 0.6752 -0.0880 -0.7324
vn 0.8635 -0.4267 -0.2690
vn 0.5845 -0.7370 -0.3394
vn 0.2323 -0.9449 -0.2305
vn -0.0987 -0.9947 0.0285
vn 0.3436 -0.8411 0.4178
vn -0.3197 -0.8730 0.3683
vn 0.5409 -0.6160 0.5727
vn 0.4783 -0.8207 0.3125
vn 0.6211 -0.7364 0.2683
vn 0.7345 -0.6102 0.2969
vn 0.2537 -0.7915 0.5560
vn 0.2326 -0.6857 0.6897
vn -0.3716 -0.6124 0.6977
vn 0.2858 -0.5518 0.7835
vn 0.3992 -0.4257 0.8121
vn 0.5423 -0.3412 0.7678
vn 0.6768 -0.3210 0.6625
vn 0.3904 0.2357 0.8900
vn 0.0384 0.0276 0.9989
vn -0.2406 -0.2827 0.9285
vn -0.8355 -0.3152 0.4501
vn -0.7719 -0.6339 0.0472
vn -0.5015 -0.7828 -0.3684
vn -0.7215 -0.2855 -0.6309
vn -0.6768 0.3210 -0.6625
vn -0.9426 -0.1637 -0.2911
vn -0.9945 0.0970 0.0382
vn -0.7665 0.3705 -0.5246
vn -0.7878 0.4762 -0.3907
vn -0.8635 0.4266 0.2690
vn -0.6752 0.0881 0.7324
vn -0.3340 0.4676 0.8184
vn 0.0967 0.7219 0.6852
vn 0.7214 0.2855 0.6309
vn 0.9426 0.1637 0.2912
vn 0.7666 -0.3705 0.5244
vn 0.7878 -0.4762 0.3906
vn -0.5846 0.7370 0.3394
vn -0.7345 0.6103 -0.2969
vn 0.9945 -0.0970 -0.0382
vn -0.2325 0.6858 -0.6896
vn 0.3716 0.6124 -0.6978
vn 0.8355 0.3152 -0.4501
vn 0.7720 0.6339 -0.0472
vn 0.5015 0.7828 0.3683
vn -0.2324 0.9449 0.2305
vn -0.6210 0.7364 -0.2683
vn -0.4780 0.8208 -0.3126
vn 0.3197 0.8730 -0.3684
vn 0.0986 0.9947 -0.0286
vn -0.3435 0.8410 -0.4179
vn -0.2537 0.7916 -0.5559
vn 0.2031 -0.8551 0.4770
vn -0.5147 -0.6657 0.5403
vn -0.2767 -0.9101 0.3085
vn -0.2551 -0.9619 -0.0980
vn 0.2466 -0.9585 -0.1433
vn 0.6327 -0.7613 -0.1416
vn 0.8905 -0.4452 -0.0941
vn 0.9998 -0.0176 -0.0071
vn 0.3660 0.9295 0.0453
vn 0.8974 -0.0323 0.4400
vn 0.8119 -0.0785 0.5785
vn 0.2595 0.9602 0.1033
vn -0.8146 -0.3233 -0.4816
vn 0.9642 -0.0213 0.2641
vn 0.2153 0.9450 0.2463
vn 0.9967 0.0187 0.0791
vn 0.2106 0.8996 0.3825
vn 0.2426 0.8511 0.4657
vn -0.9345 -0.2989 -0.1936
vn -0.9281 -0.3499 -0.1273
vn 0.1061 -0.9206 -0.3757
vn 0.1157 -0.8575 -0.5014
vn 0.9974 0.0529 -0.0497
vn 0.9827 0.1152 -0.1450
vn 0.0819 -0.7929 -0.6038
vn 0.9678 0.1500 -0.2019
vn 0.0657 -0.7490 -0.6593
vn -0.9157 -0.4010 -0.0268
vn -0.9241 -0.3773 -0.0605
vn 0.2547 0.8077 0.5317
vn 0.2719 0.7792 0.5648
vn -0.0222 -0.9779 0.2077
vn 0.0070 -0.9996 0.0263
vn 0.0769 -0.9816 -0.1750
vn -0.9145 -0.2636 -0.3070
vn -0.8705 -0.2548 -0.4211
vn 0.3562 -0.6623 -0.6592
vn 0.8080 0.4515 -0.3784
vn 0.3071 -0.6349 -0.7089
vn -0.5376 0.4597 0.7069
vn -0.5056 0.4388 0.7428
vn 0.7752 0.4794 -0.4114
vn 0.4335 -0.7031 -0.5637
vn 0.7180 0.5022 -0.4819
vn 0.5473 -0.6975 -0.4626
vn -0.6028 0.4703 0.6446
vn -0.6052 -0.7287 0.3204
vn -0.6971 -0.6775 0.2345
vn -0.8970 0.2703 0.3498
vn 0.4070 0.4558 -0.7915
vn 0.4228 0.3195 -0.8480
vn 0.8179 -0.5509 -0.1660
vn 0.6948 -0.6511 -0.3055
vn 0.5124 0.5273 -0.6778
vn 0.6324 0.5409 -0.5545
vn -0.6629 0.4972 0.5597
vn -0.5123 -0.7345 0.4450
vn -0.7422 -0.6451 0.1815
vn 0.8809 -0.4733 0.0004
vn -0.8509 0.4012 0.3393
vn -0.7627 0.4726 0.4416
vn -0.3595 -0.6989 0.6183
vn -0.2221 -0.5982 0.7699
vn -0.0508 -0.5156 0.8553
vn -0.6279 0.6862 -0.3671
vn -0.6894 0.6786 -0.2533
vn -0.6488 0.6787 -0.3441
vn -0.6253 0.6954 -0.3540
vn -0.6240 0.7139 -0.3178
vn -0.5970 0.7415 -0.3063
vn -0.5907 0.7664 -0.2523
vn -0.6442 0.6542 -0.3963
vn -0.7231 0.5725 -0.3865
vn -0.7588 0.5440 -0.3583
vn -0.3883 0.8521 -0.3508
vn -0.3141 0.7974 -0.5153
vn -0.6936 0.6255 -0.3572
vn -0.7375 0.5834 -0.3403
vn -0.7610 0.5540 -0.3377
vn -0.5459 0.8376 -0.0220
vn -0.5829 0.8122 -0.0244
vn -0.7687 0.6312 -0.1034
vn -0.9005 0.4101 -0.1446
vn -0.9114 0.3808 -0.1563
vn -0.6039 0.7587 -0.2442
vn -0.6174 0.7377 -0.2731
vn -0.4703 0.8726 -0.1316
vn -0.8879 0.3445 -0.3050
vn -0.7876 0.3590 -0.5008
vn -0.6480 0.4040 -0.6457
vn -0.5180 0.4755 -0.7111
vn -0.3848 0.5982 -0.7029
vn -0.3823 0.5848 -0.7154
vn -0.6432 0.6680 -0.3742
vn -0.6558 0.6579 -0.3702
vn -0.3122 0.7166 -0.6237
vn -0.3975 0.5827 -0.7088
vn 0.4872 -0.6002 0.6343
vn 0.4821 -0.4577 0.7470
vn 0.4965 -0.5925 0.6344
vn 0.5070 -0.5955 0.6231
vn 0.5202 -0.5868 0.6205
vn 0.5412 -0.5510 0.6352
vn 0.5695 -0.4955 0.6559
vn 0.6046 -0.4402 0.6638
vn 0.6319 -0.4327 0.6431
vn 0.6039 -0.5151 0.6083
vn 0.4537 -0.6418 0.6182
vn 0.2713 -0.7211 0.6375
vn 0.1915 -0.6907 0.6973
vn 0.1754 -0.6393 0.7487
vn 0.2361 -0.6452 0.7266
vn 0.3865 -0.6213 0.6816
vn 0.4725 -0.6013 0.6443
vn -0.6657 0.5728 -0.4783
vn -0.2867 0.7333 -0.6165
vn -0.3406 0.6110 -0.7146
vn -0.6523 0.5766 -0.4919
vn -0.3047 0.8288 -0.4693
vn -0.2859 0.8294 -0.4799
vn -0.4919 0.8231 -0.2839
vn -0.3770 0.8540 -0.3585
vn -0.6324 0.5495 -0.5460
vn -0.6394 0.5653 -0.5211
vn -0.2917 0.8178 -0.4961
vn -0.6670 0.5480 -0.5047
vn -0.7322 0.4574 -0.5047
vn -0.6975 0.5545 -0.4540
vn -0.4539 0.4362 -0.7770
vn -0.7343 0.5312 -0.4228
vn -0.5867 0.2433 -0.7724
vn -0.7581 0.5186 -0.3953
vn -0.6899 0.1353 -0.7111
vn -0.7563 0.5257 -0.3894
vn -0.6371 0.5077 -0.5799
vn -0.6408 0.4265 -0.6383
vn -0.6331 0.4669 -0.6174
vn -0.6467 0.5369 -0.5418
vn -0.7179 0.5423 -0.4365
vn -0.7075 0.1272 -0.6952
vn -0.8304 0.2616 -0.4919
vn -0.9013 0.3654 -0.2328
vn -0.8933 0.4035 -0.1981
vn -0.6493 0.4254 -0.6305
vn -0.6486 0.4569 -0.6087
vn -0.6607 0.7160 -0.2257
vn -0.8208 0.5422 -0.1798
vn 0.4042 -0.6813 0.6103
vn 0.2501 -0.6977 0.6713
vn 0.3980 -0.6746 0.6217
vn 0.4065 -0.6660 0.6254
vn 0.4043 -0.6559 0.6375
vn 0.3766 -0.6418 0.6681
vn 0.3376 -0.6201 0.7082
vn 0.3164 -0.5875 0.7448
vn 0.3483 -0.5677 0.7459
vn 0.4250 -0.6141 0.6650
vn 0.4386 -0.7133 0.5466
vn 0.3963 -0.8021 0.4466
vn 0.3090 -0.8454 0.4356
vn 0.2672 -0.8434 0.4661
vn 0.3119 -0.8095 0.4975
vn 0.3700 -0.7418 0.5593
vn 0.4003 -0.6946 0.5978
vn -0.4880 0.7621 -0.4256
vn -0.3065 0.9293 -0.2062
vn -0.1097 0.9215 -0.3726
vn -0.4587 0.8885 -0.0115
vn -0.3636 0.8031 -0.4721
vn -0.4786 0.8780 0.0008
vn -0.3422 0.8235 -0.4524
vn -0.6010 0.7969 -0.0614
vn -0.3059 0.8348 -0.4578
vn -0.3069 0.8275 -0.4702
vn -0.3930 0.8505 -0.3496
vn -0.5456 0.7764 -0.3155
vn -0.0923 0.9116 -0.4006
vn -0.5508 0.7929 -0.2607
vn -0.5368 0.8039 -0.2562
vn -0.5238 0.8000 -0.2926
vn -0.5084 0.7849 -0.3542
vn -0.4923 0.7710 -0.4040
vn -0.4824 0.7669 -0.4232
vn -0.4520 0.7882 -0.4176
vn -0.3917 0.8003 -0.4539
vn -0.1424 0.8420 -0.5204
vn -0.2875 0.6995 -0.6543
vn -0.4056 0.5556 -0.7258
vn -0.5127 0.4684 -0.7195
vn -0.6527 0.4248 -0.6273
vn -0.6441 0.4135 -0.6436
vn -0.4527 0.7705 -0.4488
vn -0.4323 0.7786 -0.4548
vn -0.7533 0.5379 -0.3786
vn -0.7130 0.6674 -0.2151
vn -0.6243 0.4293 -0.6527
vn -0.7260 0.4570 -0.5140
vn 0.6089 -0.6095 0.5077
vn 0.7321 -0.4574 0.5047
vn 0.6077 -0.6184 0.4983
vn 0.6184 -0.6188 0.4844
vn 0.6559 -0.5981 0.4605
vn 0.7069 -0.5648 0.4257
vn 0.7498 -0.5400 0.3824
vn 0.7492 -0.5539 0.3632
vn 0.6812 -0.5819 0.4442
vn 0.6231 -0.5579 0.5481
vn 0.5921 -0.5000 0.6320
vn 0.6099 -0.4306 0.6653
vn 0.6290 -0.4312 0.6469
vn 0.6151 -0.4936 0.6148
vn 0.5935 -0.5608 0.5773
vn 0.5889 -0.6018 0.5394
vn 0.5982 -0.6117 0.5177
vn 0.5653 0.7592 0.3225
vn 0.4654 0.8823 -0.0698
vn -0.0617 0.9121 0.4053
vn 0.7083 0.5921 -0.3842
vn 0.1215 0.9622 -0.2438
vn 0.1857 0.7222 -0.6663
vn -0.3792 0.9197 -0.1019
vn -0.5511 0.6766 -0.4884
vn -0.2793 -0.5833 -0.7627
vn -0.4996 -0.1611 -0.8511
vn 0.2294 -0.0188 -0.9731
vn 0.2173 0.3789 -0.8996
vn -0.5943 0.2881 -0.7509
vn 0.7782 0.2627 -0.5704
vn 0.8876 0.4104 0.2089
vn 0.2792 0.5821 0.7637
vn 0.4993 0.1599 0.8516
vn 0.9985 0.0176 0.0511
vn 0.5937 -0.2879 0.7514
vn -0.2130 0.4645 0.8596
vn -0.2294 0.0183 0.9732
vn -0.2170 -0.3800 0.8992
vn 0.5515 -0.6767 0.4878
vn 0.9225 -0.3624 -0.1331
vn 0.7353 -0.0903 -0.6717
vn 0.2131 -0.4651 -0.8592
vn 0.0612 -0.9121 -0.4054
vn -0.5426 0.5043 0.6718
vn -0.7354 0.0905 0.6715
vn -0.7781 -0.2632 0.5704
vn -0.1847 -0.7227 0.6660
vn 0.3789 -0.9198 0.1014
vn 0.6479 -0.6909 -0.3209
vn 0.5426 -0.5036 -0.6723
vn -0.1215 -0.9623 0.2434
vn -0.7076 -0.5929 0.3845
vn -0.8875 -0.4109 -0.2085
vn -0.5649 -0.7599 -0.3215
vn -0.4649 -0.8826 0.0700
vn -0.9986 -0.0168 -0.0503
vn -0.9222 0.3632 0.1331
vn -0.6479 0.6915 0.3196
vn 0.6124 -0.6733 0.4142
vn 0.6898 -0.6782 0.2534
vn 0.6052 -0.6767 0.4194
vn 0.6002 -0.6861 0.4111
vn 0.6024 -0.7064 0.3716
vn 0.6017 -0.7354 0.3115
vn 0.5848 -0.7690 0.2583
vn 0.5571 -0.7862 0.2675
vn 0.5650 -0.7388 0.3674
vn 0.6293 -0.6411 0.4393
vn 0.7049 -0.5434 0.4559
vn 0.7636 -0.5091 0.3971
vn 0.7683 -0.5276 0.3625
vn 0.7267 -0.5665 0.3886
vn 0.6635 -0.6252 0.4110
vn 0.6217 -0.6594 0.4226
vn 0.6120 -0.6685 0.4226
vn -0.3822 -0.8757 0.2951
vn -0.6882 -0.7245 0.0383
vn 0.0210 -0.8508 0.5251
vn -0.8809 -0.4221 -0.2141
vn -0.9529 -0.0417 0.3003
vn -0.8014 0.5976 0.0245
vn -0.9623 0.2552 -0.0938
vn -0.9004 0.0161 -0.4347
vn 0.5481 0.6079 -0.5745
vn 0.1186 0.3888 -0.9137
vn -0.0988 0.7230 -0.6837
vn 0.7595 0.3091 -0.5724
vn 0.6249 0.7801 0.0309
vn -0.4106 0.9024 -0.1309
vn -0.5786 0.5618 -0.5913
vn -0.5779 0.1274 -0.8061
vn 0.3007 0.0348 -0.9531
vn 0.4525 -0.3275 -0.8294
vn 0.8694 -0.0475 -0.4918
vn 0.5453 -0.6751 -0.4968
vn 0.8215 -0.4922 -0.2878
vn 0.4118 -0.9018 0.1312
vn -0.4403 -0.3184 -0.8395
vn -0.1984 -0.6923 -0.6938
vn 0.0993 -0.9197 -0.3799
vn 0.8824 -0.4515 0.1324
vn 0.9895 0.0268 0.1419
vn 0.8862 0.4509 0.1065
vn 0.4395 0.3189 0.8397
vn 0.1980 0.6926 0.6936
vn -0.3007 -0.0349 0.9531
vn 0.5780 -0.1272 0.8061
vn -0.1182 -0.3898 0.9133
vn 0.5791 -0.5614 0.5912
vn 0.0988 -0.7237 0.6830
vn 0.1849 0.8613 -0.4733
vn 0.2155 0.9736 -0.0747
vn -0.0987 0.9198 0.3798
vn -0.4526 0.3281 0.8292
vn -0.7591 -0.3090 0.5730
vn -0.5476 -0.6084 0.5744
vn -0.1843 -0.8618 0.4725
vn -0.8819 0.4523 -0.1331
vn -0.8211 0.4933 0.2870
vn -0.8694 0.0483 0.4917
vn -0.9896 -0.0262 -0.1415
vn -0.5447 0.6757 0.4968
vn -0.8862 -0.4509 -0.1066
vn -0.6249 -0.7801 -0.0308
vn -0.2146 -0.9738 0.0747
vn 0.2815 0.5731 0.7696
vn 0.5243 0.0392 0.8506
vn 0.8140 0.3253 0.4813
vn 0.9892 0.0058 0.1466
vn 0.8353 0.4934 -0.2424
vn 0.7315 0.6449 0.2217
vn 0.0305 0.0244 0.9992
vn 0.7709 0.2900 -0.5671
vn 0.9434 -0.2709 -0.1912
vn 0.5980 -0.4116 0.6877
vn -0.1246 -0.3966 0.9095
vn -0.6001 -0.0573 0.7978
vn -0.2822 0.2331 0.9306
vn -0.3476 0.5814 0.7356
vn 0.2824 -0.2326 -0.9307
vn -0.2818 -0.5727 -0.7698
vn -0.0296 -0.0232 -0.9993
vn 0.6004 0.0572 -0.7977
vn 0.1250 0.3965 -0.9095
vn 0.7278 -0.4730 -0.4965
vn 0.5265 -0.7607 0.3797
vn -0.2545 -0.6990 0.6683
vn -0.7708 -0.2899 0.5673
vn -0.7274 0.4738 0.4964
vn -0.0573 0.9083 0.4143
vn 0.3330 -0.9429 -0.0106
vn -0.5243 -0.0389 -0.8506
vn -0.8147 -0.3244 -0.4807
vn -0.9892 -0.0054 -0.1468
vn -0.8353 -0.4936 0.2423
vn -0.3615 -0.8819 0.3027
vn 0.0583 -0.9086 -0.4136
vn 0.3479 -0.5811 -0.7357
vn -0.5975 0.4117 -0.6881
vn -0.9435 0.2713 0.1903
vn -0.5258 0.7608 -0.3805
vn -0.3320 0.9432 0.0105
vn -0.4180 -0.8886 -0.1891
vn -0.7317 -0.6447 -0.2214
vn 0.5180 -0.7295 0.4466
vn 0.3931 -0.8505 0.3496
vn 0.5994 -0.7255 0.3382
vn 0.5932 -0.7654 0.2496
vn 0.5686 -0.7851 0.2455
vn 0.5628 -0.7666 0.3093
vn 0.5405 -0.7439 0.3931
vn 0.5203 -0.7279 0.4466
vn 0.5084 -0.7265 0.4623
vn 0.4936 -0.7338 0.4667
vn 0.4861 -0.7300 0.4805
vn 0.4680 -0.7354 0.4901
vn 0.4243 -0.7627 0.4882
vn 0.3624 -0.7985 0.4806
vn 0.3011 -0.8214 0.4843
vn 0.2945 -0.8090 0.5087
vn 0.3950 -0.7587 0.5180
vn -0.1902 0.1713 -0.9667
vn -0.8344 0.5511 0.0073
vn -0.9338 0.3575 0.0099
vn -0.2464 0.0701 -0.9666
vn 0.8402 -0.5380 0.0682
vn 0.9313 -0.3605 0.0522
vn -0.3735 -0.0618 -0.9256
vn -0.6065 0.7912 -0.0783
vn -0.6618 0.7478 -0.0533
vn -0.3449 -0.0361 -0.9379
vn -0.7468 0.6651 -0.0051
vn -0.3093 0.0177 -0.9508
vn 0.7594 -0.6401 0.1165
vn 0.1399 0.0070 0.9901
vn 0.0901 -0.1337 0.9869
vn 0.9838 -0.1608 0.0787
vn -0.1596 0.2850 -0.9451
vn -0.9890 0.1462 -0.0239
vn 0.6802 -0.7175 0.1501
vn 0.6314 -0.7549 0.1776
vn 0.1728 0.1094 0.9789
vn 0.2381 0.1675 0.9567
vn 0.2725 0.2059 0.9399
vn -0.2184 0.3637 -0.9056
vn -0.9984 -0.0511 -0.0261
vn 0.9847 -0.0260 0.1721
vn 0.0621 -0.2740 0.9597
vn -0.0360 -0.3950 0.9180
vn -0.3608 0.6236 -0.6935
vn -0.2499 0.6976 -0.6715
vn -0.3177 0.5950 -0.7383
vn -0.3538 0.6946 -0.6264
vn -0.3447 0.7101 -0.6139
vn -0.3133 0.7516 -0.5805
vn -0.2728 0.7972 -0.5385
vn -0.2598 0.8218 -0.5072
vn -0.2846 0.8246 -0.4889
vn -0.3299 0.6860 -0.6485
vn -0.7152 0.5598 -0.4184
vn -0.7028 0.5778 -0.4150
vn -0.6963 0.4636 -0.5479
vn -0.6317 0.4344 -0.6420
vn -0.4878 0.4639 -0.7395
vn -0.2801 0.4761 -0.8336
vn -0.1592 0.5131 -0.8434
vn -0.3376 0.7933 -0.5066
vn -0.3996 0.7101 -0.5797
vn -0.0056 0.8736 -0.4865
vn -0.1414 0.5480 -0.8245
vn -0.0906 0.7392 -0.6674
vn 0.0062 0.8819 -0.4713
vn -0.2967 0.6017 -0.7415
vn -0.3036 0.6232 -0.7208
vn -0.3281 0.6451 -0.6901
vn -0.3264 0.8821 -0.3397
vn -0.5147 0.7964 -0.3175
vn -0.3513 0.6605 -0.6635
vn -0.6357 0.6916 -0.3428
vn -0.3578 0.6702 -0.6503
vn -0.7068 0.5565 -0.4367
vn -0.1166 0.9106 -0.3966
vn -0.0269 0.9460 -0.3229
vn -0.1455 0.9230 -0.3563
vn -0.2886 0.5034 0.8144
vn 0.3048 -0.6614 -0.6853
vn 0.4491 -0.6181 -0.6452
vn 0.5862 -0.5868 -0.5586
vn 0.0818 0.9646 -0.2506
vn -0.4695 0.4654 0.7503
vn -0.6346 0.4343 0.6392
vn 0.1064 0.9837 -0.1447
vn -0.7628 0.3715 0.5292
vn 0.6555 -0.6071 -0.4492
vn -0.1610 -0.9285 0.3346
vn -0.0324 -0.9030 0.4285
vn 0.1087 -0.8650 0.4899
vn 0.2041 -0.7040 -0.6802
vn -0.2306 0.9104 -0.3435
vn -0.1602 0.5232 0.8370
vn -0.0526 0.5615 0.8258
vn -0.3041 -0.9121 0.2751
vn 0.2063 -0.8264 0.5239
vn 0.1212 -0.7272 -0.6756
vn -0.2995 0.8890 -0.3465
vn -0.3394 0.8784 -0.3364
vn 0.0127 0.5775 0.8163
vn 0.3508 -0.7885 0.5052
vn 0.2986 -0.8059 0.5113
vn 0.0724 -0.7439 -0.6644
vn -0.5283 -0.0323 -0.8485
vn -0.5866 0.5135 -0.6262
vn -0.1264 0.4556 -0.8812
vn 0.1013 0.1603 -0.9819
vn 0.0590 -0.2250 -0.9726
vn 0.4998 0.2502 -0.8292
vn 0.1676 0.7233 -0.6699
vn -0.4817 0.8330 -0.2720
vn -0.9316 0.3381 0.1338
vn -0.7542 0.3901 0.5282
vn -0.7603 -0.2891 0.5817
vn -0.4610 0.3504 0.8153
vn -0.4992 -0.2508 0.8294
vn -0.0593 0.2253 0.9725
vn -0.1000 -0.1610 0.9819
vn 0.5283 0.0318 0.8484
vn -0.2609 0.9568 0.1282
vn -0.2922 -0.5682 -0.7693
vn 0.4611 -0.3505 -0.8152
vn 0.7606 0.2889 -0.5815
vn 0.4195 0.8316 -0.3640
vn 0.0180 0.8666 0.4987
vn 0.2920 0.5680 0.7695
vn 0.6232 0.7819 0.0158
vn 0.7544 -0.3890 -0.5288
vn -0.0176 -0.8665 -0.4988
vn 0.2620 -0.9564 -0.1286
vn 0.4822 -0.8330 0.2712
vn 0.9317 -0.3376 -0.1339
vn 0.9300 0.2888 -0.2272
vn 0.7217 0.5322 0.4426
vn 0.5868 -0.5131 0.6264
vn 0.9194 -0.1854 0.3470
vn 0.9340 0.2212 0.2806
vn 0.3131 -0.8262 -0.4683
vn 0.4888 0.4974 0.7167
vn 0.2915 -0.8671 -0.4039
vn 0.5236 0.5454 0.6545
vn -0.7657 -0.2815 -0.5783
vn -0.6971 -0.2240 -0.6810
vn -0.5444 0.8197 0.1781
vn -0.5068 0.8534 0.1222
vn -0.6533 -0.1875 -0.7335
vn 0.2651 -0.8912 -0.3681
vn 0.4576 0.4776 0.7499
vn -0.6047 0.7497 0.2690
vn -0.6235 0.6723 0.3990
vn 0.5765 0.5864 0.5690
vn 0.5921 0.6744 0.4411
vn 0.3577 -0.6795 -0.6406
vn 0.3158 -0.5940 -0.7399
vn -0.8028 -0.5267 -0.2795
vn 0.3556 -0.7681 -0.5324
vn -0.7987 -0.3835 -0.4637
vn -0.6120 0.5421 0.5759
vn 0.5544 0.7681 0.3205
vn 0.1962 -0.5895 -0.7836
vn -0.7394 -0.6644 -0.1092
vn -0.6800 -0.7292 0.0765
vn -0.5450 0.4149 0.7286
vn -0.5037 0.2562 0.8250
vn 0.4384 0.8414 0.3162
vn 0.1016 -0.3760 0.9210
vn -0.6449 -0.7419 -0.1835
vn -0.0476 -0.2626 0.9637
vn -0.4702 -0.8515 -0.2318
vn -0.1408 0.0404 -0.9892
vn -0.2406 0.1034 -0.9651
vn 0.2073 -0.4413 0.8731
vn 0.4928 0.7037 0.5119
vn 0.4084 0.7155 0.5668
vn -0.3201 0.1141 -0.9405
vn -0.3427 -0.9012 -0.2654
vn 0.3126 -0.4603 0.8309
vn 0.3357 0.7280 0.5978
vn -0.3817 0.1402 -0.9136
vn -0.2339 -0.9155 -0.3272
vn 0.3723 -0.4711 0.7997
vn -0.1679 -0.9188 -0.3571
vn -0.4197 0.1444 -0.8961
vn 0.2955 0.7251 0.6220
vn 0.6124 0.6384 0.4663
vn -0.0578 -0.0493 -0.9971
vn 0.7181 0.5330 0.4476
vn -0.0661 -0.1556 -0.9856
vn 0.7443 0.4291 0.5118
vn -0.1733 -0.1229 0.9772
vn -0.3060 -0.0209 0.9518
vn -0.7921 -0.5882 -0.1631
vn -0.8907 -0.4416 -0.1081
vn -0.9300 -0.2879 0.2285
vn -0.9195 0.1849 -0.3470
vn -0.9345 -0.2215 -0.2786
vn -0.7222 -0.5324 -0.4415
vn -0.6232 -0.7819 -0.0152
vn -0.4187 -0.8322 0.3637
vn -0.1670 -0.7238 0.6695
vn 0.1266 -0.4564 0.8807
vn -0.5611 -0.8254 -0.0625
vn -0.6526 -0.5396 0.5320
vn -0.7648 -0.4980 0.4088
vn -0.7570 -0.2292 0.6119
vn -0.5567 -0.4945 0.6674
vn -0.2847 -0.9278 0.2411
vn -0.1532 -0.8480 -0.5073
vn -0.4503 -0.4955 -0.7428
vn 0.3105 -0.5613 -0.7671
vn 0.0675 -0.2731 -0.9596
vn 0.5644 0.0516 -0.8239
vn 0.6632 -0.0654 -0.7456
vn 0.7570 0.2292 -0.6119
vn 0.7754 -0.1072 -0.6223
vn 0.5870 -0.6637 -0.4635
vn 0.1849 -0.9733 -0.1359
vn -0.0487 -0.8170 0.5745
vn 0.8713 -0.0621 -0.4868
vn 0.8230 -0.5530 -0.1301
vn 0.4735 -0.8378 0.2718
vn 0.5058 0.2130 -0.8359
vn -0.0766 0.1237 -0.9894
vn -0.6267 -0.0101 -0.7792
vn -0.8040 -0.5371 -0.2551
vn -0.8636 -0.3809 0.3304
vn -0.8713 0.0621 0.4868
vn -0.9250 -0.0575 0.3755
vn -0.9552 0.2587 -0.1438
vn -0.9483 -0.1403 -0.2847
vn -0.9222 -0.2196 0.3183
vn -0.5870 0.6637 0.4636
vn -0.8230 0.5530 0.1301
vn -0.6352 0.4779 -0.6068
vn -0.0835 0.5227 -0.8484
vn 0.5029 0.3750 -0.7788
vn 0.5567 0.4945 -0.6675
vn 0.0487 0.8170 -0.5746
vn -0.4735 0.8378 -0.2718
vn -0.1849 0.9733 0.1359
vn 0.1532 0.8480 0.5073
vn -0.3106 0.5613 0.7671
vn -0.0676 0.2732 0.9596
vn -0.5644 -0.0517 0.8239
vn 0.0765 -0.1237 0.9894
vn -0.5059 -0.2129 0.8359
vn -0.5029 -0.3750 0.7788
vn 0.2846 0.9278 -0.2411
vn 0.6526 0.5395 -0.5320
vn 0.5611 0.8254 0.0624
vn 0.7649 0.4979 -0.4087
vn 0.0834 -0.5228 0.8484
vn 0.6267 0.0102 0.7792
vn 0.4503 0.4955 0.7428
vn 0.8040 0.5371 0.2550
vn 0.8636 0.3807 -0.3304
vn 0.9251 0.0575 -0.3755
vn 0.9552 -0.2587 0.1437
vn 0.6352 -0.4779 0.6067
vn 0.9483 0.1403 0.2847
vn 0.9222 0.2196 -0.3183
vn -0.8456 0.0408 -0.5323
vn -0.7655 0.0552 -0.6410
vn -0.1503 0.9842 -0.0934
vn -0.1125 0.9780 -0.1759
vn -0.9140 0.0790 -0.3980
vn -0.0477 0.9643 -0.2604
vn -0.0078 0.9149 -0.4035
vn 0.8471 -0.3218 0.4230
vn 0.7841 -0.3344 0.5228
vn 0.7309 -0.3266 0.5993
vn -0.9720 0.1482 -0.1823
vn -0.2148 -0.8033 0.5554
vn -0.9331 0.2802 0.2253
vn -0.2481 -0.6737 0.6961
vn -0.9682 0.2492 0.0221
vn -0.2238 -0.9021 0.3689
vn -0.1834 -0.9695 0.1629
vn -0.1411 -0.9898 0.0180
vn -0.0613 -0.9946 -0.0839
vn -0.0160 -0.9895 -0.1438
vn -0.7139 0.0593 -0.6977
vn -0.1842 0.9814 -0.0534
vn 0.6936 -0.3359 0.6373
vn 0.8960 -0.3588 0.2617
vn -0.0126 0.8428 -0.5381
vn -0.1269 0.7912 -0.5982
vn 0.8269 -0.5577 0.0722
vn 0.8960 -0.4311 0.1070
vn 0.2684 -0.9379 0.2200
vn 0.0028 -0.9275 0.3738
vn 0.1935 -0.9724 0.1304
vn 0.1159 -0.9008 0.4185
vn 0.4746 -0.8753 0.0929
vn 0.4482 -0.8937 -0.0192
vn 0.5447 -0.6530 0.5262
vn 0.0637 -0.7731 0.6310
vn -0.0596 -0.7695 0.6358
vn 0.1268 -0.5949 0.7937
vn 0.0231 -0.5520 0.8335
vn 0.2824 -0.4194 0.8628
vn 0.2169 -0.3432 0.9139
vn 0.4834 -0.2937 0.8246
vn 0.4602 -0.1978 0.8655
vn 0.6758 -0.2468 0.6945
vn 0.6891 -0.1463 0.7097
vn 0.8124 -0.2861 0.5081
vn 0.8505 -0.1949 0.4884
vn 0.9089 -0.3295 0.2555
vn 0.8618 -0.4004 0.3114
vn 0.8518 -0.5199 0.0642
vn 0.8124 -0.5629 0.1519
vn 0.6876 -0.7251 -0.0387
vn 0.6731 -0.7362 0.0703
vn 0.8819 0.2904 -0.3715
vn 0.9132 -0.1553 -0.3768
vn 0.8953 -0.1811 -0.4070
vn 0.8537 0.2189 -0.4726
vn 0.9722 0.0419 -0.2305
vn 0.9771 0.2057 -0.0540
vn 0.8867 0.1280 -0.4443
vn 0.9207 0.0843 -0.3811
vn 0.8765 0.1582 -0.4546
vn 0.5947 0.3749 -0.7112
vn 0.6084 0.3824 -0.6954
vn 0.6022 0.2223 -0.7668
vn 0.8821 0.1720 -0.4385
vn 0.6461 0.1138 -0.7547
vn 0.8981 0.2055 -0.3888
vn 0.7484 0.0032 -0.6632
vn 0.9133 0.2429 -0.3269
vn 0.8440 -0.1436 -0.5167
vn 0.9149 0.2728 -0.2975
vn 0.9025 0.2976 -0.3113
vn 0.8617 0.0741 -0.5021
vn 0.8728 0.0080 -0.4881
vn 0.9758 0.2157 -0.0354
vn 0.8829 0.0008 -0.4695
vn 0.8858 0.0305 -0.4630
vn 0.8806 0.0750 -0.4678
vn 0.8498 0.4501 -0.2745
vn 0.7439 0.4963 -0.4475
vn 0.8732 0.1122 -0.4743
vn 0.6616 0.4696 -0.5846
vn 0.8716 0.1297 -0.4727
vn 0.6045 0.3572 -0.7120
vn 0.9354 0.3368 -0.1074
vn -0.6630 0.0655 0.7457
vn -0.7753 0.1071 0.6224
vn -0.7708 -0.3714 0.5176
vn -0.8222 -0.4538 0.3437
vn -0.6901 -0.4770 0.5443
vn -0.6674 -0.5572 0.4940
vn -0.6836 -0.5610 0.4669
vn -0.7092 -0.5048 0.4922
vn -0.7461 -0.4255 0.5121
vn -0.7692 -0.3715 0.5199
vn -0.7794 -0.3550 0.5163
vn -0.7899 -0.3499 0.5037
vn -0.7964 -0.3351 0.5035
vn -0.8089 -0.3240 0.4906
vn -0.8349 -0.3224 0.4460
vn -0.8666 -0.3218 0.3815
vn -0.8950 -0.3061 0.3246
vn -0.9012 -0.2794 0.3313
vn -0.8541 -0.2874 0.4335
vn 0.6747 0.0643 -0.7353
vn 0.9239 -0.1395 -0.3563
vn 0.8613 -0.2697 -0.4307
vn 0.7029 0.0737 -0.7075
vn 0.9470 0.0795 -0.3112
vn 0.8726 -0.0161 -0.4882
vn 0.7490 -0.0080 -0.6626
vn 0.8907 -0.0242 -0.4539
vn 0.8965 0.0060 -0.4431
vn 0.8740 0.0625 -0.4819
vn 0.6193 -0.0662 -0.7824
vn 0.6322 -0.0974 -0.7687
vn 0.7951 0.1340 -0.5914
vn 0.7603 -0.1826 -0.6234
vn 0.8433 -0.2682 -0.4658
vn 0.6917 0.1057 -0.7144
vn 0.6652 0.0774 -0.7427
vn 0.7337 0.0960 -0.6726
vn 0.9112 0.2794 -0.3029
vn 0.7557 0.1149 -0.6447
vn 0.7664 0.1172 -0.6315
vn 0.7727 0.0817 -0.6295
vn 0.8319 0.0357 -0.5538
vn 0.8438 0.4137 -0.3417
vn 0.7375 0.5024 -0.4513
vn 0.7442 0.5071 -0.4347
vn 0.7867 0.1011 -0.6090
vn 0.7944 0.0840 -0.6016
vn 0.6389 0.4164 -0.6469
vn 0.6749 0.2479 -0.6950
vn 0.6290 0.0285 -0.7769
vn 0.6545 0.4894 -0.5763
vn 0.7587 0.4874 -0.4322
vn -0.7987 0.3050 0.5187
vn -0.8176 0.1961 0.5413
vn -0.6691 0.1578 0.7262
vn -0.6229 0.2531 0.7402
vn -0.5265 0.0148 0.8501
vn -0.4558 0.0796 0.8865
vn -0.4239 -0.1932 0.8848
vn -0.3358 -0.1680 0.9268
vn -0.2894 -0.4298 0.8553
vn -0.3851 -0.4146 0.8245
vn -0.3276 -0.6466 0.6889
vn -0.7567 -0.2841 0.5888
vn -0.8275 -0.5376 0.1622
vn -0.9415 -0.3156 0.1180
vn -0.6727 -0.6753 0.3023
vn -0.5237 -0.6940 0.4940
vn -0.4202 -0.5968 0.6835
vn -0.4460 -0.7663 0.4625
vn -0.6219 -0.7492 0.2280
vn -0.8095 -0.5849 0.0514
vn -0.9501 -0.3118 -0.0062
vn -0.9799 -0.0747 0.1850
vn -0.9328 0.1131 0.3423
vn -0.9381 0.2105 0.2752
vn -0.9968 -0.0149 0.0783
vn -0.5888 0.4303 -0.6842
vn -0.1287 0.5696 -0.8118
vn -0.1458 0.4290 -0.8914
vn -0.5645 0.4629 -0.6835
vn -0.1822 0.7277 -0.6613
vn -0.3071 0.5803 -0.7543
vn -0.4822 0.4575 -0.7471
vn -0.2706 0.5957 -0.7563
vn -0.2737 0.6203 -0.7351
vn -0.3361 0.6299 -0.7002
vn -0.5805 0.3001 -0.7569
vn -0.5529 0.2937 -0.7798
vn -0.4755 0.5919 -0.6508
vn -0.3688 0.3682 -0.8535
vn -0.1800 0.4096 -0.8943
vn -0.5863 0.4723 -0.6582
vn -0.6023 0.4295 -0.6728
vn -0.5391 0.5067 -0.6728
vn -0.2678 0.8219 -0.5028
vn -0.5198 0.5402 -0.6619
vn -0.5076 0.5522 -0.6614
vn -0.4892 0.5361 -0.6879
vn -0.3937 0.5680 -0.7227
vn -0.3708 0.8435 -0.3887
vn -0.5216 0.7945 -0.3109
vn -0.5080 0.8056 -0.3048
vn -0.4778 0.5622 -0.6750
vn -0.4625 0.5593 -0.6879
vn -0.6706 0.6307 -0.3906
vn -0.6340 0.5484 -0.5452
vn -0.6161 0.3656 -0.6976
vn -0.6381 0.6996 -0.3216
vn -0.4952 0.8054 -0.3258
vn 0.4186 0.8881 0.1899
vn 0.3624 0.8816 -0.3025
vn 0.2547 0.6984 -0.6689
vn -0.7899 -0.1550 0.5934
vn -0.7491 0.0079 0.6624
vn -0.7826 -0.1545 0.6030
vn -0.7766 -0.1685 0.6070
vn -0.7664 -0.1708 0.6192
vn -0.7448 -0.1487 0.6505
vn -0.7105 -0.1139 0.6944
vn -0.6677 -0.0908 0.7389
vn -0.6453 -0.1121 0.7556
vn -0.6918 -0.1725 0.7012
vn -0.8169 -0.1761 0.5492
vn -0.9152 -0.1306 0.3813
vn -0.9392 -0.0374 0.3414
vn -0.9330 0.0350 0.3583
vn -0.9157 -0.0101 0.4017
vn -0.8490 -0.0920 0.5203
vn -0.7989 -0.1427 0.5844
vn -0.6944 -0.4008 0.5976
vn -0.5889 -0.5447 0.5971
vn -0.7012 -0.3961 0.5928
vn -0.7041 -0.4051 0.5832
vn -0.6954 -0.4446 0.5646
vn -0.6810 -0.5018 0.5334
vn -0.6767 -0.5498 0.4896
vn -0.6995 -0.5419 0.4659
vn -0.7230 -0.4504 0.5238
vn -0.6825 -0.3721 0.6291
vn -0.6064 -0.3355 0.7209
vn -0.5357 -0.3798 0.7541
vn -0.5282 -0.4160 0.7402
vn -0.5801 -0.4038 0.7074
vn -0.6481 -0.3964 0.6503
vn -0.6875 -0.3909 0.6120
vn -0.6959 -0.3921 0.6017
vn -0.8494 -0.1832 0.4949
vn -0.9206 -0.0846 0.3811
vn -0.8521 -0.1690 0.4954
vn -0.8466 -0.1651 0.5059
vn -0.8464 -0.1501 0.5110
vn -0.8580 -0.1090 0.5020
vn -0.8711 -0.0519 0.4884
vn -0.8711 0.0013 0.4910
vn -0.8521 -0.0001 0.5233
vn -0.8280 -0.1156 0.5487
vn -0.8305 -0.2601 0.4925
vn -0.8439 -0.3615 0.3965
vn -0.8826 -0.3564 0.3066
vn -0.9055 -0.3164 0.2828
vn -0.8923 -0.2949 0.3419
vn -0.8698 -0.2386 0.4319
vn -0.8526 -0.1979 0.4837
vn -0.7027 -0.2986 0.6457
vn -0.5659 -0.2632 0.7813
vn -0.7041 -0.3096 0.6391
vn -0.6944 -0.3239 0.6426
vn -0.6585 -0.3438 0.6695
vn -0.6043 -0.3693 0.7060
vn -0.5525 -0.4021 0.7301
vn -0.5517 -0.4230 0.7188
vn -0.6325 -0.3561 0.6878
vn -0.6855 -0.2469 0.6849
vn -0.6963 -0.1425 0.7034
vn -0.6604 -0.0863 0.7459
vn -0.6469 -0.1074 0.7550
vn -0.6776 -0.1602 0.7177
vn -0.7098 -0.2161 0.6705
vn -0.7190 -0.2640 0.6429
vn -0.7120 -0.2886 0.6401
vt 0.284515 0.921873
vt 0.285580 0.928687
vt 0.282619 0.931155
vt 0.279317 0.932462
vt 0.281872 0.927461
vt 0.280985 0.932536
vt 0.282133 0.918712
vt 0.282515 0.917300
vt 0.284029 0.917646
vt 0.282609 0.913969
vt 0.282239 0.915166
vt 0.281683 0.914648
vt 0.280718 0.917632
vt 0.279702 0.922699
vt 0.281925 0.923351
vt 0.274433 0.909747
vt 0.272163 0.912703
vt 0.273673 0.908034
vt 0.273181 0.913562
vt 0.270336 0.916497
vt 0.274874 0.900204
vt 0.273552 0.906001
vt 0.271782 0.912688
vt 0.270333 0.916495
vt 0.271811 0.906558
vt 0.272147 0.900055
vt 0.273456 0.885537
vt 0.277644 0.885859
vt 0.275929 0.900270
vt 0.280232 0.902676
vt 0.269880 0.904329
vt 0.270239 0.912024
vt 0.271651 0.912687
vt 0.006729 0.128439
vt 0.008276 0.124457
vt 0.012810 0.127719
vt 0.050374 0.150195
vt 0.053195 0.144617
vt 0.063077 0.149634
vt 0.041582 0.145129
vt 0.044208 0.140075
vt 0.035344 0.139384
vt 0.037909 0.134349
vt 0.031305 0.133671
vt 0.033208 0.129992
vt 0.026728 0.129551
vt 0.028684 0.126129
vt 0.021309 0.125492
vt 0.020066 0.122073
vt 0.014661 0.122763
vt 0.009389 0.119865
vt 0.009061 0.121807
vt 0.019023 0.127783
vt 0.017473 0.132182
vt 0.022497 0.133316
vt 0.025814 0.134517
vt 0.029025 0.138023
vt 0.080197 0.152832
vt 0.073267 0.154645
vt 0.058213 0.143008
vt 0.046095 0.135741
vt 0.038183 0.129221
vt 0.080840 0.149334
vt 0.059048 0.140234
vt 0.034002 0.125060
vt 0.049865 0.131260
vt 0.059677 0.137332
vt 0.092155 0.149763
vt 0.100733 0.157449
vt 0.093668 0.160073
vt 0.084927 0.162856
vt 0.080969 0.165831
vt 0.070255 0.160710
vt 0.060079 0.155722
vt 0.070452 0.138116
vt 0.104990 0.149807
vt 0.134675 0.164961
vt 0.139983 0.160403
vt 0.117182 0.148537
vt 0.067190 0.133555
vt 0.044661 0.126132
vt 0.031558 0.122555
vt 0.023219 0.120005
vt 0.009412 0.118199
vt 0.013130 0.117904
vt 0.013139 0.115995
vt 0.021522 0.117850
vt 0.022636 0.115172
vt 0.062915 0.128998
vt 0.046799 0.123278
vt 0.052477 0.120800
vt 0.062797 0.125815
vt 0.033287 0.121181
vt 0.028978 0.118417
vt 0.035366 0.119223
vt 0.043012 0.120376
vt 0.043848 0.116578
vt 0.050607 0.116989
vt 0.044269 0.113408
vt 0.050937 0.113838
vt 0.058939 0.117962
vt 0.059334 0.114626
vt 0.071204 0.119921
vt 0.071122 0.124365
vt 0.093247 0.132713
vt 0.101551 0.129703
vt 0.038775 0.114960
vt 0.093487 0.120301
vt 0.103650 0.125454
vt 0.140266 0.130976
vt 0.137007 0.135992
vt 0.135029 0.141434
vt 0.090300 0.136485
vt 0.134475 0.147177
vt 0.029692 0.115438
vt 0.034917 0.114773
vt 0.037769 0.109929
vt 0.047571 0.109937
vt 0.059461 0.110217
vt 0.068346 0.112413
vt 0.070866 0.115087
vt 0.087817 0.116125
vt 0.098489 0.116998
vt 0.112949 0.118085
vt 0.059344 0.105823
vt 0.068251 0.107491
vt 0.068058 0.109923
vt 0.071219 0.100011
vt 0.087823 0.103863
vt 0.070868 0.104846
vt 0.098663 0.113463
vt 0.111694 0.114002
vt 0.088839 0.113211
vt 0.092504 0.110003
vt 0.112087 0.110027
vt 0.111705 0.106051
vt 0.148336 0.101137
vt 0.112972 0.101971
vt 0.112596 0.097876
vt 0.147967 0.093797
vt 0.171943 0.098014
vt 0.171243 0.091694
vt 0.200622 0.069008
vt 0.223550 0.068407
vt 0.219603 0.075753
vt 0.202146 0.076276
vt 0.164584 0.078996
vt 0.187509 0.084212
vt 0.163907 0.084952
vt 0.140332 0.089162
vt 0.103693 0.094574
vt 0.093509 0.099700
vt 0.098505 0.103017
vt 0.098671 0.106555
vt 0.088835 0.106784
vt 0.148307 0.119028
vt 0.159865 0.110101
vt 0.172519 0.104084
vt 0.193251 0.098811
vt 0.201333 0.090385
vt 0.206788 0.083325
vt 0.225549 0.083209
vt 0.237486 0.076546
vt 0.248666 0.070856
vt 0.225579 0.090055
vt 0.206790 0.098305
vt 0.191216 0.110152
vt 0.172499 0.116159
vt 0.171904 0.122227
vt 0.193214 0.121500
vt 0.206750 0.122050
vt 0.206867 0.110178
vt 0.219892 0.116627
vt 0.219856 0.110199
vt 0.219913 0.103772
vt 0.219961 0.123233
vt 0.171183 0.128544
vt 0.201267 0.129952
vt 0.225512 0.130363
vt 0.241319 0.121740
vt 0.206699 0.137030
vt 0.187424 0.136079
vt 0.243416 0.129719
vt 0.225458 0.137209
vt 0.202034 0.144064
vt 0.164483 0.141220
vt 0.163825 0.135261
vt 0.147915 0.126366
vt 0.112561 0.122178
vt 0.200486 0.151326
vt 0.219487 0.144644
vt 0.237373 0.143911
vt 0.223411 0.152003
vt 0.248533 0.149638
vt 0.240473 0.157751
vt 0.262368 0.152728
vt 0.204128 0.158622
vt 0.250661 0.135772
vt 0.259908 0.140866
vt 0.270448 0.144081
vt 0.282559 0.144334
vt 0.283206 0.149115
vt 0.262770 0.158563
vt 0.240972 0.164363
vt 0.213864 0.166614
vt 0.185889 0.163232
vt 0.165077 0.157404
vt 0.165309 0.150775
vt 0.293992 0.133478
vt 0.278138 0.135840
vt 0.269735 0.132655
vt 0.261341 0.128280
vt 0.254702 0.122746
vt 0.279168 0.156855
vt 0.268776 0.162036
vt 0.289724 0.150290
vt 0.299717 0.140171
vt 0.304291 0.130818
vt 0.308106 0.125665
vt 0.287702 0.127567
vt 0.279149 0.125281
vt 0.265774 0.119820
vt 0.248275 0.116724
vt 0.275942 0.119476
vt 0.248297 0.103770
vt 0.241357 0.098732
vt 0.254744 0.097770
vt 0.265806 0.100733
vt 0.254776 0.110258
vt 0.244181 0.110240
vt 0.273423 0.110289
vt 0.285928 0.118097
vt 0.299188 0.119970
vt 0.328510 0.110372
vt 0.317952 0.118706
vt 0.319059 0.120843
vt 0.310088 0.131182
vt 0.275972 0.101111
vt 0.320422 0.122264
vt 0.220004 0.097166
vt 0.243482 0.090759
vt 0.261402 0.092258
vt 0.279200 0.095316
vt 0.288787 0.103019
vt 0.289935 0.110317
vt 0.303090 0.115644
vt 0.317147 0.112944
vt 0.317020 0.110204
vt 0.299221 0.100696
vt 0.287760 0.093060
vt 0.269811 0.087912
vt 0.250747 0.084730
vt 0.321163 0.103912
vt 0.317155 0.107795
vt 0.306387 0.105472
vt 0.306375 0.110603
vt 0.260011 0.079667
vt 0.278224 0.084755
vt 0.308158 0.095031
vt 0.317980 0.102024
vt 0.319485 0.099444
vt 0.321549 0.097690
vt 0.310158 0.089520
vt 0.313546 0.085921
vt 0.299818 0.080498
vt 0.303701 0.074958
vt 0.289859 0.070344
vt 0.294070 0.087171
vt 0.304360 0.089865
vt 0.282674 0.076276
vt 0.270562 0.076488
vt 0.262511 0.067813
vt 0.283336 0.071497
vt 0.240633 0.062717
vt 0.262933 0.061980
vt 0.279325 0.063743
vt 0.292831 0.065100
vt 0.309057 0.070172
vt 0.317654 0.083356
vt 0.323894 0.096608
vt 0.327267 0.095769
vt 0.323210 0.081299
vt 0.314156 0.066968
vt 0.318004 0.065370
vt 0.298183 0.058321
vt 0.284367 0.053347
vt 0.302801 0.053763
vt 0.289472 0.045884
vt 0.274769 0.044211
vt 0.272557 0.048802
vt 0.261353 0.043560
vt 0.259648 0.048786
vt 0.248102 0.044996
vt 0.246814 0.050801
vt 0.229196 0.047847
vt 0.241154 0.056107
vt 0.214053 0.053764
vt 0.204290 0.061724
vt 0.165442 0.069443
vt 0.165231 0.062813
vt 0.186064 0.057052
vt 0.258182 0.054197
vt 0.270598 0.053574
vt 0.281144 0.059308
vt 0.268951 0.058526
vt 0.071150 0.095566
vt 0.101605 0.090317
vt 0.093307 0.087281
vt 0.135128 0.078686
vt 0.090371 0.083498
vt 0.134591 0.072941
vt 0.117300 0.071526
vt 0.140257 0.065958
vt 0.140144 0.059730
vt 0.172701 0.052705
vt 0.203172 0.047403
vt 0.105108 0.070217
vt 0.137089 0.084135
vt 0.188964 0.035891
vt 0.208904 0.040244
vt 0.189352 0.042320
vt 0.160178 0.048318
vt 0.164617 0.022778
vt 0.180100 0.023362
vt 0.159875 0.030996
vt 0.180667 0.031191
vt 0.195125 0.026744
vt 0.160512 0.036181
vt 0.160760 0.041888
vt 0.133447 0.050117
vt 0.134849 0.055153
vt 0.131532 0.045602
vt 0.136086 0.037149
vt 0.149595 0.026516
vt 0.162881 0.014613
vt 0.178376 0.012818
vt 0.193491 0.009360
vt 0.197146 0.016663
vt 0.209658 0.026063
vt 0.209300 0.033890
vt 0.209780 0.015853
vt 0.220901 0.014506
vt 0.224439 0.022628
vt 0.241028 0.017715
vt 0.226516 0.011457
vt 0.228958 0.006382
vt 0.243981 0.009294
vt 0.222487 0.040643
vt 0.223260 0.034477
vt 0.224034 0.028529
vt 0.239189 0.025236
vt 0.255108 0.022453
vt 0.258553 0.013567
vt 0.271537 0.021092
vt 0.266166 0.031888
vt 0.278132 0.038277
vt 0.263260 0.038511
vt 0.284372 0.028676
vt 0.249535 0.039405
vt 0.235690 0.042298
vt 0.236819 0.036415
vt 0.238021 0.030738
vt 0.251824 0.031866
vt 0.296174 0.037737
vt 0.308552 0.047662
vt 0.305665 0.050685
vt 0.286129 0.974015
vt 0.289225 0.975237
vt 0.288225 0.977440
vt 0.286613 0.973406
vt 0.284889 0.973095
vt 0.285790 0.974321
vt 0.284911 0.976997
vt 0.287433 0.977924
vt 0.285505 0.987657
vt 0.289870 0.987526
vt 0.406920 0.912703
vt 0.404651 0.909747
vt 0.405439 0.908113
vt 0.408747 0.916497
vt 0.405903 0.913562
vt 0.403614 0.910451
vt 0.401196 0.906633
vt 0.400039 0.901989
vt 0.403181 0.900256
vt 0.393293 0.974321
vt 0.392837 0.974183
vt 0.394191 0.972544
vt 0.394199 0.973877
vt 0.394045 0.977006
vt 0.391542 0.978141
vt 0.393813 0.987660
vt 0.389299 0.987530
vt 0.390902 0.977339
vt 0.389874 0.975257
vt 0.392266 0.973527
vt 0.407106 0.902620
vt 0.408842 0.912136
vt 0.407438 0.912127
vt 0.405532 0.906001
vt 0.404210 0.900204
vt 0.407302 0.912688
vt 0.408751 0.916495
vt 0.401440 0.885859
vt 0.404948 0.885581
vt 0.408410 0.885358
vt 0.409204 0.899979
vt 0.356432 0.959859
vt 0.354937 0.951867
vt 0.356858 0.952247
vt 0.358428 0.945374
vt 0.356931 0.944896
vt 0.359347 0.938706
vt 0.360495 0.938899
vt 0.361597 0.933649
vt 0.362163 0.933719
vt 0.354000 0.987479
vt 0.351919 0.970778
vt 0.355212 0.975926
vt 0.353475 0.959923
vt 0.346125 0.957979
vt 0.349311 0.949292
vt 0.352773 0.942407
vt 0.356639 0.936631
vt 0.360234 0.932513
vt 0.364102 0.929461
vt 0.363955 0.935932
vt 0.363476 0.945013
vt 0.348332 0.967912
vt 0.363188 0.952064
vt 0.363380 0.960546
vt 0.359155 0.971576
vt 0.359096 0.986905
vt 0.364034 0.984813
vt 0.322670 0.123675
vt 0.324934 0.124456
vt 0.317563 0.137373
vt 0.270407 0.166994
vt 0.283132 0.165540
vt 0.272349 0.171773
vt 0.280972 0.161296
vt 0.292678 0.155544
vt 0.298007 0.162341
vt 0.308922 0.150528
vt 0.302609 0.166914
vt 0.314040 0.153762
vt 0.321414 0.138932
vt 0.327639 0.125094
vt 0.313463 0.134793
vt 0.303581 0.145723
vt 0.319338 0.155933
vt 0.325157 0.140071
vt 0.257993 0.166329
vt 0.259441 0.171745
vt 0.246613 0.169686
vt 0.247882 0.175496
vt 0.228986 0.172580
vt 0.235462 0.178152
vt 0.222254 0.179762
vt 0.223006 0.185930
vt 0.286724 0.171251
vt 0.291732 0.177896
vt 0.280186 0.186024
vt 0.275577 0.178262
vt 0.267875 0.192809
vt 0.263912 0.184151
vt 0.253251 0.193697
vt 0.250861 0.186478
vt 0.239183 0.196640
vt 0.237754 0.189720
vt 0.223760 0.191881
vt 0.236571 0.184039
vt 0.249296 0.181091
vt 0.261128 0.176977
vt 0.224144 0.197783
vt 0.209376 0.194298
vt 0.220579 0.205892
vt 0.226184 0.208960
vt 0.242543 0.207967
vt 0.257526 0.205161
vt 0.272018 0.201007
vt 0.284993 0.193274
vt 0.296887 0.184047
vt 0.306027 0.170597
vt 0.228609 0.214043
vt 0.209464 0.204508
vt 0.196274 0.204526
vt 0.192524 0.213629
vt 0.177538 0.209992
vt 0.209045 0.186470
vt 0.194847 0.193568
vt 0.179198 0.201680
vt 0.163379 0.202002
vt 0.165100 0.192935
vt 0.149592 0.192597
vt 0.150863 0.186531
vt 0.128120 0.184051
vt 0.130872 0.179226
vt 0.097626 0.164772
vt 0.131327 0.174501
vt 0.133256 0.169992
vt 0.104545 0.173540
vt 0.102066 0.179561
vt 0.125067 0.190708
vt 0.147548 0.200276
vt 0.188717 0.184401
vt 0.160270 0.184016
vt 0.160537 0.178310
vt 0.189127 0.177974
vt 0.208670 0.180115
vt 0.202963 0.172937
vt 0.180234 0.191492
vt 0.159977 0.171879
vt 0.172512 0.167535
vt 0.140116 0.154176
vt 0.293996 0.952391
vt 0.296107 0.961500
vt 0.292416 0.961942
vt 0.298394 0.980743
vt 0.294650 0.981302
vt 0.297858 0.986501
vt 0.298908 0.986298
vt 0.297564 0.991859
vt 0.301370 0.950605
vt 0.300096 0.943323
vt 0.302308 0.941898
vt 0.301902 0.931502
vt 0.294256 0.929461
vt 0.293085 0.941651
vt 0.299133 0.956434
vt 0.298603 0.971679
vt 0.299774 0.977722
vt 0.301226 0.981419
vt 0.302305 0.974892
vt 0.303773 0.956207
vt 0.307831 0.957885
vt 0.300640 0.960954
vt 0.325084 0.987479
vt 0.323872 0.975926
vt 0.327164 0.970778
vt 0.319988 0.986905
vt 0.319928 0.971576
vt 0.315049 0.984813
vt 0.315704 0.960546
vt 0.322652 0.959859
vt 0.325608 0.959923
vt 0.330752 0.967912
vt 0.332959 0.957979
vt 0.324189 0.951848
vt 0.322225 0.952247
vt 0.315895 0.952064
vt 0.320655 0.945374
vt 0.315607 0.945013
vt 0.318589 0.938899
vt 0.315128 0.935932
vt 0.316921 0.933719
vt 0.314982 0.929461
vt 0.317488 0.933647
vt 0.319807 0.938652
vt 0.322227 0.944851
vt 0.380214 0.986282
vt 0.380690 0.980743
vt 0.381017 0.986408
vt 0.384433 0.981302
vt 0.383031 0.987316
vt 0.384727 0.961709
vt 0.380283 0.964711
vt 0.379864 0.952821
vt 0.386729 0.952375
vt 0.384156 0.941797
vt 0.378763 0.943428
vt 0.376432 0.931865
vt 0.376776 0.941898
vt 0.377714 0.950605
vt 0.378444 0.960954
vt 0.379005 0.973830
vt 0.379475 0.980845
vt 0.375921 0.982109
vt 0.378157 0.987150
vt 0.381520 0.991859
vt 0.382616 0.929666
vt 0.375311 0.956207
vt 0.376908 0.974675
vt 0.374156 0.975966
vt 0.371252 0.957885
vt 0.350306 0.922663
vt 0.351696 0.914499
vt 0.357528 0.916761
vt 0.355046 0.924016
vt 0.363194 0.914763
vt 0.360331 0.909809
vt 0.355956 0.907349
vt 0.353837 0.904749
vt 0.350442 0.913377
vt 0.349265 0.921831
vt 0.345702 0.922031
vt 0.348612 0.930995
vt 0.369259 0.905615
vt 0.356615 0.924041
vt 0.362531 0.918127
vt 0.369729 0.909263
vt 0.377000 0.887991
vt 0.371294 0.889786
vt 0.367505 0.886025
vt 0.362930 0.884956
vt 0.358992 0.883719
vt 0.353420 0.899176
vt 0.345274 0.905894
vt 0.348757 0.898778
vt 0.344031 0.899052
vt 0.374780 0.912238
vt 0.369572 0.916741
vt 0.364920 0.923371
vt 0.291679 0.880325
vt 0.291131 0.888599
vt 0.288057 0.878839
vt 0.286531 0.888686
vt 0.286415 0.905471
vt 0.289974 0.913315
vt 0.288169 0.913883
vt 0.288843 0.924730
vt 0.290082 0.919087
vt 0.291014 0.913312
vt 0.290627 0.906039
vt 0.291765 0.906040
vt 0.292941 0.897879
vt 0.297875 0.899369
vt 0.296143 0.907304
vt 0.401457 0.948163
vt 0.397300 0.949101
vt 0.399521 0.940354
vt 0.400780 0.961468
vt 0.395198 0.964961
vt 0.398061 0.965984
vt 0.400719 0.967033
vt 0.402354 0.982862
vt 0.403726 0.968208
vt 0.405589 0.971814
vt 0.403756 0.948645
vt 0.402510 0.939489
vt 0.403344 0.934347
vt 0.401913 0.933662
vt 0.404476 0.929612
vt 0.404021 0.935329
vt 0.405300 0.934498
vt 0.406626 0.943714
vt 0.405014 0.944446
vt 0.408104 0.962461
vt 0.405756 0.962767
vt 0.408071 0.971259
vt 0.102280 0.040442
vt 0.126114 0.031615
vt 0.104740 0.046473
vt 0.121298 0.043363
vt 0.098374 0.057908
vt 0.085078 0.057097
vt 0.079079 0.063986
vt 0.080313 0.067112
vt 0.064207 0.072862
vt 0.037945 0.085500
vt 0.030260 0.092990
vt 0.029941 0.088948
vt 0.036029 0.081661
vt 0.029568 0.082781
vt 0.034170 0.078176
vt 0.042176 0.075725
vt 0.045201 0.081842
vt 0.054223 0.077522
vt 0.059114 0.079658
vt 0.080945 0.070615
vt 0.100873 0.062558
vt 0.070519 0.081809
vt 0.059736 0.082563
vt 0.092267 0.070221
vt 0.047018 0.086545
vt 0.050849 0.088999
vt 0.067242 0.086362
vt 0.046821 0.096593
vt 0.052494 0.099083
vt 0.043029 0.099490
vt 0.062827 0.094092
vt 0.062954 0.090908
vt 0.044688 0.093735
vt 0.039343 0.093183
vt 0.038211 0.090633
vt 0.050943 0.106041
vt 0.044274 0.106461
vt 0.058949 0.101932
vt 0.038782 0.104900
vt 0.043857 0.103289
vt 0.050619 0.102890
vt 0.035858 0.100324
vt 0.033301 0.098670
vt 0.031573 0.097293
vt 0.026785 0.096644
vt 0.028801 0.100870
vt 0.020727 0.100282
vt 0.018346 0.099370
vt 0.015156 0.098073
vt 0.021648 0.095571
vt 0.014162 0.095844
vt 0.020088 0.092688
vt 0.013182 0.093267
vt 0.017947 0.088665
vt 0.011752 0.089668
vt 0.007325 0.092885
vt 0.008444 0.095859
vt 0.009061 0.098025
vt 0.009390 0.099968
vt 0.009413 0.101636
vt 0.025700 0.092697
vt 0.025283 0.087968
vt 0.024795 0.083259
vt 0.022035 0.085522
vt 0.029698 0.104411
vt 0.029905 0.106784
vt 0.024539 0.107762
vt 0.022528 0.105092
vt 0.022684 0.112194
vt 0.014044 0.108229
vt 0.015505 0.104448
vt 0.009187 0.105326
vt 0.012638 0.102646
vt 0.024227 0.102207
vt 0.032860 0.101980
vt 0.034923 0.105081
vt 0.009197 0.114786
vt 0.013762 0.113944
vt 0.029902 0.113065
vt 0.273327 0.962767
vt 0.275328 0.948645
vt 0.275357 0.968208
vt 0.274541 0.941675
vt 0.273495 0.971814
vt 0.276730 0.982862
vt 0.278353 0.965007
vt 0.277770 0.949899
vt 0.276797 0.941179
vt 0.275737 0.934337
vt 0.275051 0.934023
vt 0.274593 0.929608
vt 0.273784 0.934498
vt 0.272458 0.943714
vt 0.270980 0.962461
vt 0.271013 0.971259
vt 0.283885 0.964961
vt 0.281022 0.965984
vt 0.387286 0.906050
vt 0.381209 0.899369
vt 0.386142 0.897879
vt 0.390910 0.905695
vt 0.392423 0.913930
vt 0.389418 0.915428
vt 0.390236 0.924670
vt 0.389034 0.919072
vt 0.387245 0.919968
vt 0.384814 0.914376
vt 0.388104 0.913301
vt 0.388456 0.906039
vt 0.387476 0.881542
vt 0.390599 0.888738
vt 0.391674 0.878824
vt 0.397149 0.927469
vt 0.398479 0.932519
vt 0.396464 0.931155
vt 0.399766 0.927137
vt 0.397267 0.923384
vt 0.397266 0.918743
vt 0.393503 0.928687
vt 0.394632 0.921879
vt 0.396379 0.917125
vt 0.396890 0.914986
vt 0.396489 0.913975
vt 0.051010 0.070736
vt 0.060907 0.065584
vt 0.072364 0.062859
vt 0.080699 0.053406
vt 0.069757 0.058029
vt 0.309825 0.905615
vt 0.318752 0.909809
vt 0.315890 0.914763
vt 0.321556 0.916761
vt 0.324037 0.924016
vt 0.328777 0.922663
vt 0.330472 0.930995
vt 0.329817 0.921831
vt 0.333382 0.922031
vt 0.328642 0.913377
vt 0.327387 0.914499
vt 0.325247 0.904749
vt 0.323128 0.907350
vt 0.322468 0.924041
vt 0.309355 0.909263
vt 0.309511 0.916741
vt 0.304303 0.912238
vt 0.316552 0.918127
vt 0.314164 0.923371
vt 0.302083 0.887991
vt 0.307789 0.889786
vt 0.311578 0.886025
vt 0.316154 0.884956
vt 0.320092 0.883719
vt 0.325664 0.899177
vt 0.333810 0.905894
vt 0.330326 0.898778
vt 0.335052 0.899052
vt 0.954403 0.488562
vt 0.954403 0.484941
vt 0.949575 0.486752
vt 0.954403 0.481320
vt 0.949575 0.483130
vt 0.978546 0.493995
vt 0.973718 0.492184
vt 0.973718 0.495805
vt 0.968889 0.495805
vt 0.968889 0.492184
vt 0.964060 0.495805
vt 0.964060 0.492184
vt 0.959232 0.492184
vt 0.959232 0.488562
vt 0.959232 0.484941
vt 0.959232 0.481320
vt 0.954403 0.477698
vt 0.949575 0.479509
vt 0.978546 0.490373
vt 0.973718 0.488562
vt 0.968889 0.488562
vt 0.964060 0.488562
vt 0.964060 0.484941
vt 0.964060 0.481320
vt 0.959232 0.477698
vt 0.964060 0.477698
vt 0.968889 0.477698
vt 0.968889 0.481320
vt 0.968889 0.484941
vt 0.973718 0.484941
vt 0.978546 0.486752
vt 0.978546 0.483130
vt 0.973718 0.481320
vt 0.973718 0.477698
vt 0.973718 0.474077
vt 0.968889 0.474077
vt 0.964060 0.474077
vt 0.959232 0.474077
vt 0.954403 0.474077
vt 0.949575 0.475887
vt 0.978546 0.479509
vt 0.978546 0.475887
vt 0.926830 0.502269
vt 0.934001 0.521551
vt 0.923338 0.520706
vt 0.924107 0.534097
vt 0.935000 0.541285
vt 0.880282 0.520667
vt 0.901686 0.520781
vt 0.879413 0.534040
vt 0.884918 0.507670
vt 0.892898 0.496177
vt 0.876911 0.502214
vt 0.889218 0.485264
vt 0.901571 0.487378
vt 0.901303 0.472518
vt 0.914595 0.485259
vt 0.910887 0.496158
vt 0.918789 0.507677
vt 0.920831 0.544646
vt 0.929035 0.555762
vt 0.915034 0.550872
vt 0.908988 0.552885
vt 0.901663 0.549869
vt 0.882601 0.544603
vt 0.919760 0.564647
vt 0.910808 0.567764
vt 0.901509 0.563535
vt 0.894376 0.552915
vt 0.888346 0.550861
vt 0.874328 0.555638
vt 0.868480 0.541141
vt 0.869620 0.521439
vt 0.883525 0.564579
vt 0.892441 0.567757
vt 0.909399 0.552849
vt 0.911304 0.567696
vt 0.901566 0.563549
vt 0.920234 0.564537
vt 0.915431 0.550804
vt 0.879422 0.534067
vt 0.901925 0.520812
vt 0.882617 0.544636
vt 0.868495 0.541182
vt 0.874361 0.555682
vt 0.888366 0.550892
vt 0.883572 0.564616
vt 0.894400 0.552940
vt 0.892497 0.567785
vt 0.901692 0.549881
vt 0.921196 0.544558
vt 0.924420 0.534000
vt 0.923584 0.520620
vt 0.918976 0.507611
vt 0.929457 0.555615
vt 0.935339 0.541118
vt 0.934240 0.521405
vt 0.926983 0.502164
vt 0.911028 0.496108
vt 0.901681 0.487364
vt 0.892886 0.496186
vt 0.889195 0.485275
vt 0.876895 0.502236
vt 0.884910 0.507681
vt 0.880284 0.520685
vt 0.901399 0.472447
vt 0.914698 0.485196
vt 0.869616 0.521471
vt 0.901924 0.487372
vt 0.901909 0.472518
vt 0.914594 0.485258
vt 0.889224 0.485258
vt 0.892906 0.496168
vt 0.876915 0.502220
vt 0.879425 0.534060
vt 0.869625 0.521451
vt 0.880293 0.520675
vt 0.884927 0.507670
vt 0.901909 0.520925
vt 0.910930 0.496170
vt 0.926902 0.502220
vt 0.918901 0.507676
vt 0.923533 0.520681
vt 0.924394 0.534066
vt 0.921191 0.544637
vt 0.915441 0.550901
vt 0.909414 0.552957
vt 0.901688 0.549893
vt 0.934192 0.521451
vt 0.935327 0.541164
vt 0.929468 0.555672
vt 0.920260 0.564608
vt 0.911334 0.567782
vt 0.901553 0.563549
vt 0.894397 0.552957
vt 0.888363 0.550902
vt 0.874349 0.555672
vt 0.868491 0.541164
vt 0.892483 0.567782
vt 0.883558 0.564608
vt 0.954403 0.495805
vt 0.954403 0.492184
vt 0.949575 0.493995
vt 0.959232 0.495805
vt 0.949575 0.490373
vt 0.968889 0.499427
vt 0.973718 0.499427
vt 0.978546 0.497616
vt 0.978546 0.501237
vt 0.973718 0.503048
vt 0.968889 0.503048
vt 0.964060 0.499427
vt 0.959232 0.499427
vt 0.954403 0.499427
vt 0.949575 0.497616
vt 0.964060 0.503048
vt 0.959232 0.503048
vt 0.954403 0.503048
vt 0.949575 0.501237
vt 0.958140 0.519997
vt 0.958231 0.517436
vt 0.962141 0.517255
vt 0.961960 0.519722
vt 0.954650 0.520568
vt 0.954612 0.517816
vt 0.958212 0.524048
vt 0.962046 0.523762
vt 0.966200 0.519775
vt 0.966422 0.517305
vt 0.966431 0.512804
vt 0.970934 0.517672
vt 0.962134 0.512777
vt 0.958218 0.512930
vt 0.954574 0.513317
vt 0.951154 0.518693
vt 0.951284 0.521385
vt 0.954685 0.524731
vt 0.958276 0.525386
vt 0.962146 0.525053
vt 0.966296 0.523920
vt 0.970686 0.520041
vt 0.970954 0.513140
vt 0.973138 0.520296
vt 0.973409 0.517962
vt 0.973431 0.513388
vt 0.951111 0.514099
vt 0.951294 0.525743
vt 0.954688 0.526167
vt 0.951261 0.527207
vt 0.966408 0.525200
vt 0.970780 0.524168
vt 0.973233 0.524439
vt 0.970903 0.525400
vt 0.973368 0.525664
vt 0.966322 0.519151
vt 0.970811 0.519176
vt 0.970939 0.520399
vt 0.966437 0.520419
vt 0.962168 0.520372
vt 0.962069 0.519092
vt 0.958283 0.520434
vt 0.962164 0.524819
vt 0.958292 0.524905
vt 0.966435 0.524899
vt 0.970938 0.524915
vt 0.973406 0.524986
vt 0.973412 0.520419
vt 0.973271 0.519213
vt 0.973243 0.514475
vt 0.970783 0.514455
vt 0.966294 0.514385
vt 0.962046 0.514434
vt 0.958226 0.519105
vt 0.954690 0.519213
vt 0.954681 0.520654
vt 0.970943 0.512869
vt 0.973416 0.512904
vt 0.966439 0.512737
vt 0.962167 0.512788
vt 0.958213 0.514400
vt 0.954685 0.514318
vt 0.951284 0.514312
vt 0.951278 0.519384
vt 0.951228 0.520802
vt 0.951250 0.525374
vt 0.954688 0.525115
vt 0.958285 0.512688
vt 0.954674 0.512490
vt 0.951219 0.512467
vt 0.957937 0.518468
vt 0.953604 0.521186
vt 0.953444 0.518514
vt 0.958087 0.521160
vt 0.957938 0.523856
vt 0.962184 0.523744
vt 0.966019 0.518468
vt 0.966097 0.521125
vt 0.962307 0.521118
vt 0.962183 0.518496
vt 0.962083 0.517221
vt 0.957822 0.517204
vt 0.957824 0.512716
vt 0.953312 0.512736
vt 0.965964 0.517136
vt 0.962083 0.512769
vt 0.965949 0.512697
vt 0.953314 0.517295
vt 0.950832 0.512752
vt 0.950835 0.517325
vt 0.950978 0.518532
vt 0.951148 0.521212
vt 0.953446 0.523858
vt 0.957824 0.525130
vt 0.962085 0.525036
vt 0.966016 0.523781
vt 0.969555 0.521168
vt 0.950982 0.523894
vt 0.953317 0.525084
vt 0.950841 0.525110
vt 0.965958 0.525126
vt 0.969557 0.523927
vt 0.972911 0.521164
vt 0.969556 0.518413
vt 0.972969 0.518295
vt 0.969566 0.516975
vt 0.973020 0.516878
vt 0.969567 0.512454
vt 0.973002 0.512332
vt 0.969567 0.525369
vt 0.972969 0.524037
vt 0.973020 0.525500
vt 0.740251 0.617042
vt 0.736499 0.626047
vt 0.736499 0.617042
vt 0.740251 0.626047
vt 0.736499 0.635052
vt 0.740251 0.635052
vt 0.738375 0.639555
vt 0.734623 0.639555
vt 0.732747 0.635052
vt 0.732747 0.626047
vt 0.732747 0.617042
vt 0.732747 0.608037
vt 0.736499 0.608037
vt 0.740251 0.608037
vt 0.744003 0.608037
vt 0.744003 0.599032
vt 0.747756 0.608037
vt 0.742127 0.594530
vt 0.740251 0.599032
vt 0.736499 0.599032
vt 0.732747 0.599032
vt 0.734623 0.594530
vt 0.738375 0.594530
vt 0.745879 0.594530
vt 0.747756 0.599032
vt 0.751508 0.599032
vt 0.751508 0.608037
vt 0.755260 0.599032
vt 0.753384 0.594530
vt 0.749632 0.594530
vt 0.757136 0.594530
vt 0.759012 0.599032
vt 0.760888 0.594530
vt 0.762764 0.599032
vt 0.764640 0.594530
vt 0.766516 0.599032
vt 0.762764 0.608037
vt 0.759012 0.608037
vt 0.755260 0.608037
vt 0.751508 0.617042
vt 0.747756 0.617042
vt 0.744003 0.617042
vt 0.744003 0.626047
vt 0.744003 0.635052
vt 0.742127 0.639555
vt 0.747756 0.626047
vt 0.751508 0.626047
vt 0.747756 0.635052
vt 0.745879 0.639555
vt 0.751508 0.635052
vt 0.755260 0.626047
vt 0.755260 0.617042
vt 0.759012 0.617042
vt 0.762764 0.617042
vt 0.766516 0.608037
vt 0.770268 0.608037
vt 0.770268 0.599032
vt 0.774020 0.599032
vt 0.772144 0.594530
vt 0.768392 0.594530
vt 0.749632 0.639555
vt 0.759012 0.626047
vt 0.755260 0.635052
vt 0.753384 0.639555
vt 0.774020 0.608037
vt 0.777772 0.608037
vt 0.777772 0.599032
vt 0.775896 0.594530
vt 0.777772 0.635052
vt 0.775896 0.639555
vt 0.774020 0.635052
vt 0.774020 0.626047
vt 0.777772 0.626047
vt 0.774020 0.617042
vt 0.777772 0.617042
vt 0.770268 0.617042
vt 0.766516 0.617042
vt 0.762764 0.626047
vt 0.759012 0.635052
vt 0.757136 0.639555
vt 0.762764 0.635052
vt 0.760888 0.639555
vt 0.770268 0.626047
vt 0.766516 0.626047
vt 0.766516 0.635052
vt 0.764640 0.639555
vt 0.770268 0.635052
vt 0.768392 0.639555
vt 0.772144 0.639555
vt 0.951279 0.524026
vt 0.954681 0.525358
vt 0.951228 0.525488
vt 0.954691 0.523916
vt 0.951280 0.518284
vt 0.958290 0.525116
vt 0.958232 0.523771
vt 0.962163 0.525026
vt 0.962064 0.523733
vt 0.966310 0.523845
vt 0.962066 0.518486
vt 0.966312 0.518458
vt 0.962165 0.517210
vt 0.966427 0.517194
vt 0.966425 0.512705
vt 0.970936 0.512725
vt 0.970934 0.517285
vt 0.973417 0.512741
vt 0.973413 0.517315
vt 0.973270 0.518521
vt 0.970804 0.518503
vt 0.970802 0.523848
vt 0.962165 0.512758
vt 0.973267 0.523884
vt 0.970931 0.525074
vt 0.966425 0.525119
vt 0.973408 0.525099
vt 0.954681 0.512444
vt 0.951228 0.516867
vt 0.951246 0.512321
vt 0.954683 0.516965
vt 0.958300 0.512687
vt 0.958285 0.517126
vt 0.958229 0.518458
vt 0.954692 0.518402
vt 0.970845 0.524683
vt 0.973192 0.523494
vt 0.973333 0.524716
vt 0.970717 0.518471
vt 0.973194 0.518475
vt 0.970716 0.523453
vt 0.966325 0.524734
vt 0.966210 0.523453
vt 0.962059 0.524650
vt 0.966210 0.518463
vt 0.966325 0.517192
vt 0.970847 0.517249
vt 0.951318 0.518458
vt 0.954660 0.523483
vt 0.951317 0.523628
vt 0.954650 0.524903
vt 0.958203 0.524702
vt 0.958146 0.523368
vt 0.961959 0.523358
vt 0.961960 0.518505
vt 0.962059 0.517225
vt 0.966323 0.512689
vt 0.970845 0.512686
vt 0.973334 0.512656
vt 0.973337 0.517260
vt 0.951267 0.525061
vt 0.962053 0.512786
vt 0.954658 0.518565
vt 0.958143 0.518537
vt 0.958197 0.517217
vt 0.958194 0.512818
vt 0.954647 0.517150
vt 0.954641 0.512723
vt 0.951268 0.517072
vt 0.951281 0.512698
vt 0.911376 0.567757
vt 0.902131 0.520781
vt 0.902308 0.563535
vt 0.893010 0.567764
vt 0.884057 0.564647
vt 0.874782 0.555762
vt 0.868817 0.541285
vt 0.869816 0.521551
vt 0.876988 0.502269
vt 0.889222 0.485259
vt 0.902514 0.472518
vt 0.914535 0.485376
vt 0.926884 0.502225
vt 0.934197 0.521439
vt 0.935338 0.541141
vt 0.929490 0.555638
vt 0.920293 0.564579
vt 0.911320 0.567785
vt 0.901892 0.520812
vt 0.901576 0.563451
vt 0.892513 0.567696
vt 0.883583 0.564537
vt 0.874360 0.555615
vt 0.868478 0.541118
vt 0.869577 0.521405
vt 0.876835 0.502164
vt 0.889120 0.485196
vt 0.902419 0.472447
vt 0.914622 0.485275
vt 0.926923 0.502236
vt 0.934201 0.521471
vt 0.935323 0.541182
vt 0.929456 0.555682
vt 0.920245 0.564616
vt 0.892801 0.496099
vt 0.884848 0.507605
vt 0.909424 0.552953
vt 0.915451 0.550902
vt 0.921198 0.544643
vt 0.924399 0.534076
vt 0.923540 0.520691
vt 0.918916 0.507683
vt 0.901706 0.549789
vt 0.910947 0.496181
vt 0.902158 0.487349
vt 0.880241 0.520613
vt 0.879403 0.533995
vt 0.882622 0.544563
vt 0.888385 0.550816
vt 0.894424 0.552861
vt 0.974783 0.548580
vt 0.976294 0.539532
vt 0.980675 0.546949
vt 0.972068 0.543786
vt 0.974919 0.554088
vt 0.980730 0.555564
vt 0.964588 0.551401
vt 0.967219 0.541084
vt 0.968862 0.535230
vt 0.961765 0.541198
vt 0.960114 0.535231
vt 0.957029 0.543904
vt 0.952610 0.539728
vt 0.954259 0.548714
vt 0.948447 0.547238
vt 0.954394 0.554222
vt 0.948503 0.555852
vt 0.957110 0.559016
vt 0.952884 0.563269
vt 0.960315 0.567571
vt 0.961959 0.561717
vt 0.969063 0.567571
vt 0.967412 0.561604
vt 0.976567 0.563074
vt 0.972148 0.558898
vt 0.880479 0.520705
vt 0.879712 0.534097
vt 0.924432 0.534070
vt 0.923562 0.520690
vt 0.918860 0.507714
vt 0.910939 0.496215
vt 0.902257 0.487375
vt 0.892926 0.496155
vt 0.885024 0.507678
vt 0.882990 0.544651
vt 0.888791 0.550877
vt 0.894840 0.552891
vt 0.902161 0.549872
vt 0.921228 0.544617
vt 0.909453 0.552920
vt 0.915481 0.550864
s 1
usemtl Hair
f 1/1/1 2/2/2 3/3/3
f 4/4/4 5/5/5 6/6/6
f 6/6/6 5/5/5 3/3/3
f 7/7/7 3/3/3 5/5/5
f 7/7/7 1/1/1 3/3/3
f 8/8/8 1/1/1 7/7/7
f 8/8/8 9/9/9 1/1/1
f 8/8/8 10/10/10 9/9/9
f 11/11/11 10/10/10 8/8/8
f 12/12/12 10/10/10 11/11/11
f 13/13/13 12/12/12 11/11/11
f 13/13/13 11/11/11 7/7/7
f 14/14/14 13/13/13 7/7/7
f 14/14/14 7/7/7 15/15/15
f 5/5/5 14/14/14 15/15/15
f 7/7/7 5/5/5 15/15/15
f 8/8/8 7/7/7 11/11/11
f 16/16/16 17/17/17 18/18/18
f 16/16/16 19/19/19 17/17/17
f 17/17/20 19/19/19 20/20/21
f 21/21/22 18/18/18 22/22/23
f 22/22/23 18/18/18 17/17/24
f 23/23/25 17/17/24 24/24/26
f 22/22/23 17/17/24 23/23/25
f 23/23/25 25/25/27 22/22/23
f 22/22/23 25/25/27 26/26/28
f 22/22/23 26/26/28 21/21/22
f 21/21/22 26/26/28 27/27/29
f 21/21/22 27/27/29 28/28/30
f 28/28/30 29/29/31 21/21/22
f 21/21/22 29/29/31 18/18/18
f 30/30/32 18/18/18 29/29/31
f 25/25/27 31/31/33 26/26/28
f 25/25/27 32/32/34 31/31/33
f 33/33/35 32/32/34 25/25/27
f 33/33/35 34/24/36 32/32/34
f 35/34/37 36/35/38 37/36/39
f 38/37/40 39/38/41 40/39/42
f 41/40/43 39/38/41 38/37/40
f 41/40/43 42/41/44 39/38/41
f 43/42/45 42/41/44 41/40/43
f 43/42/45 44/43/46 42/41/44
f 45/44/47 44/43/46 43/42/45
f 46/45/48 44/43/46 45/44/47
f 47/46/49 46/45/48 45/44/47
f 46/45/48 47/46/49 48/47/50
f 47/46/49 49/48/51 48/47/50
f 48/47/50 49/48/51 50/49/52
f 51/50/53 50/49/52 49/48/51
f 52/51/54 50/49/52 51/50/53
f 52/51/54 51/50/53 53/52/55
f 53/52/55 51/50/53 36/35/38
f 51/50/53 54/53/56 36/35/38
f 36/35/38 54/53/56 37/36/39
f 37/36/39 54/53/56 55/54/57
f 51/50/53 49/48/51 54/53/56
f 49/48/51 47/46/49 54/53/56
f 54/53/56 56/55/58 55/54/57
f 54/53/56 47/46/49 56/55/58
f 47/46/49 57/56/59 56/55/58
f 47/46/49 45/44/47 57/56/59
f 57/56/59 45/44/47 58/57/60
f 45/44/47 43/42/45 58/57/60
f 59/58/61 60/59/62 40/39/42
f 59/58/61 40/39/42 61/60/63
f 61/60/63 40/39/42 39/38/41
f 61/60/63 39/38/41 42/41/44
f 61/60/63 42/41/44 62/61/64
f 44/43/46 62/61/64 42/41/44
f 44/43/46 63/62/65 62/61/64
f 46/45/48 63/62/65 44/43/46
f 46/45/48 48/47/50 63/62/65
f 61/60/63 64/63/66 59/58/61
f 61/60/63 65/64/67 64/63/66
f 62/61/64 65/64/67 61/60/63
f 48/47/50 50/49/52 66/65/68
f 63/62/65 48/47/50 66/65/68
f 63/62/65 66/65/68 67/66/69
f 63/62/65 67/66/69 62/61/64
f 62/61/64 67/66/69 68/67/70
f 62/61/64 68/67/70 65/64/67
f 65/64/67 68/67/70 69/68/71
f 65/64/67 69/68/71 64/63/66
f 64/63/66 69/68/71 70/69/72
f 59/58/61 64/63/66 70/69/72
f 59/58/61 70/69/72 71/70/73
f 59/58/61 71/70/73 60/59/62
f 71/70/73 72/71/74 60/59/62
f 60/59/62 72/71/74 73/72/75
f 60/59/62 73/72/75 74/73/76
f 40/39/42 60/59/62 74/73/76
f 40/39/42 74/73/76 75/74/77
f 38/37/40 40/39/42 75/74/77
f 69/68/71 76/75/78 77/76/79
f 68/67/70 76/75/78 69/68/71
f 68/67/70 67/66/69 76/75/78
f 78/77/80 70/69/72 69/68/71
f 79/78/81 78/77/80 69/68/71
f 79/78/81 69/68/71 77/76/79
f 80/79/82 79/78/81 77/76/79
f 76/75/78 80/79/82 77/76/79
f 76/75/78 81/80/83 80/79/82
f 67/66/69 81/80/83 76/75/78
f 67/66/69 82/81/84 81/80/83
f 66/65/68 82/81/84 67/66/69
f 66/65/68 83/82/85 82/81/84
f 66/65/68 50/49/52 83/82/85
f 50/49/52 84/83/86 83/82/85
f 52/51/54 84/83/86 50/49/52
f 85/84/87 84/83/86 52/51/54
f 85/84/87 86/85/88 84/83/86
f 85/84/87 87/86/89 86/85/88
f 87/86/89 88/87/90 86/85/88
f 87/86/89 89/88/91 88/87/90
f 82/81/84 90/89/92 81/80/83
f 91/90/93 92/91/94 93/92/95
f 91/90/93 93/92/95 90/89/92
f 82/81/84 91/90/93 90/89/92
f 82/81/84 94/93/96 91/90/93
f 82/81/84 83/82/85 94/93/96
f 83/82/85 84/83/86 94/93/96
f 88/87/90 84/83/86 86/85/88
f 84/83/86 88/87/90 95/94/97
f 94/93/96 84/83/86 95/94/97
f 94/93/96 95/94/97 96/95/98
f 91/90/93 94/93/96 96/95/98
f 91/90/93 96/95/98 97/96/99
f 97/96/99 92/91/94 91/90/93
f 98/97/100 92/91/94 97/96/99
f 98/97/100 99/98/101 92/91/94
f 99/98/101 98/97/100 100/99/102
f 99/98/101 100/99/102 101/100/103
f 101/100/103 102/101/104 99/98/101
f 101/100/103 103/102/105 102/101/104
f 103/102/105 104/103/106 102/101/104
f 92/91/94 102/101/104 104/103/106
f 92/91/94 104/103/106 105/104/107
f 93/92/95 92/91/94 105/104/107
f 93/92/95 105/104/107 106/105/108
f 92/91/94 99/98/101 102/101/104
f 106/105/108 105/104/107 107/106/109
f 98/97/100 108/107/110 100/99/102
f 108/107/110 98/97/100 97/96/99
f 108/107/110 97/96/99 96/95/98
f 104/103/106 109/108/111 110/109/112
f 105/104/107 104/103/106 110/109/112
f 105/104/107 110/109/112 107/106/109
f 111/110/113 107/106/109 110/109/112
f 111/110/113 112/111/114 107/106/109
f 112/111/114 113/112/115 107/106/109
f 107/106/109 113/112/115 106/105/108
f 113/112/115 114/113/116 106/105/108
f 113/112/115 115/114/117 114/113/116
f 95/94/97 88/87/90 89/88/91
f 95/94/97 89/88/91 116/115/118
f 96/95/98 95/94/97 116/115/118
f 96/95/98 116/115/118 117/116/119
f 96/95/98 117/116/119 108/107/110
f 2/117/120 108/107/110 117/116/119
f 2/117/120 100/99/102 108/107/110
f 2/117/120 118/118/121 100/99/102
f 118/118/121 101/100/103 100/99/102
f 118/118/121 119/119/122 101/100/103
f 101/100/103 119/119/122 103/102/105
f 103/102/105 119/119/122 120/120/123
f 103/102/105 120/120/123 121/121/124
f 103/102/105 121/121/124 104/103/106
f 104/103/106 121/121/124 122/122/125
f 104/103/106 122/122/125 109/108/111
f 109/108/111 122/122/125 123/123/126
f 109/108/111 123/123/126 124/124/127
f 125/125/128 119/119/122 118/118/121
f 126/126/129 119/119/122 125/125/128
f 126/126/129 127/127/130 119/119/122
f 119/119/122 127/127/130 120/120/123
f 128/128/131 129/129/132 130/130/133
f 128/128/131 130/130/133 125/125/128
f 125/125/128 130/130/133 126/126/129
f 123/123/126 131/131/134 132/132/135
f 133/133/136 123/123/126 122/122/125
f 133/133/136 131/131/134 123/123/126
f 134/134/137 131/131/134 133/133/136
f 134/134/137 132/132/135 131/131/134
f 134/134/137 135/135/138 132/132/135
f 136/136/139 135/135/138 134/134/137
f 136/136/139 137/137/140 135/135/138
f 138/138/141 137/137/140 136/136/139
f 139/139/142 137/137/140 138/138/141
f 139/139/142 140/140/143 137/137/140
f 140/140/143 141/141/144 137/137/140
f 140/140/143 142/142/145 141/141/144
f 143/143/146 144/144/147 145/145/148
f 143/143/146 145/145/148 146/146/149
f 143/143/146 146/146/149 147/147/150
f 147/147/150 146/146/149 148/148/151
f 147/147/150 148/148/151 149/149/152
f 149/149/152 148/148/151 142/142/145
f 150/150/153 149/149/152 142/142/145
f 150/150/153 142/142/145 140/140/143
f 151/151/154 150/150/153 140/140/143
f 151/151/154 140/140/143 139/139/142
f 151/151/154 139/139/142 152/152/155
f 152/152/155 139/139/142 138/138/141
f 152/152/155 138/138/141 153/153/156
f 153/153/156 138/138/141 136/136/139
f 153/153/156 136/136/139 154/154/157
f 136/136/139 134/134/137 154/154/157
f 154/154/157 134/134/137 155/155/158
f 153/153/156 154/154/157 155/155/158
f 123/123/126 132/132/135 124/124/127
f 156/156/159 124/124/127 132/132/135
f 135/135/138 156/156/159 132/132/135
f 157/157/160 156/156/159 135/135/138
f 137/137/140 157/157/160 135/135/138
f 137/137/140 158/158/161 157/157/160
f 137/137/140 141/141/144 158/158/161
f 141/141/144 159/159/162 158/158/161
f 142/142/145 159/159/162 141/141/144
f 142/142/145 160/160/163 159/159/162
f 148/148/151 160/160/163 142/142/145
f 148/148/151 161/161/164 160/160/163
f 146/146/149 161/161/164 148/148/151
f 146/146/149 162/162/165 161/161/164
f 146/146/149 145/145/148 162/162/165
f 163/163/166 162/162/165 145/145/148
f 144/144/147 163/163/166 145/145/148
f 164/164/167 163/163/166 144/144/147
f 161/161/164 162/162/165 165/165/168
f 161/161/164 165/165/168 160/160/163
f 166/166/169 160/160/163 165/165/168
f 160/160/163 166/166/169 159/159/162
f 167/167/170 159/159/162 166/166/169
f 167/167/170 158/158/161 159/159/162
f 157/157/160 158/158/161 167/167/170
f 157/157/160 167/167/170 168/168/171
f 157/157/160 168/168/171 156/156/159
f 168/168/171 169/169/172 156/156/159
f 170/170/173 169/169/172 168/168/171
f 167/167/170 170/170/173 168/168/171
f 167/167/170 171/171/174 170/170/173
f 167/167/170 172/172/175 171/171/174
f 172/172/175 173/173/176 171/171/174
f 172/172/175 174/174/177 173/173/176
f 172/172/175 175/175/178 174/174/177
f 172/172/175 166/166/169 175/175/178
f 167/167/170 166/166/169 172/172/175
f 171/171/174 173/173/176 176/176/179
f 170/170/173 177/177/180 169/169/172
f 170/170/173 178/178/181 177/177/180
f 171/171/174 178/178/181 170/170/173
f 171/171/174 179/179/182 178/178/181
f 171/171/174 176/176/179 179/179/182
f 176/176/179 180/180/183 179/179/182
f 179/179/182 181/181/184 178/178/181
f 178/178/181 181/181/184 182/182/185
f 178/178/181 182/182/185 177/177/180
f 180/180/183 183/183/186 179/179/182
f 183/183/186 184/184/187 179/179/182
f 179/179/182 184/184/187 181/181/184
f 184/184/187 185/185/188 181/181/184
f 181/181/184 185/185/188 182/182/185
f 182/182/185 185/185/188 186/186/189
f 182/182/185 186/186/189 187/187/190
f 177/177/180 182/182/185 187/187/190
f 177/177/180 187/187/190 111/110/113
f 177/177/180 111/110/113 188/188/191
f 188/188/191 111/110/113 110/109/112
f 188/188/191 110/109/112 189/189/192
f 110/109/112 109/108/111 189/189/192
f 109/108/111 124/124/127 189/189/192
f 156/156/159 189/189/192 124/124/127
f 156/156/159 188/188/191 189/189/192
f 169/169/172 188/188/191 156/156/159
f 169/169/172 177/177/180 188/188/191
f 185/185/188 190/190/193 186/186/189
f 191/191/194 190/190/193 185/185/188
f 184/184/187 191/191/194 185/185/188
f 184/184/187 192/192/195 191/191/194
f 191/191/194 192/192/195 193/193/196
f 192/192/195 194/194/197 193/193/196
f 193/193/196 194/194/197 195/195/198
f 194/194/197 196/196/199 195/195/198
f 193/193/196 195/195/198 197/197/200
f 197/197/200 190/190/193 193/193/196
f 191/191/194 193/193/196 190/190/193
f 183/183/186 198/198/201 184/184/187
f 184/184/187 198/198/201 192/192/195
f 198/198/201 199/199/202 192/192/195
f 192/192/195 199/199/202 194/194/197
f 199/199/202 200/200/203 194/194/197
f 194/194/197 200/200/203 196/196/199
f 200/200/203 201/201/204 196/196/199
f 196/196/199 201/201/204 202/202/205
f 196/196/199 202/202/205 203/203/206
f 195/195/198 196/196/199 203/203/206
f 195/195/198 203/203/206 204/204/207
f 195/195/198 204/204/207 205/205/208
f 195/195/198 205/205/208 197/197/200
f 206/206/209 197/197/200 205/205/208
f 197/197/200 206/206/209 207/207/210
f 197/197/200 207/207/210 208/208/211
f 190/190/193 197/197/200 208/208/211
f 186/186/189 190/190/193 208/208/211
f 200/200/203 209/209/212 201/201/204
f 210/210/213 209/209/212 200/200/203
f 199/199/202 210/210/213 200/200/203
f 211/211/214 210/210/213 199/199/202
f 198/198/201 211/211/214 199/199/202
f 212/212/215 211/211/214 198/198/201
f 183/183/186 212/212/215 198/198/201
f 213/213/216 212/212/215 183/183/186
f 203/203/206 214/214/217 215/215/218
f 203/203/206 202/202/205 214/214/217
f 202/202/205 216/216/219 214/214/217
f 202/202/205 217/217/220 216/216/219
f 201/201/204 217/217/220 202/202/205
f 201/201/204 218/218/221 217/217/220
f 209/209/212 218/218/221 201/201/204
f 209/209/212 219/219/222 218/218/221
f 210/210/213 219/219/222 209/209/212
f 220/220/223 219/219/222 210/210/213
f 211/211/214 220/220/223 210/210/213
f 221/221/224 220/220/223 211/211/214
f 212/212/215 221/221/224 211/211/214
f 222/222/225 221/221/224 212/212/215
f 213/213/216 222/222/225 212/212/215
f 223/223/226 222/222/225 213/213/216
f 223/223/226 213/213/216 180/180/183
f 213/213/216 183/183/186 180/180/183
f 222/222/225 224/224/227 221/221/224
f 225/225/228 226/226/229 227/227/230
f 225/225/228 227/227/230 228/228/231
f 229/229/232 225/225/228 228/228/231
f 230/230/233 225/225/228 229/229/232
f 230/230/233 229/229/232 223/223/226
f 229/229/232 222/222/225 223/223/226
f 229/229/232 231/231/234 222/222/225
f 231/231/234 224/224/227 222/222/225
f 231/231/234 232/232/235 224/224/227
f 224/224/227 232/232/235 221/221/224
f 232/232/235 233/233/236 221/221/224
f 221/221/224 233/233/236 220/220/223
f 233/233/236 234/234/237 220/220/223
f 220/220/223 234/234/237 219/219/222
f 219/219/222 234/234/237 235/235/238
f 219/219/222 235/235/238 218/218/221
f 218/218/221 235/235/238 236/236/239
f 218/218/221 236/236/239 237/237/240
f 218/218/221 237/237/240 217/217/220
f 229/229/232 228/228/231 231/231/234
f 231/231/234 228/228/231 238/238/241
f 235/235/238 234/234/237 236/236/239
f 236/236/239 234/234/237 239/239/242
f 166/166/169 240/240/243 175/175/178
f 166/166/169 165/165/168 240/240/243
f 240/240/243 165/165/168 226/226/229
f 226/226/229 165/165/168 241/241/244
f 241/241/244 227/227/230 226/226/229
f 241/241/244 242/242/245 227/227/230
f 227/227/230 242/242/245 228/228/231
f 228/228/231 242/242/245 243/243/246
f 228/228/231 243/243/246 238/238/241
f 238/238/241 243/243/246 244/244/247
f 231/231/234 238/238/241 244/244/247
f 231/231/234 244/244/247 245/245/248
f 231/231/234 245/245/248 232/232/235
f 245/245/248 246/246/249 232/232/235
f 232/232/235 246/246/249 233/233/236
f 246/246/249 247/247/250 233/233/236
f 247/247/250 234/234/237 233/233/236
f 248/248/251 234/234/237 247/247/250
f 244/244/247 243/243/246 249/249/252
f 243/243/246 250/250/253 249/249/252
f 243/243/246 251/251/254 250/250/253
f 242/242/245 251/251/254 243/243/246
f 242/242/245 252/252/255 251/251/254
f 241/241/244 252/252/255 242/242/245
f 249/249/252 253/253/256 234/234/237
f 249/249/252 250/250/253 253/253/256
f 248/248/251 254/254/257 234/234/237
f 254/254/257 249/249/252 234/234/237
f 255/255/258 249/249/252 254/254/257
f 244/244/247 249/249/252 255/255/258
f 245/245/248 244/244/247 255/255/258
f 245/245/248 255/255/258 256/256/259
f 245/245/248 256/256/259 246/246/249
f 162/162/165 241/241/244 165/165/168
f 162/162/165 252/252/255 241/241/244
f 163/163/166 252/252/255 162/162/165
f 257/257/260 252/252/255 163/163/166
f 257/257/260 251/251/254 252/252/255
f 258/258/261 251/251/254 257/257/260
f 258/258/261 250/250/253 251/251/254
f 259/259/262 250/250/253 258/258/261
f 259/259/262 253/253/256 250/250/253
f 260/260/263 253/253/256 259/259/262
f 260/260/263 234/234/237 253/253/256
f 260/260/263 261/261/264 234/234/237
f 261/261/264 262/262/265 234/234/237
f 263/263/266 262/262/265 261/261/264
f 263/263/266 264/264/267 262/262/265
f 265/265/268 264/264/267 263/263/266
f 265/265/268 266/266/269 264/264/267
f 267/267/270 266/266/269 265/265/268
f 268/268/271 259/259/262 258/258/261
f 268/268/271 269/269/272 259/259/262
f 259/259/262 269/269/272 260/260/263
f 269/269/272 261/261/264 260/260/263
f 269/269/272 263/263/266 261/261/264
f 269/269/272 265/265/268 263/263/266
f 270/270/273 265/265/268 269/269/272
f 268/268/271 270/270/273 269/269/272
f 271/271/274 270/270/273 268/268/271
f 268/268/271 258/258/261 271/271/274
f 271/271/274 258/258/261 257/257/260
f 164/164/167 257/257/260 163/163/166
f 271/271/274 257/257/260 164/164/167
f 164/164/167 272/272/275 271/271/274
f 271/271/274 272/272/275 270/270/273
f 272/272/275 273/273/276 270/270/273
f 270/270/273 273/273/276 265/265/268
f 273/273/276 267/267/270 265/265/268
f 144/144/147 274/274/277 164/164/167
f 164/164/167 274/274/277 272/272/275
f 274/274/277 275/275/278 272/272/275
f 272/272/275 275/275/278 273/273/276
f 275/275/278 276/276/279 273/273/276
f 273/273/276 276/276/279 267/267/270
f 276/276/279 277/277/280 267/267/270
f 267/267/270 277/277/280 266/266/269
f 277/277/280 278/278/281 266/266/269
f 278/278/281 264/264/267 266/266/269
f 278/278/281 279/279/282 264/264/267
f 279/279/282 262/262/265 264/264/267
f 279/279/282 280/280/283 262/262/265
f 262/262/265 280/280/283 234/234/237
f 280/280/283 281/281/284 234/234/237
f 282/282/285 281/281/284 280/280/283
f 282/282/285 280/280/283 279/279/282
f 283/283/286 282/282/285 279/279/282
f 30/284/287 282/282/285 283/283/286
f 277/277/280 284/285/288 278/278/281
f 285/286/289 284/285/288 277/277/280
f 283/283/286 279/279/282 278/278/281
f 286/287/290 283/283/286 278/278/281
f 286/287/290 278/278/281 284/285/288
f 287/288/291 286/287/290 284/285/288
f 285/286/289 287/288/291 284/285/288
f 288/289/292 287/288/291 285/286/289
f 289/290/293 288/289/292 285/286/289
f 290/291/294 288/289/292 289/290/293
f 291/292/295 290/291/294 289/290/293
f 292/293/296 290/291/294 291/292/295
f 293/294/297 292/293/296 291/292/295
f 294/295/298 292/293/296 293/294/297
f 295/296/299 294/295/298 293/294/297
f 294/295/298 295/296/299 296/297/300
f 296/297/300 295/296/299 274/274/277
f 296/297/300 274/274/277 297/298/301
f 297/298/301 274/274/277 144/144/147
f 297/298/301 144/144/147 143/143/146
f 298/299/302 143/143/146 147/147/150
f 298/299/302 297/298/301 143/143/146
f 299/300/303 297/298/301 298/299/302
f 299/300/303 300/301/304 297/298/301
f 300/301/304 296/297/300 297/298/301
f 295/296/299 293/294/297 301/302/305
f 293/294/297 291/292/295 301/302/305
f 301/302/305 291/292/295 302/303/306
f 291/292/295 289/290/293 302/303/306
f 302/303/306 289/290/293 285/286/289
f 302/303/306 285/286/289 303/304/307
f 303/304/307 285/286/289 277/277/280
f 276/276/279 303/304/307 277/277/280
f 304/305/308 303/304/307 276/276/279
f 275/275/278 304/305/308 276/276/279
f 275/275/278 301/302/305 304/305/308
f 295/296/299 301/302/305 275/275/278
f 274/274/277 295/296/299 275/275/278
f 301/302/305 302/303/306 304/305/308
f 304/305/308 302/303/306 303/304/307
f 153/153/156 155/155/158 129/129/132
f 152/152/155 153/153/156 129/129/132
f 128/128/131 152/152/155 129/129/132
f 128/128/131 151/151/154 152/152/155
f 151/151/154 128/128/131 305/306/309
f 151/151/154 305/306/309 306/307/310
f 306/307/310 305/306/309 307/308/311
f 307/308/311 308/309/312 306/307/310
f 309/310/313 308/309/312 307/308/311
f 309/310/313 310/311/314 308/309/312
f 311/312/315 310/311/314 309/310/313
f 311/312/315 312/313/316 310/311/314
f 313/314/317 312/313/316 311/312/315
f 313/314/317 299/300/303 312/313/316
f 313/314/317 314/315/318 299/300/303
f 314/315/318 300/301/304 299/300/303
f 314/315/318 315/316/319 300/301/304
f 315/316/319 296/297/300 300/301/304
f 316/317/320 313/314/317 311/312/315
f 308/309/312 317/318/321 306/307/310
f 306/307/310 317/318/321 150/150/153
f 306/307/310 150/150/153 151/151/154
f 318/319/322 319/320/323 320/321/324
f 320/321/324 319/320/323 315/316/319
f 320/321/324 315/316/319 314/315/318
f 321/322/325 320/321/324 314/315/318
f 321/322/325 314/315/318 313/314/317
f 322/323/326 323/324/327 324/325/328
f 324/325/328 323/324/327 325/326/329
f 323/324/327 326/327/330 325/326/329
f 325/326/329 326/327/330 318/319/322
f 327/328/331 325/326/329 318/319/322
f 327/328/331 318/319/322 328/329/332
f 328/329/332 318/319/322 320/321/324
f 328/329/332 320/321/324 321/322/325
f 324/325/328 325/326/329 327/328/331
f 329/330/333 321/322/325 330/331/334
f 329/330/333 328/329/332 321/322/325
f 331/332/335 328/329/332 329/330/333
f 331/332/335 327/328/331 328/329/332
f 332/333/336 327/328/331 331/332/335
f 332/333/336 324/325/328 327/328/331
f 332/333/336 333/334/337 324/325/328
f 333/334/337 322/323/326 324/325/328
f 333/334/337 334/335/338 322/323/326
f 334/335/338 335/336/339 322/323/326
f 322/323/326 335/336/339 323/324/327
f 323/324/327 335/336/339 336/337/340
f 323/324/327 336/337/340 337/338/341
f 323/324/327 337/338/341 326/327/330
f 337/338/341 338/339/342 326/327/330
f 326/327/330 338/339/342 339/340/343
f 326/327/330 339/340/343 318/319/322
f 318/319/322 339/340/343 319/320/323
f 337/338/341 340/341/344 338/339/342
f 338/339/342 340/341/344 341/342/345
f 338/339/342 341/342/345 342/343/346
f 342/343/346 341/342/345 343/344/347
f 344/345/348 343/344/347 341/342/345
f 345/346/349 343/344/347 344/345/348
f 345/346/349 346/347/350 343/344/347
f 315/316/319 294/295/298 296/297/300
f 319/320/323 294/295/298 315/316/319
f 319/320/323 347/348/351 294/295/298
f 339/340/343 347/348/351 319/320/323
f 339/340/343 348/349/352 347/348/351
f 338/339/342 348/349/352 339/340/343
f 338/339/342 349/350/353 348/349/352
f 338/339/342 342/343/346 349/350/353
f 349/350/353 342/343/346 350/351/354
f 342/343/346 343/344/347 350/351/354
f 350/351/354 343/344/347 351/352/355
f 346/347/350 351/352/355 343/344/347
f 346/347/350 352/353/356 351/352/355
f 352/353/356 353/354/357 351/352/355
f 351/352/355 353/354/357 354/355/358
f 353/354/357 355/356/359 354/355/358
f 356/357/360 354/355/358 355/356/359
f 356/357/360 355/356/359 288/289/292
f 353/354/357 357/358/361 355/356/359
f 357/358/361 287/288/291 355/356/359
f 288/289/292 355/356/359 287/288/291
f 290/291/294 356/357/360 288/289/292
f 358/359/362 356/357/360 290/291/294
f 292/293/296 358/359/362 290/291/294
f 359/360/363 358/359/362 292/293/296
f 294/295/298 359/360/363 292/293/296
f 347/348/351 359/360/363 294/295/298
f 348/349/352 359/360/363 347/348/351
f 348/349/352 360/361/364 359/360/363
f 349/350/353 360/361/364 348/349/352
f 349/350/353 361/362/365 360/361/364
f 349/350/353 350/351/354 361/362/365
f 350/351/354 362/363/366 361/362/365
f 350/351/354 351/352/355 362/363/366
f 351/352/355 354/355/358 362/363/366
f 362/363/366 354/355/358 356/357/360
f 358/359/362 362/363/366 356/357/360
f 361/362/365 362/363/366 358/359/362
f 361/362/365 358/359/362 360/361/364
f 359/360/363 360/361/364 358/359/362
f 363/364/367 27/365/29 364/366/368
f 363/364/367 364/366/368 286/287/290
f 363/364/367 286/287/290 287/288/291
f 357/358/361 363/364/367 287/288/291
f 365/367/369 248/368/251 247/369/250
f 365/367/369 366/370/370 248/368/251
f 367/371/371 366/370/370 365/367/369
f 368/372/372 367/371/373 365/367/374
f 369/373/375 367/371/373 368/372/372
f 369/373/375 368/372/372 370/374/376
f 256/375/259 369/373/375 370/374/376
f 256/375/259 370/374/376 246/376/249
f 370/374/376 247/369/250 246/376/249
f 368/372/372 247/369/250 370/374/376
f 368/372/372 365/367/374 247/369/250
f 371/377/377 372/378/378 373/379/379
f 371/377/377 24/380/380 19/381/19
f 371/377/377 19/381/19 372/378/378
f 19/381/19 16/382/16 372/378/378
f 372/378/378 16/382/16 18/383/18
f 372/378/378 18/383/18 373/379/379
f 373/379/379 18/383/18 30/384/32
f 373/379/379 30/384/32 283/385/381
f 374/386/382 375/387/383 376/388/384
f 374/386/382 376/388/384 367/389/385
f 374/386/382 367/389/373 369/390/375
f 374/386/382 369/390/375 377/391/386
f 377/391/386 369/390/375 256/392/259
f 377/391/386 256/392/259 255/393/258
f 254/394/257 377/391/386 255/393/258
f 254/394/257 374/386/382 377/391/386
f 254/394/257 375/387/383 374/386/382
f 375/387/383 254/394/257 248/395/251
f 375/387/383 248/395/251 366/396/370
f 376/388/387 375/387/383 366/396/370
f 31/397/33 32/398/34 378/399/388
f 31/397/33 379/400/389 380/401/390
f 31/397/33 378/399/388 379/400/389
f 378/399/388 381/402/391 379/400/389
f 381/402/391 24/403/392 371/377/393
f 379/400/389 381/402/391 371/377/393
f 379/400/389 371/377/393 373/379/394
f 380/401/390 379/400/389 373/379/394
f 380/401/390 373/379/394 283/385/395
f 286/404/290 380/401/390 283/385/395
f 364/405/368 380/401/390 286/404/290
f 364/405/368 31/397/33 380/401/390
f 27/406/29 31/397/33 364/405/368
f 27/406/29 26/407/28 31/397/33
f 382/408/396 383/409/397 384/410/398
f 383/409/397 385/411/399 384/410/398
f 383/409/397 386/412/400 385/411/399
f 385/411/399 386/412/400 387/413/401
f 385/411/399 387/413/401 388/414/402
f 388/414/402 387/413/401 389/415/403
f 388/414/402 389/415/403 390/416/404
f 240/417/243 226/418/405 391/419/406
f 391/419/406 226/418/405 382/408/396
f 392/420/407 382/408/396 226/418/405
f 382/408/396 392/420/407 383/409/397
f 230/421/233 383/409/397 392/420/407
f 230/421/233 393/422/408 383/409/397
f 393/422/408 386/412/400 383/409/397
f 393/422/408 394/423/409 386/412/400
f 394/423/409 387/413/401 386/412/400
f 394/423/409 395/424/410 387/413/401
f 395/424/410 389/415/403 387/413/401
f 395/424/410 396/425/411 389/415/403
f 389/415/403 396/425/411 397/426/412
f 390/416/404 389/415/403 397/426/412
f 390/416/404 397/426/412 398/427/413
f 390/416/404 398/427/413 388/414/402
f 388/414/402 398/427/413 399/428/414
f 388/414/402 399/428/414 385/411/399
f 230/421/233 392/420/407 225/429/228
f 225/429/228 392/420/407 226/418/415
f 385/411/399 399/428/414 400/430/416
f 385/411/399 400/430/416 384/410/398
f 384/410/398 400/430/416 401/431/417
f 384/410/398 401/431/417 382/408/396
f 382/408/396 401/431/417 402/432/418
f 391/419/406 382/408/396 402/432/418
f 391/419/406 402/432/418 175/433/178
f 391/419/406 175/433/178 240/417/243
f 402/432/418 174/434/177 175/433/178
f 402/432/418 401/431/417 174/434/177
f 403/435/419 404/436/420 405/437/421
f 406/438/422 407/439/423 408/440/424
f 406/438/422 409/441/425 407/439/423
f 409/441/425 410/442/426 407/439/423
f 407/439/423 410/442/426 411/443/427
f 410/442/426 412/444/428 411/443/427
f 412/444/428 28/445/30 411/443/427
f 412/444/428 29/446/429 28/445/30
f 405/437/421 29/446/429 412/444/428
f 405/437/421 413/447/430 29/446/429
f 404/436/420 413/447/430 405/437/421
f 404/436/420 281/448/284 413/447/430
f 404/436/420 234/234/237 281/448/284
f 403/435/419 234/234/237 404/436/420
f 239/239/242 234/234/237 403/435/419
f 414/449/431 239/239/242 403/435/419
f 403/435/419 405/437/421 414/449/431
f 414/449/431 405/437/421 412/444/428
f 414/449/431 412/444/428 415/450/432
f 410/442/426 415/450/432 412/444/428
f 413/447/430 30/451/287 29/446/429
f 413/447/430 282/452/285 30/451/287
f 281/448/284 282/452/285 413/447/430
f 237/237/240 236/236/239 239/239/242
f 237/237/240 239/239/242 414/449/431
f 217/217/220 237/237/240 414/449/431
f 217/217/220 414/449/431 415/450/432
f 216/216/219 217/217/220 415/450/432
f 216/216/219 415/450/432 410/442/426
f 214/214/217 216/216/219 410/442/426
f 214/214/217 410/442/426 409/441/425
f 215/215/218 214/214/217 409/441/425
f 215/215/218 409/441/425 406/438/422
f 416/453/433 215/215/218 406/438/422
f 416/453/433 406/438/422 417/454/434
f 418/455/435 416/453/433 417/454/434
f 418/455/435 417/454/434 419/456/436
f 420/457/437 418/455/435 419/456/436
f 420/457/437 419/456/436 421/458/438
f 420/457/437 421/458/438 422/459/439
f 421/458/438 423/460/440 422/459/439
f 424/461/441 425/462/442 426/463/443
f 424/461/441 426/463/443 427/464/444
f 427/464/444 426/463/443 428/465/445
f 427/464/444 428/465/445 429/466/446
f 429/466/446 428/465/445 430/467/447
f 431/468/448 429/466/446 430/467/447
f 431/468/448 430/467/447 432/469/449
f 431/468/448 432/469/449 433/470/450
f 434/471/451 433/470/450 432/469/449
f 435/472/452 433/470/450 434/471/451
f 435/472/452 434/471/451 423/460/440
f 421/458/438 435/472/452 423/460/440
f 421/458/438 436/473/453 435/472/452
f 421/458/438 419/456/436 436/473/453
f 419/456/436 437/474/454 436/473/453
f 419/456/436 417/454/434 437/474/454
f 417/454/434 408/440/424 437/474/454
f 417/454/434 406/438/422 408/440/424
f 407/439/423 411/443/427 424/461/441
f 408/440/424 407/439/423 424/461/441
f 408/440/424 424/461/441 427/464/444
f 437/474/454 408/440/424 427/464/444
f 437/474/454 427/464/444 429/466/446
f 436/473/453 437/474/454 429/466/446
f 436/473/453 429/466/446 431/468/448
f 436/473/453 431/468/448 433/470/450
f 436/473/453 433/470/450 435/472/452
f 434/471/451 432/469/449 438/475/455
f 439/476/456 423/460/440 434/471/451
f 439/476/456 434/471/451 438/475/455
f 439/476/456 438/475/455 440/477/457
f 438/475/455 432/469/449 440/477/457
f 432/469/449 441/478/458 440/477/457
f 432/469/449 346/479/350 441/478/458
f 430/467/447 346/479/350 432/469/449
f 430/467/447 352/480/356 346/479/350
f 428/465/445 352/480/356 430/467/447
f 428/465/445 353/481/357 352/480/356
f 426/463/443 353/481/357 428/465/445
f 426/463/443 357/482/361 353/481/357
f 425/462/442 357/482/361 426/463/443
f 425/462/442 363/483/367 357/482/361
f 27/484/29 363/483/367 425/462/442
f 28/445/30 27/484/29 425/462/442
f 411/443/427 28/445/30 425/462/442
f 411/443/427 425/462/442 424/461/441
f 346/479/350 345/485/349 441/478/458
f 439/476/456 440/477/457 442/486/459
f 439/476/456 442/486/459 443/487/460
f 443/487/460 336/488/340 335/489/339
f 444/490/461 422/459/439 423/460/440
f 439/476/456 444/490/461 423/460/440
f 445/491/462 444/490/461 439/476/456
f 439/476/456 443/487/460 445/491/462
f 445/491/462 443/487/460 446/492/463
f 443/487/460 335/489/339 446/492/463
f 446/492/463 335/489/339 334/493/338
f 446/492/463 334/493/338 447/494/464
f 447/494/464 334/493/338 448/495/465
f 447/494/464 448/495/465 449/496/466
f 449/496/466 448/495/465 450/497/467
f 449/496/466 450/497/467 451/498/468
f 452/499/469 451/498/468 450/497/467
f 453/500/470 451/498/468 452/499/469
f 453/500/470 452/499/469 71/70/73
f 454/501/471 453/500/470 71/70/73
f 454/501/471 71/70/73 70/69/72
f 78/77/80 454/501/471 70/69/72
f 452/499/469 72/71/74 71/70/73
f 455/502/472 72/71/74 452/499/469
f 452/499/469 450/497/467 455/502/472
f 450/497/467 456/503/473 455/502/472
f 450/497/467 457/504/474 456/503/473
f 448/495/465 457/504/474 450/497/467
f 448/495/465 333/505/337 457/504/474
f 334/493/338 333/505/337 448/495/465
f 458/506/475 459/507/476 460/508/477
f 461/509/478 458/506/475 460/508/477
f 458/506/475 461/509/478 462/510/479
f 461/509/478 463/511/480 462/510/479
f 462/510/479 463/511/480 420/457/437
f 462/510/479 420/457/437 422/459/439
f 444/490/461 462/510/479 422/459/439
f 458/506/475 462/510/479 444/490/461
f 445/491/462 458/506/475 444/490/461
f 458/506/475 445/491/462 464/512/481
f 445/491/462 446/492/463 464/512/481
f 464/512/481 446/492/463 447/494/464
f 464/512/481 447/494/464 459/507/476
f 459/507/476 447/494/464 449/496/466
f 459/507/476 449/496/466 451/498/468
f 459/507/476 451/498/468 453/500/470
f 460/508/477 459/507/476 453/500/470
f 460/508/477 453/500/470 454/501/471
f 458/506/475 464/512/481 459/507/476
f 461/509/478 460/508/477 465/513/482
f 465/513/482 460/508/477 454/501/471
f 465/513/482 454/501/471 78/77/80
f 79/78/81 465/513/482 78/77/80
f 466/514/483 465/513/482 79/78/81
f 466/514/483 461/509/478 465/513/482
f 463/511/480 461/509/478 466/514/483
f 90/89/92 93/92/95 106/105/108
f 90/89/92 106/105/108 114/113/116
f 81/80/83 90/89/92 114/113/116
f 81/80/83 114/113/116 80/79/82
f 115/114/117 80/79/82 114/113/116
f 115/114/117 467/515/484 80/79/82
f 467/515/484 79/78/81 80/79/82
f 207/207/210 79/78/81 467/515/484
f 207/207/210 466/514/483 79/78/81
f 206/206/209 466/514/483 207/207/210
f 206/206/209 463/511/480 466/514/483
f 463/511/480 206/206/209 205/205/208
f 463/511/480 205/205/208 420/457/437
f 204/204/207 420/457/437 205/205/208
f 204/204/207 418/455/435 420/457/437
f 204/204/207 416/453/433 418/455/435
f 204/204/207 203/203/206 416/453/433
f 203/203/206 215/215/218 416/453/433
f 468/516/485 469/517/486 470/518/487
f 470/518/487 469/517/486 471/519/488
f 470/518/487 471/519/488 472/520/489
f 472/520/489 471/519/488 473/521/490
f 471/519/488 474/522/491 473/521/490
f 475/523/492 473/521/490 474/522/491
f 440/524/493 476/525/494 442/526/495
f 443/527/460 442/526/495 476/525/494
f 336/528/340 443/527/460 476/525/494
f 336/528/340 476/525/494 477/529/496
f 477/529/496 476/525/494 468/516/485
f 476/525/494 478/530/497 468/516/485
f 478/530/497 469/517/486 468/516/485
f 469/517/486 478/530/497 479/531/498
f 469/517/486 479/531/498 471/519/488
f 471/519/488 479/531/498 480/532/499
f 471/519/488 480/532/499 474/522/491
f 474/522/491 480/532/499 481/533/500
f 480/532/499 482/534/501 481/533/500
f 480/532/499 441/535/458 482/534/501
f 482/534/501 441/535/458 345/536/349
f 440/524/493 478/530/497 476/525/494
f 478/530/497 440/524/493 483/537/502
f 479/531/498 478/530/497 483/537/502
f 479/531/498 483/537/502 480/532/499
f 480/532/499 483/537/502 441/535/458
f 483/537/502 440/524/493 441/535/458
f 176/538/179 484/539/503 180/540/504
f 173/541/176 484/539/503 176/538/179
f 173/541/176 485/542/505 484/539/503
f 174/543/177 485/542/505 173/541/176
f 174/543/177 401/544/417 485/542/505
f 401/544/417 486/545/506 485/542/505
f 484/539/503 485/542/505 486/545/506
f 180/540/504 484/539/503 486/545/506
f 486/545/506 487/546/507 180/540/504
f 487/546/507 223/547/226 180/540/508
f 487/546/507 230/548/233 223/547/226
f 393/549/408 230/548/233 487/546/507
f 486/545/506 393/549/408 487/546/507
f 486/545/506 488/550/509 393/549/408
f 401/544/417 488/550/509 486/545/506
f 401/544/417 400/551/416 488/550/509
f 400/551/416 489/552/510 488/550/509
f 400/551/416 399/553/414 489/552/510
f 399/553/414 490/554/511 489/552/510
f 399/553/414 398/555/413 490/554/511
f 398/555/413 491/556/512 490/554/511
f 491/556/512 398/555/413 397/557/412
f 491/556/512 397/557/412 396/558/411
f 490/554/511 491/556/512 396/558/411
f 490/554/511 396/558/411 395/559/410
f 489/552/510 490/554/511 395/559/410
f 489/552/510 395/559/410 394/560/409
f 489/552/510 394/560/409 393/549/408
f 489/552/510 393/549/408 488/550/509
f 492/561/513 493/562/514 494/563/515
f 472/564/489 473/565/490 494/563/515
f 472/564/489 494/563/515 493/562/514
f 470/566/487 472/564/489 493/562/514
f 470/566/487 493/562/514 495/567/516
f 470/566/487 495/567/516 496/568/517
f 468/569/485 470/566/487 496/568/517
f 477/570/496 468/569/485 496/568/517
f 496/568/517 497/571/518 477/570/496
f 477/570/496 497/571/518 337/572/341
f 337/572/341 497/571/518 340/573/519
f 341/574/520 340/573/519 497/571/518
f 341/574/520 497/571/518 496/568/517
f 498/575/521 341/574/520 496/568/517
f 498/575/521 496/568/517 495/567/516
f 498/575/521 495/567/516 499/576/522
f 499/576/522 495/567/516 493/562/514
f 499/576/522 493/562/514 500/577/523
f 492/561/513 500/577/523 493/562/514
f 492/561/513 481/578/500 500/577/523
f 492/561/513 474/579/491 481/578/500
f 475/580/492 474/579/491 492/561/513
f 475/580/492 492/561/513 494/563/515
f 473/565/490 475/580/492 494/563/515
f 477/570/496 337/572/341 336/581/340
f 498/575/521 344/582/348 341/574/520
f 499/576/522 344/582/348 498/575/521
f 499/576/522 501/583/524 344/582/348
f 500/577/523 501/583/524 499/576/522
f 500/577/523 482/584/501 501/583/524
f 500/577/523 481/578/500 482/584/501
f 501/583/524 345/585/349 344/582/348
f 501/583/524 482/584/501 345/585/349
f 502/586/525 503/587/526 504/588/527
f 505/589/528 502/586/525 504/588/527
f 505/589/528 504/588/527 506/590/529
f 506/590/529 504/588/527 507/591/530
f 507/591/530 504/588/527 503/587/526
f 507/591/530 503/587/526 508/592/531
f 508/592/531 503/587/526 509/593/532
f 510/594/533 509/593/532 503/587/526
f 511/595/534 510/594/533 503/587/526
f 510/594/533 511/595/534 512/596/535
f 511/595/534 513/597/536 512/596/535
f 514/598/537 506/590/529 507/591/530
f 511/595/534 503/587/526 502/586/525
f 513/597/536 511/595/534 502/586/525
f 505/589/528 513/597/536 502/586/525
f 505/589/528 512/599/535 513/597/536
f 512/599/535 505/589/528 506/590/529
f 512/599/535 506/590/529 515/600/538
f 506/590/529 299/601/539 515/600/538
f 299/601/539 506/590/529 514/598/537
f 312/602/316 299/601/539 514/598/537
f 312/602/316 514/598/537 310/603/314
f 514/598/537 507/591/530 310/603/314
f 310/603/314 507/591/530 308/604/312
f 308/604/312 507/591/530 508/592/531
f 308/604/312 508/592/531 317/605/321
f 317/605/321 508/592/531 509/593/532
f 317/605/321 509/593/532 150/606/153
f 149/607/152 150/606/153 509/593/532
f 510/594/533 149/607/152 509/593/532
f 516/608/540 149/607/152 510/594/533
f 147/609/150 149/607/152 516/608/540
f 298/610/302 147/609/150 516/608/540
f 299/601/303 298/611/302 516/612/540
f 515/600/538 299/601/303 516/612/540
f 515/600/538 516/612/540 510/613/533
f 510/613/533 512/599/535 515/600/538
f 72/614/74 517/615/541 73/616/75
f 73/616/75 517/615/541 518/617/542
f 517/615/541 519/618/543 518/617/542
f 517/615/541 520/619/544 519/618/543
f 521/620/545 519/618/543 520/619/544
f 522/621/546 521/620/545 520/619/544
f 520/619/544 523/622/547 522/621/546
f 520/619/544 524/623/548 523/622/547
f 524/623/548 520/619/544 525/624/549
f 524/623/548 525/624/549 526/625/550
f 525/624/549 455/626/551 526/625/550
f 456/627/552 526/625/550 455/626/551
f 456/627/552 527/628/553 526/625/550
f 527/628/553 524/623/548 526/625/550
f 455/626/551 517/615/541 72/614/74
f 455/626/551 525/624/549 517/615/541
f 525/624/549 520/619/544 517/615/541
f 528/629/554 529/630/555 530/631/556
f 528/629/554 531/632/557 529/630/555
f 531/632/557 134/633/558 529/630/555
f 531/632/557 155/634/559 134/633/558
f 531/632/557 129/635/560 155/634/559
f 130/636/133 532/637/561 126/638/129
f 532/637/561 130/636/133 129/635/562
f 129/635/562 531/632/557 532/637/561
f 531/632/557 533/639/563 532/637/561
f 533/639/563 531/632/557 528/629/554
f 534/640/564 533/639/563 528/629/554
f 534/640/564 528/629/554 530/631/556
f 535/641/565 534/640/564 530/631/556
f 535/641/565 530/631/556 536/642/566
f 537/643/567 535/641/565 536/642/566
f 538/644/568 535/641/565 537/643/567
f 539/645/569 538/644/568 537/643/567
f 538/644/568 539/645/569 540/646/570
f 538/644/568 540/646/570 541/647/571
f 542/648/572 541/647/571 540/646/570
f 542/648/572 543/649/573 541/647/571
f 127/650/130 543/649/573 542/648/572
f 127/650/130 126/638/129 543/649/573
f 532/637/561 543/649/573 126/638/129
f 532/637/561 533/639/563 543/649/573
f 543/649/573 533/639/563 541/647/571
f 538/644/568 541/647/571 533/639/563
f 534/640/564 538/644/568 533/639/563
f 535/641/565 538/644/568 534/640/564
f 456/651/473 457/652/474 544/653/574
f 544/653/574 457/652/474 545/654/575
f 546/655/576 544/653/574 545/654/575
f 546/655/576 547/656/577 544/653/574
f 546/655/576 548/657/578 547/656/577
f 546/655/576 549/658/579 548/657/578
f 549/658/579 550/659/580 548/657/578
f 551/660/581 552/661/582 553/662/583
f 554/663/584 551/660/581 553/662/583
f 554/663/584 553/662/583 58/664/60
f 58/664/60 43/665/45 554/663/584
f 43/665/45 41/666/43 554/663/584
f 554/663/584 41/666/43 555/667/585
f 556/668/586 555/667/585 41/666/43
f 557/669/587 555/667/585 556/668/586
f 557/669/587 556/668/586 550/659/580
f 558/670/588 557/669/587 550/659/580
f 558/670/588 550/659/580 549/658/579
f 559/671/589 558/670/588 549/658/579
f 559/671/589 549/658/579 546/655/576
f 546/655/576 329/330/333 559/671/589
f 546/655/576 331/332/335 329/330/333
f 546/655/576 545/654/575 331/332/335
f 545/654/575 332/333/336 331/332/335
f 457/652/474 332/333/336 545/654/575
f 457/652/474 333/334/337 332/333/336
f 560/672/590 561/673/591 562/674/592
f 562/674/592 561/673/591 557/669/587
f 562/674/592 557/669/587 558/670/588
f 562/674/592 558/670/588 559/671/589
f 559/671/589 330/331/334 562/674/592
f 559/671/589 329/330/333 330/331/334
f 557/669/587 563/675/593 555/667/585
f 561/673/591 563/675/593 557/669/587
f 564/676/594 563/675/593 561/673/591
f 560/672/590 564/676/594 561/673/591
f 565/677/595 564/676/594 560/672/590
f 566/678/596 567/679/597 568/680/598
f 567/679/597 566/678/596 569/681/599
f 569/681/599 566/678/596 570/682/600
f 570/682/600 566/678/596 571/683/601
f 570/682/600 571/683/601 565/677/595
f 565/677/595 571/683/601 564/676/594
f 571/683/601 572/684/602 564/676/594
f 564/676/594 572/684/602 573/685/603
f 564/676/594 573/685/603 563/675/593
f 551/660/581 563/675/593 573/685/603
f 551/660/581 555/667/585 563/675/593
f 554/663/584 555/667/585 551/660/581
f 574/686/604 118/118/121 575/687/605
f 125/125/128 118/118/121 574/686/604
f 576/688/606 125/125/128 574/686/604
f 128/128/131 125/125/128 576/688/606
f 128/128/131 576/688/606 567/679/597
f 128/128/131 567/679/597 305/306/309
f 305/306/309 567/679/597 569/681/599
f 305/306/309 569/681/599 307/308/311
f 307/308/311 569/681/599 570/682/600
f 307/308/311 570/682/600 309/310/313
f 309/310/313 570/682/600 565/677/595
f 309/310/313 565/677/595 311/312/315
f 311/312/315 565/677/595 560/672/590
f 311/312/315 560/672/590 316/317/320
f 316/317/320 560/672/590 562/674/592
f 562/674/592 313/314/317 316/317/320
f 562/674/592 330/331/334 313/314/317
f 330/331/334 321/322/325 313/314/317
f 577/689/607 578/690/608 575/687/605
f 575/687/605 578/690/608 579/691/609
f 575/687/605 579/691/609 574/686/604
f 576/688/606 574/686/604 579/691/609
f 576/688/606 579/691/609 567/679/597
f 567/679/597 579/691/609 578/690/608
f 567/679/597 578/690/608 568/680/598
f 568/680/598 578/690/608 577/689/607
f 568/680/598 577/689/607 580/692/610
f 566/678/596 568/680/598 580/692/610
f 566/678/596 580/692/610 581/693/611
f 571/683/601 566/678/596 581/693/611
f 571/683/601 581/693/611 582/694/612
f 572/684/602 571/683/601 582/694/612
f 572/684/602 582/694/612 583/695/613
f 573/685/603 572/684/602 583/695/613
f 573/685/603 583/695/613 552/661/582
f 551/660/581 573/685/603 552/661/582
f 581/693/611 580/692/610 584/696/614
f 581/693/611 584/696/614 585/697/615
f 582/694/612 581/693/611 585/697/615
f 582/694/612 585/697/615 586/698/616
f 583/695/613 582/694/612 586/698/616
f 583/695/613 586/698/616 587/699/617
f 588/700/618 583/695/613 587/699/617
f 588/700/618 587/699/617 589/701/619
f 590/702/620 588/700/618 589/701/619
f 590/702/620 589/701/619 591/703/621
f 55/704/57 590/702/620 591/703/621
f 55/704/57 591/703/621 37/705/39
f 37/705/39 591/703/621 35/706/37
f 591/703/621 592/707/622 35/706/37
f 591/703/621 589/701/619 592/707/622
f 589/701/619 593/708/623 592/707/622
f 589/701/619 587/699/617 593/708/623
f 587/699/617 594/709/624 593/708/623
f 587/699/617 586/698/616 594/709/624
f 586/698/616 595/710/625 594/709/624
f 586/698/616 585/697/615 595/710/625
f 553/662/583 552/661/582 596/711/626
f 553/662/583 596/711/626 597/712/627
f 58/664/60 553/662/583 597/712/627
f 57/713/59 58/664/60 597/712/627
f 57/713/59 597/712/627 56/714/58
f 56/714/58 597/712/627 55/704/57
f 597/712/627 590/702/620 55/704/57
f 597/712/627 596/711/626 590/702/620
f 596/711/626 588/700/618 590/702/620
f 596/711/626 552/661/582 588/700/618
f 552/661/582 583/695/613 588/700/618
f 598/715/628 599/716/629 4/717/4
f 598/715/628 4/717/4 600/718/630
f 4/717/4 6/719/6 600/718/630
f 600/718/630 6/719/6 601/720/631
f 601/720/631 602/721/632 600/718/630
f 603/722/633 602/721/632 601/720/631
f 602/721/632 603/722/633 604/723/634
f 604/723/634 603/722/633 595/710/625
f 585/697/615 604/723/634 595/710/625
f 585/697/615 605/724/635 604/723/634
f 585/697/615 584/696/614 605/724/635
f 584/696/614 606/725/636 605/724/635
f 580/692/610 606/725/636 584/696/614
f 580/692/610 607/726/637 606/725/636
f 580/692/610 577/689/607 607/726/637
f 577/689/607 2/117/120 607/726/637
f 575/687/605 2/117/120 577/689/607
f 575/687/605 118/118/121 2/117/120
f 605/724/635 602/721/632 604/723/634
f 605/724/635 600/718/630 602/721/632
f 605/724/635 598/715/628 600/718/630
f 606/725/636 598/715/628 605/724/635
f 606/725/636 607/726/637 598/715/628
f 599/716/629 598/715/628 607/726/637
f 607/726/637 2/117/120 599/716/629
f 603/722/633 601/720/631 608/727/638
f 608/727/638 601/720/631 609/728/639
f 601/720/631 6/719/6 609/728/639
f 2/117/120 117/116/119 3/729/3
f 117/116/119 116/115/118 3/729/3
f 6/719/6 3/729/3 116/115/118
f 6/719/6 116/115/118 89/88/91
f 89/88/91 609/728/639 6/719/6
f 89/88/91 87/86/89 609/728/639
f 608/727/638 609/728/639 87/86/89
f 85/84/87 608/727/638 87/86/89
f 610/730/640 611/731/641 612/732/642
f 610/730/640 613/733/643 611/731/641
f 610/730/640 612/732/642 120/734/123
f 120/734/123 612/732/642 121/735/124
f 612/732/642 122/736/125 121/735/124
f 611/731/641 122/736/125 612/732/642
f 611/731/641 529/737/555 122/736/125
f 611/731/641 530/738/556 529/737/555
f 611/731/641 613/733/643 530/738/556
f 613/733/643 536/739/566 530/738/556
f 613/733/643 614/740/644 536/739/566
f 614/740/644 537/741/567 536/739/566
f 539/742/569 537/741/567 614/740/644
f 539/742/569 614/740/644 613/733/643
f 540/743/570 539/742/569 613/733/643
f 542/744/572 540/743/570 613/733/643
f 542/744/572 613/733/643 610/730/640
f 127/745/130 542/744/572 610/730/640
f 127/745/130 610/730/640 120/734/123
f 529/737/555 134/746/558 122/736/125
f 122/736/125 134/746/558 133/747/136
f 527/748/553 456/749/552 544/750/574
f 519/751/543 521/752/545 615/753/645
f 521/752/545 522/754/546 615/753/645
f 522/754/546 616/755/646 615/753/645
f 616/755/646 522/754/546 523/756/547
f 616/755/646 523/756/547 524/757/548
f 616/755/646 524/757/548 617/758/647
f 617/758/647 524/757/548 527/748/553
f 617/758/647 527/748/553 618/759/648
f 527/748/553 544/750/574 618/759/648
f 544/750/574 547/760/577 618/759/648
f 518/761/542 618/759/648 547/760/577
f 547/760/577 73/762/75 518/761/542
f 616/755/646 617/758/647 615/753/645
f 617/758/647 618/759/648 615/753/645
f 519/751/543 615/753/645 618/759/648
f 518/761/542 519/751/543 618/759/648
f 619/763/649 4/764/4 599/765/629
f 4/764/4 619/763/649 5/766/5
f 5/766/5 619/763/649 14/767/14
f 619/763/649 13/768/13 14/767/14
f 619/763/649 599/765/629 13/768/13
f 13/768/13 599/765/629 2/769/2
f 13/768/13 2/769/2 1/770/1
f 9/771/9 13/768/13 1/770/1
f 13/768/13 9/771/9 12/772/12
f 12/772/12 9/771/9 10/773/10
f 556/668/586 41/666/43 38/774/40
f 550/659/580 556/668/586 38/774/40
f 550/659/580 38/774/40 75/775/77
f 548/657/578 550/659/580 75/775/77
f 548/657/578 75/775/77 620/776/650
f 548/657/578 620/776/650 547/656/577
f 73/777/75 547/656/577 620/776/650
f 73/777/75 620/776/650 74/778/76
f 75/775/77 74/778/76 620/776/650
f 621/779/651 622/780/652 623/781/653
f 622/780/652 624/782/654 623/781/653
f 624/782/654 625/783/655 623/781/653
f 624/782/654 626/784/656 625/783/655
f 625/783/655 626/784/656 627/785/657
f 627/785/657 626/784/656 628/786/658
f 628/786/658 629/787/659 627/785/657
f 630/788/660 629/787/659 628/786/658
f 631/789/661 630/788/660 628/786/658
f 632/790/662 630/788/660 631/789/661
f 633/791/663 632/790/662 631/789/661
f 622/780/652 633/791/663 631/789/661
f 622/780/652 631/789/661 624/782/654
f 631/789/661 626/784/656 624/782/654
f 631/789/661 628/786/658 626/784/656
f 623/781/653 625/783/655 629/792/659
f 625/783/655 627/785/657 629/792/659
f 207/793/210 634/794/664 208/795/211
f 635/796/665 634/794/664 207/793/210
f 635/796/665 630/797/660 634/794/664
f 630/797/660 635/796/665 629/792/659
f 623/781/653 629/792/659 635/796/665
f 623/781/653 635/796/665 207/793/666
f 207/793/666 621/779/651 623/781/653
f 467/798/484 621/779/651 207/793/666
f 467/798/484 115/799/117 621/779/651
f 621/779/651 115/799/117 622/780/652
f 115/799/117 113/800/115 622/780/652
f 113/800/115 633/791/663 622/780/652
f 113/800/115 112/801/114 633/791/663
f 112/801/114 632/790/662 633/791/663
f 112/801/114 111/802/113 632/790/662
f 187/803/190 632/790/662 111/802/113
f 632/790/662 187/803/190 630/788/660
f 630/788/660 187/803/190 634/804/664
f 187/803/190 186/805/189 634/804/664
f 634/804/664 186/805/189 208/806/211
usemtl Cloth
f 636/807/667 637/808/668 638/809/669
f 637/808/668 639/810/670 638/811/669
f 640/812/671 641/813/672 642/814/673
f 641/813/672 643/815/674 642/814/673
f 641/813/672 644/816/675 643/815/674
f 644/816/675 645/817/676 643/815/674
f 644/816/675 646/818/677 645/817/676
f 645/817/676 646/818/677 647/819/678
f 646/818/677 648/820/679 647/819/678
f 647/819/678 648/820/679 636/807/667
f 649/821/680 636/807/667 648/820/679
f 649/821/680 637/808/668 636/807/667
f 650/822/681 637/808/668 649/821/680
f 650/822/681 639/810/670 637/808/668
f 650/822/681 651/823/682 639/810/670
f 639/810/670 651/823/682 638/824/669
f 640/825/671 652/826/683 641/813/672
f 652/826/683 644/816/675 641/813/672
f 652/826/683 653/827/684 644/816/675
f 653/827/684 646/818/677 644/816/675
f 653/827/684 654/828/685 646/818/677
f 646/818/677 654/828/685 648/820/679
f 655/829/686 648/820/679 654/828/685
f 655/829/686 649/821/680 648/820/679
f 656/830/687 649/821/680 655/829/686
f 656/830/687 650/822/681 649/821/680
f 656/830/687 657/831/688 650/822/681
f 650/822/681 657/831/688 651/823/682
f 656/830/687 658/832/689 657/831/688
f 659/833/690 658/832/689 656/830/687
f 659/833/690 656/830/687 660/834/691
f 661/835/692 660/834/691 656/830/687
f 661/835/692 656/830/687 655/829/686
f 653/827/684 661/835/692 655/829/686
f 653/827/684 655/829/686 654/828/685
f 652/826/683 661/835/692 653/827/684
f 652/826/683 662/836/693 661/835/692
f 662/836/693 660/834/691 661/835/692
f 640/837/671 662/836/693 652/826/683
f 640/838/671 663/839/694 662/836/693
f 662/836/693 663/839/694 660/834/691
f 664/840/695 660/834/691 663/839/694
f 664/840/695 659/833/690 660/834/691
f 665/841/696 659/833/690 664/840/695
f 665/841/696 666/842/697 659/833/690
f 666/842/697 658/832/689 659/833/690
f 666/842/697 667/843/698 658/832/689
f 658/832/689 667/843/698 668/844/699
f 658/832/689 668/844/699 657/831/688
f 657/831/688 668/844/699 669/845/700
f 657/831/688 669/845/700 651/823/682
f 651/823/682 669/845/700 638/846/669
f 640/847/671 664/840/695 663/839/694
f 640/848/671 665/841/696 664/840/695
f 670/849/701 671/850/702 672/851/703
f 671/850/702 673/852/704 672/851/703
f 671/850/702 674/853/705 673/852/704
f 675/854/706 676/855/707 677/856/708
f 678/857/709 676/855/707 675/854/706
f 679/858/710 676/855/707 678/857/709
f 680/859/711 679/858/710 678/857/709
f 680/859/711 681/860/712 679/858/710
f 681/860/712 682/861/713 679/858/710
f 681/860/712 683/862/714 682/861/713
f 682/861/713 683/862/714 684/863/715
f 682/861/713 684/863/715 685/864/716
f 685/864/716 684/863/715 670/849/701
f 685/864/716 670/849/701 686/865/717
f 670/849/701 672/851/703 686/865/717
f 672/851/703 676/855/707 686/865/717
f 673/852/704 676/855/707 672/851/703
f 687/866/718 676/855/707 673/852/704
f 674/853/705 687/866/718 673/852/704
f 674/853/705 688/867/719 687/866/718
f 688/867/719 689/868/720 687/866/718
f 686/865/717 676/855/707 685/864/716
f 685/864/716 676/855/707 682/861/713
f 682/861/713 676/855/707 679/858/710
f 689/868/720 676/855/707 687/866/718
f 690/869/721 676/855/707 689/868/720
f 691/870/722 676/855/707 690/869/721
f 677/856/708 676/855/707 692/871/723
f 688/867/719 693/872/724 689/868/720
f 693/872/724 690/869/721 689/868/720
f 693/872/724 694/873/725 690/869/721
f 690/869/721 694/873/725 695/874/726
f 690/869/721 695/874/726 691/870/722
f 695/874/726 696/875/727 691/870/722
f 696/875/727 676/855/707 691/870/722
f 697/876/728 676/855/707 696/875/727
f 692/871/723 676/855/707 697/876/728
f 697/876/728 698/877/729 692/871/723
f 692/871/723 698/877/729 699/878/730
f 692/871/723 699/878/730 677/856/708
f 677/856/708 699/878/730 700/879/731
f 677/856/708 700/879/731 675/854/706
f 675/854/706 700/879/731 680/859/711
f 675/854/706 680/859/711 678/857/709
f 697/876/728 701/880/732 698/877/729
f 696/875/727 701/880/732 697/876/728
f 696/875/727 702/881/733 701/880/732
f 695/874/726 702/881/733 696/875/727
f 703/882/734 704/883/735 705/884/736
f 706/885/737 704/883/735 703/882/734
f 706/885/737 703/882/734 707/886/738
f 708/887/739 709/888/740 710/889/741
f 710/889/741 711/890/742 708/887/739
f 710/889/741 712/891/743 711/890/742
f 713/892/744 712/891/743 710/889/741
f 713/892/744 714/893/745 712/891/743
f 715/894/746 714/893/745 713/892/744
f 715/894/746 716/895/747 714/893/745
f 705/884/736 716/895/747 715/894/746
f 705/884/736 715/894/746 717/896/748
f 703/882/734 705/884/736 717/896/748
f 717/896/748 709/888/740 703/882/734
f 703/882/734 709/888/740 707/886/738
f 707/886/738 709/888/740 718/897/749
f 718/897/749 709/888/740 719/898/750
f 719/898/750 709/888/740 720/899/751
f 720/899/751 709/888/740 721/900/752
f 710/889/741 709/888/740 713/892/744
f 713/892/744 709/888/740 715/894/746
f 715/894/746 709/888/740 717/896/748
f 722/901/753 706/885/737 707/886/738
f 722/901/753 707/886/738 718/897/749
f 723/902/754 722/901/753 718/897/749
f 723/902/754 718/897/749 719/898/750
f 724/903/755 723/902/754 719/898/750
f 724/903/755 719/898/750 720/899/751
f 725/904/756 724/903/755 720/899/751
f 725/904/756 720/899/751 721/900/752
f 726/905/757 725/904/756 721/900/752
f 721/900/752 709/888/740 726/905/757
f 726/905/757 709/888/740 727/906/758
f 727/906/758 709/888/740 728/907/759
f 729/908/760 727/906/758 728/907/759
f 730/909/761 729/908/760 728/907/759
f 730/909/761 728/907/759 731/910/762
f 732/911/763 730/909/761 731/910/762
f 731/910/762 709/888/740 732/911/763
f 732/911/763 709/888/740 708/887/739
f 728/907/759 709/888/740 731/910/762
f 729/908/760 733/912/764 727/906/758
f 727/906/758 733/912/764 734/913/765
f 727/906/758 734/913/765 726/905/757
f 726/905/757 734/913/765 725/904/756
f 732/911/763 735/914/766 730/909/761
f 708/887/739 735/914/766 732/911/763
f 708/887/739 711/890/742 735/914/766
f 736/915/767 737/916/768 738/917/769
f 739/918/770 737/916/768 736/915/767
f 739/918/770 736/915/767 740/919/771
f 741/920/772 739/918/770 740/919/771
f 742/921/773 743/922/774 744/923/775
f 744/923/775 743/922/774 741/920/772
f 744/923/775 741/920/772 745/924/776
f 741/920/772 740/919/771 745/924/776
f 740/919/771 746/925/777 745/924/776
f 736/915/767 746/925/777 740/919/771
f 747/926/778 746/925/777 736/915/767
f 736/915/767 738/917/769 747/926/778
f 747/926/778 738/917/769 748/927/779
f 747/926/778 748/927/779 749/928/780
f 748/927/779 750/929/781 749/928/780
f 750/929/781 746/925/777 749/928/780
f 751/930/782 746/925/777 750/929/781
f 752/931/783 746/925/777 751/930/782
f 753/932/784 746/925/777 752/931/783
f 754/933/785 746/925/777 753/932/784
f 755/934/786 746/925/777 754/933/785
f 749/928/780 746/925/777 747/926/778
f 742/921/773 746/925/777 756/889/787
f 744/923/775 746/925/777 742/921/773
f 745/924/776 746/925/777 744/923/775
f 748/927/779 757/935/788 750/929/781
f 757/935/788 751/930/782 750/929/781
f 757/935/788 758/936/789 751/930/782
f 758/936/789 752/931/783 751/930/782
f 758/936/789 759/937/790 752/931/783
f 759/937/790 753/932/784 752/931/783
f 759/937/790 760/938/791 753/932/784
f 760/938/791 754/933/785 753/932/784
f 760/938/791 761/939/792 754/933/785
f 754/933/785 761/939/792 762/940/793
f 754/933/785 762/940/793 755/934/786
f 762/940/793 763/941/794 755/934/786
f 763/941/794 746/925/777 755/934/786
f 764/942/795 746/925/777 763/941/794
f 756/889/787 746/925/777 764/942/795
f 764/942/795 765/943/796 756/889/787
f 756/889/787 765/943/796 766/944/797
f 756/889/787 766/944/797 742/921/773
f 742/921/773 766/944/797 743/922/774
f 762/940/793 767/945/798 763/941/794
f 763/941/794 767/945/798 768/946/799
f 763/941/794 768/946/799 764/942/795
f 764/942/795 768/946/799 765/943/796
f 769/838/800 770/839/801 771/836/802
f 769/837/800 771/836/802 772/826/803
f 773/947/804 774/948/805 775/949/806
f 776/950/807 774/948/805 773/947/804
f 776/950/807 777/819/808 774/948/805
f 778/817/809 777/819/808 776/950/807
f 778/817/809 779/818/810 777/819/808
f 780/816/811 779/818/810 778/817/809
f 781/827/812 779/818/810 780/816/811
f 772/826/803 781/827/812 780/816/811
f 772/826/803 782/835/813 781/827/812
f 772/826/803 771/836/802 782/835/813
f 771/836/802 783/834/814 782/835/813
f 771/836/802 770/839/801 783/834/814
f 784/840/815 783/834/814 770/839/801
f 769/847/800 784/840/815 770/839/801
f 774/948/805 785/807/816 775/951/806
f 777/819/808 785/807/816 774/948/805
f 777/819/808 786/820/817 785/807/816
f 779/818/810 786/820/817 777/819/808
f 779/818/810 787/828/818 786/820/817
f 781/827/812 787/828/818 779/818/810
f 781/827/812 788/829/819 787/828/818
f 781/827/812 782/835/813 788/829/819
f 782/835/813 789/830/820 788/829/819
f 782/835/813 783/834/814 789/830/820
f 790/833/821 789/830/820 783/834/814
f 784/840/815 790/833/821 783/834/814
f 791/841/822 790/833/821 784/840/815
f 769/848/800 791/841/822 784/840/815
f 788/829/819 786/820/817 787/828/818
f 792/821/823 785/807/816 786/820/817
f 788/829/819 792/821/823 786/820/817
f 789/830/820 792/821/823 788/829/819
f 790/833/821 793/832/824 789/830/820
f 791/841/822 794/842/825 790/833/821
f 794/842/825 793/832/824 790/833/821
f 794/842/825 795/843/826 793/832/824
f 793/832/824 795/843/826 796/844/827
f 793/832/824 796/844/827 797/831/828
f 789/830/820 793/832/824 797/831/828
f 789/830/820 797/831/828 798/822/829
f 789/830/820 798/822/829 792/821/823
f 798/822/829 799/808/830 792/821/823
f 792/821/823 799/808/830 785/807/816
f 785/807/816 799/808/830 775/809/806
f 799/808/830 800/810/831 775/811/806
f 798/822/829 800/810/831 799/808/830
f 798/822/829 801/823/832 800/810/831
f 798/822/829 797/831/828 801/823/832
f 797/831/828 802/845/833 801/823/832
f 797/831/828 796/844/827 802/845/833
f 801/823/832 802/845/833 775/846/806
f 800/810/831 801/823/832 775/824/806
f 769/812/800 803/813/834 804/814/835
f 803/813/834 805/815/836 804/814/835
f 769/825/800 772/826/803 803/813/834
f 772/826/803 780/816/811 803/813/834
f 803/813/834 780/816/811 805/815/836
f 780/816/811 778/817/809 805/815/836
f 806/952/837 805/815/836 778/817/809
f 807/953/838 805/815/836 806/952/837
f 807/953/838 804/814/835 805/815/836
f 769/954/800 804/814/835 807/953/838
f 769/955/800 807/953/838 791/956/822
f 791/956/822 807/953/838 806/952/837
f 791/956/822 806/952/837 794/957/825
f 794/957/825 806/952/837 808/958/839
f 806/952/837 778/817/809 808/958/839
f 778/817/809 809/959/840 808/958/839
f 778/817/809 776/950/807 809/959/840
f 776/950/807 810/960/841 809/959/840
f 776/950/807 773/947/804 810/960/841
f 810/960/841 773/947/804 775/961/806
f 794/957/825 808/958/839 795/962/826
f 808/958/839 796/963/827 795/962/826
f 808/958/839 809/959/840 796/963/827
f 809/959/840 802/964/833 796/963/827
f 809/959/840 810/960/841 802/964/833
f 802/964/833 810/960/841 775/965/806
f 811/832/842 812/843/843 813/844/844
f 814/842/845 812/843/843 811/832/842
f 815/831/846 813/844/844 816/845/847
f 811/832/842 813/844/844 815/831/846
f 817/830/848 811/832/842 815/831/846
f 818/833/849 811/832/842 817/830/848
f 814/842/845 811/832/842 818/833/849
f 819/841/850 814/842/845 818/833/849
f 820/829/851 821/820/852 822/828/853
f 820/829/851 823/821/854 821/820/852
f 817/830/848 823/821/854 820/829/851
f 817/830/848 824/822/855 823/821/854
f 817/830/848 815/831/846 824/822/855
f 824/822/855 815/831/846 825/823/856
f 815/831/846 816/845/847 825/823/856
f 825/823/856 816/845/847 826/846/857
f 823/821/854 827/807/858 821/820/852
f 823/821/854 828/808/859 827/807/858
f 824/822/855 828/808/859 823/821/854
f 824/822/855 829/810/860 828/808/859
f 824/822/855 825/823/856 829/810/860
f 829/810/860 825/823/856 826/824/857
f 828/808/859 829/810/860 826/811/857
f 827/807/858 828/808/859 826/809/857
f 830/948/861 827/807/858 826/951/857
f 831/819/862 827/807/858 830/948/861
f 831/819/862 821/820/852 827/807/858
f 832/818/863 821/820/852 831/819/862
f 832/818/863 822/828/853 821/820/852
f 833/827/864 822/828/853 832/818/863
f 833/827/864 820/829/851 822/828/853
f 833/827/864 834/835/865 820/829/851
f 834/835/865 817/830/848 820/829/851
f 834/835/865 835/834/866 817/830/848
f 818/833/849 817/830/848 835/834/866
f 836/840/867 818/833/849 835/834/866
f 819/841/850 818/833/849 836/840/867
f 837/848/868 819/841/850 836/840/867
f 838/947/869 830/948/861 826/949/857
f 839/950/870 830/948/861 838/947/869
f 839/950/870 831/819/862 830/948/861
f 840/817/871 831/819/862 839/950/870
f 840/817/871 832/818/863 831/819/862
f 841/816/872 832/818/863 840/817/871
f 833/827/864 832/818/863 841/816/872
f 842/826/873 833/827/864 841/816/872
f 842/826/873 834/835/865 833/827/864
f 842/826/873 843/836/874 834/835/865
f 843/836/874 835/834/866 834/835/865
f 843/836/874 844/839/875 835/834/866
f 836/840/867 835/834/866 844/839/875
f 837/847/868 836/840/867 844/839/875
f 837/838/868 844/839/875 843/836/874
f 837/837/868 843/836/874 842/826/873
f 842/826/873 841/816/872 845/813/876
f 837/825/868 842/826/873 845/813/876
f 846/953/877 847/815/878 848/952/879
f 848/952/879 847/815/878 840/817/871
f 841/816/872 840/817/871 847/815/878
f 845/813/876 841/816/872 847/815/878
f 845/813/876 847/815/878 849/814/880
f 837/812/868 845/813/876 849/814/880
f 846/953/877 849/814/880 847/815/878
f 837/954/868 849/814/880 846/953/877
f 837/955/868 846/953/877 819/956/850
f 819/956/850 846/953/877 848/952/879
f 819/956/850 848/952/879 814/957/845
f 848/952/879 812/962/843 814/957/845
f 848/952/879 850/958/881 812/962/843
f 848/952/879 840/817/871 850/958/881
f 840/817/871 851/959/882 850/958/881
f 840/817/871 839/950/870 851/959/882
f 839/950/870 852/960/883 851/959/882
f 839/950/870 838/947/869 852/960/883
f 852/960/883 838/947/869 826/961/857
f 850/958/881 813/963/844 812/962/843
f 850/958/881 851/959/882 813/963/844
f 851/959/882 816/964/847 813/963/844
f 851/959/882 852/960/883 816/964/847
f 816/964/847 852/960/883 826/965/857
f 853/837/884 854/826/885 855/836/886
f 853/838/884 855/836/886 856/839/887
f 853/847/884 856/839/887 857/840/888
f 858/834/889 857/840/888 856/839/887
f 855/836/886 858/834/889 856/839/887
f 855/836/886 859/835/890 858/834/889
f 854/826/885 859/835/890 855/836/886
f 854/826/885 860/827/891 859/835/890
f 861/816/892 860/827/891 854/826/885
f 862/818/893 860/827/891 861/816/892
f 863/817/894 862/818/893 861/816/892
f 863/817/894 864/819/895 862/818/893
f 863/817/894 865/950/896 864/819/895
f 865/950/896 866/948/897 864/819/895
f 865/950/896 867/947/898 866/948/897
f 867/947/898 868/949/899 866/948/897
f 864/819/895 869/828/900 862/818/893
f 862/818/893 869/828/900 860/827/891
f 869/828/900 859/835/890 860/827/891
f 853/848/884 857/840/888 870/841/901
f 871/833/902 870/841/901 857/840/888
f 858/834/889 871/833/902 857/840/888
f 872/830/903 871/833/902 858/834/889
f 859/835/890 872/830/903 858/834/889
f 859/835/890 873/829/904 872/830/903
f 869/828/900 873/829/904 859/835/890
f 874/820/905 873/829/904 869/828/900
f 864/819/895 874/820/905 869/828/900
f 864/819/895 875/807/906 874/820/905
f 864/819/895 866/948/897 875/807/906
f 866/948/897 868/951/899 875/807/906
f 875/807/906 876/821/907 874/820/905
f 874/820/905 876/821/907 873/829/904
f 876/821/907 872/830/903 873/829/904
f 872/830/903 877/832/908 871/833/902
f 871/833/902 878/842/909 870/841/901
f 871/833/902 879/843/910 878/842/909
f 871/833/902 877/832/908 879/843/910
f 877/832/908 880/844/911 879/843/910
f 877/832/908 881/831/912 880/844/911
f 872/830/903 881/831/912 877/832/908
f 872/830/903 882/822/913 881/831/912
f 876/821/907 882/822/913 872/830/903
f 883/808/914 882/822/913 876/821/907
f 875/807/906 883/808/914 876/821/907
f 875/807/906 868/809/899 883/808/914
f 881/831/912 884/845/915 880/844/911
f 881/831/912 885/823/916 884/845/915
f 882/822/913 885/823/916 881/831/912
f 882/822/913 886/810/917 885/823/916
f 883/808/914 886/810/917 882/822/913
f 883/808/914 868/811/899 886/810/917
f 886/810/917 868/824/899 885/823/916
f 885/823/916 868/846/899 884/845/915
f 887/834/918 888/833/919 889/840/920
f 890/830/921 888/833/919 887/834/918
f 891/835/922 890/830/921 887/834/918
f 892/848/923 889/840/920 893/841/924
f 888/833/919 893/841/924 889/840/920
f 888/833/919 894/842/925 893/841/924
f 895/832/926 894/842/925 888/833/919
f 890/830/921 895/832/926 888/833/919
f 890/830/921 896/831/927 895/832/926
f 890/830/921 897/822/928 896/831/927
f 897/822/928 898/823/929 896/831/927
f 897/822/928 899/810/930 898/823/929
f 899/810/930 900/824/931 898/823/929
f 895/832/926 901/843/932 894/842/925
f 895/832/926 902/844/933 901/843/932
f 895/832/926 896/831/927 902/844/933
f 896/831/927 903/845/934 902/844/933
f 896/831/927 898/823/929 903/845/934
f 898/823/929 900/846/931 903/845/934
f 904/808/935 900/811/931 899/810/930
f 904/808/935 899/810/930 897/822/928
f 904/808/935 897/822/928 905/821/936
f 905/821/936 897/822/928 890/830/921
f 905/821/936 890/830/921 906/829/937
f 891/835/922 906/829/937 890/830/921
f 907/828/938 906/829/937 891/835/922
f 907/828/938 891/835/922 908/827/939
f 909/818/940 907/828/938 908/827/939
f 909/818/940 910/820/941 907/828/938
f 909/818/940 911/819/942 910/820/941
f 911/819/942 912/807/943 910/820/941
f 911/819/942 913/948/944 912/807/943
f 913/948/944 900/951/931 912/807/943
f 910/820/941 906/829/937 907/828/938
f 910/820/941 905/821/936 906/829/937
f 912/807/943 905/821/936 910/820/941
f 912/807/943 904/808/935 905/821/936
f 912/807/943 900/809/931 904/808/935
f 892/847/923 914/839/945 889/840/920
f 887/834/918 889/840/920 914/839/945
f 915/836/946 887/834/918 914/839/945
f 915/836/946 891/835/922 887/834/918
f 916/826/947 891/835/922 915/836/946
f 916/826/947 908/827/939 891/835/922
f 917/816/948 908/827/939 916/826/947
f 909/818/940 908/827/939 917/816/948
f 918/817/949 909/818/940 917/816/948
f 918/817/949 911/819/942 909/818/940
f 918/817/949 919/950/950 911/819/942
f 919/950/950 913/948/944 911/819/942
f 919/950/950 920/947/951 913/948/944
f 920/947/951 900/949/931 913/948/944
f 892/838/923 915/836/946 914/839/945
f 892/837/923 916/826/947 915/836/946
f 892/954/923 921/953/952 922/814/953
f 921/953/952 923/815/954 922/814/953
f 921/953/952 924/952/955 923/815/954
f 924/952/955 918/817/949 923/815/954
f 918/817/949 917/816/948 923/815/954
f 923/815/954 917/816/948 925/813/956
f 917/816/948 916/826/947 925/813/956
f 892/825/923 925/813/956 916/826/947
f 923/815/954 925/813/956 922/814/953
f 892/812/923 922/814/953 925/813/956
f 892/955/923 893/956/924 921/953/952
f 893/956/924 924/952/955 921/953/952
f 893/956/924 894/957/925 924/952/955
f 894/957/925 926/958/957 924/952/955
f 924/952/955 926/958/957 918/817/949
f 927/959/958 918/817/949 926/958/957
f 927/959/958 919/950/950 918/817/949
f 928/960/959 919/950/950 927/959/958
f 928/960/959 920/947/951 919/950/950
f 928/960/959 900/961/931 920/947/951
f 894/957/925 901/962/932 926/958/957
f 901/962/932 927/959/958 926/958/957
f 901/962/932 902/963/933 927/959/958
f 903/964/934 927/959/958 902/963/933
f 903/964/934 928/960/959 927/959/958
f 903/964/934 900/965/931 928/960/959
f 929/807/960 930/808/961 931/821/962
f 929/807/960 932/809/963 930/808/961
f 933/948/964 932/951/963 929/807/960
f 934/947/965 932/949/963 933/948/964
f 935/960/966 932/961/963 934/947/965
f 935/960/966 934/947/965 936/950/967
f 936/950/967 934/947/965 933/948/964
f 936/950/967 933/948/964 937/819/968
f 937/819/968 933/948/964 929/807/960
f 937/819/968 929/807/960 938/820/969
f 929/807/960 931/821/962 938/820/969
f 939/828/970 938/820/969 931/821/962
f 939/828/970 931/821/962 940/829/971
f 941/827/972 939/828/970 940/829/971
f 942/818/973 939/828/970 941/827/972
f 942/818/973 941/827/972 943/816/974
f 944/817/975 942/818/973 943/816/974
f 944/817/975 943/816/974 945/815/976
f 946/952/977 944/817/975 945/815/976
f 947/953/978 946/952/977 945/815/976
f 948/956/979 946/952/977 947/953/978
f 949/955/980 948/956/979 947/953/978
f 942/818/973 938/820/969 939/828/970
f 942/818/973 937/819/968 938/820/969
f 944/817/975 937/819/968 942/818/973
f 944/817/975 936/950/967 937/819/968
f 950/959/981 936/950/967 944/817/975
f 950/959/981 944/817/975 951/958/982
f 946/952/977 951/958/982 944/817/975
f 948/956/979 952/957/983 946/952/977
f 953/962/984 946/952/977 952/957/983
f 953/962/984 951/958/982 946/952/977
f 954/963/985 951/958/982 953/962/984
f 954/963/985 950/959/981 951/958/982
f 955/964/986 950/959/981 954/963/985
f 955/964/986 935/960/966 950/959/981
f 935/960/966 936/950/967 950/959/981
f 955/964/986 932/965/963 935/960/966
f 949/954/980 947/953/978 956/814/987
f 947/953/978 945/815/976 956/814/987
f 945/815/976 957/813/988 956/814/987
f 945/815/976 943/816/974 957/813/988
f 943/816/974 958/826/989 957/813/988
f 943/816/974 941/827/972 958/826/989
f 958/826/989 941/827/972 959/835/990
f 941/827/972 940/829/971 959/835/990
f 959/835/990 940/829/971 960/830/991
f 931/821/962 960/830/991 940/829/971
f 931/821/962 961/822/992 960/830/991
f 930/808/961 961/822/992 931/821/962
f 930/808/961 962/810/993 961/822/992
f 930/808/961 932/811/963 962/810/993
f 949/812/980 956/814/987 957/813/988
f 949/825/980 957/813/988 958/826/989
f 949/837/980 958/826/989 963/836/994
f 958/826/989 959/835/990 963/836/994
f 963/836/994 959/835/990 964/834/995
f 959/835/990 960/830/991 964/834/995
f 960/830/991 965/833/996 964/834/995
f 960/830/991 966/832/997 965/833/996
f 960/830/991 967/831/998 966/832/997
f 960/830/991 961/822/992 967/831/998
f 961/822/992 968/823/999 967/831/998
f 961/822/992 962/810/993 968/823/999
f 962/810/993 932/824/963 968/823/999
f 949/838/980 963/836/994 969/839/1000
f 963/836/994 964/834/995 969/839/1000
f 964/834/995 970/840/1001 969/839/1000
f 964/834/995 965/833/996 970/840/1001
f 965/833/996 948/841/979 970/840/1001
f 965/833/996 952/842/983 948/841/979
f 966/832/997 952/842/983 965/833/996
f 966/832/997 953/843/984 952/842/983
f 966/832/997 954/844/985 953/843/984
f 966/832/997 967/831/998 954/844/985
f 967/831/998 955/845/986 954/844/985
f 967/831/998 968/823/999 955/845/986
f 968/823/999 932/846/963 955/845/986
f 949/847/980 969/839/1000 970/840/1001
f 949/848/980 970/840/1001 948/841/979
f 971/966/1002 972/967/1003 973/968/1004
f 971/966/1002 973/968/1004 974/969/1005
f 975/970/1006 976/971/1007 972/967/1003
f 975/970/1006 972/967/1003 971/966/1002
f 975/970/1006 971/966/1002 977/972/1008
f 977/972/1008 971/966/1002 974/969/1005
f 977/972/1008 974/969/1005 978/973/1009
f 978/973/1009 974/969/1005 979/974/1010
f 973/968/1004 979/974/1010 974/969/1005
f 973/968/1004 980/975/1011 979/974/1010
f 981/976/1012 982/977/1013 980/975/1011
f 983/978/1014 981/976/1012 980/975/1011
f 983/978/1014 980/975/1011 973/968/1004
f 984/979/1015 983/978/1014 973/968/1004
f 984/979/1015 973/968/1004 972/967/1003
f 985/980/1016 984/979/1015 972/967/1003
f 985/980/1016 972/967/1003 976/971/1007
f 986/981/1017 985/980/1016 976/971/1007
f 976/971/1007 987/982/1018 986/981/1017
f 976/971/1007 975/970/1006 987/982/1018
f 987/982/1018 975/970/1006 988/983/1019
f 975/970/1006 977/972/1008 988/983/1019
f 988/983/1019 977/972/1008 984/984/1015
f 977/972/1008 983/985/1014 984/984/1015
f 977/972/1008 978/973/1009 983/985/1014
f 983/985/1014 978/973/1009 989/986/1020
f 978/973/1009 979/974/1010 989/986/1020
f 989/986/1020 979/974/1010 990/987/1021
f 981/976/1012 991/988/1022 982/977/1013
f 980/975/1011 990/987/1021 979/974/1010
f 980/975/1011 982/977/1013 990/987/1021
f 992/989/1023 990/987/1021 982/977/1013
f 992/989/1023 982/977/1013 993/990/1024
f 993/990/1024 982/977/1013 991/988/1022
f 993/990/1024 991/988/1022 994/991/1025
f 986/981/1017 995/992/1026 985/980/1016
f 987/982/1018 988/983/1019 996/993/1027
f 996/993/1027 988/983/1019 985/994/1016
f 988/983/1019 984/984/1015 985/994/1016
f 996/993/1027 985/994/1016 995/995/1026
f 983/985/1014 989/986/1020 981/996/1012
f 981/996/1012 989/986/1020 997/997/1028
f 989/986/1020 990/987/1021 997/997/1028
f 992/989/1023 997/997/1028 990/987/1021
f 992/989/1023 998/998/1029 997/997/1028
f 998/998/1029 991/999/1022 997/997/1028
f 998/998/1029 994/1000/1025 991/999/1022
f 981/996/1012 997/997/1028 991/999/1022
f 999/1001/1030 1000/1002/1031 1001/1003/1032
f 999/1001/1030 1001/1003/1032 1002/1004/1033
f 1003/1005/1034 999/1001/1030 1002/1004/1033
f 1003/1005/1034 1004/1006/1035 999/1001/1030
f 1005/1007/1036 1006/1008/1037 1007/1009/1038
f 1005/1007/1036 1003/1005/1034 1006/1008/1037
f 1003/1005/1034 1008/1010/1039 1006/1008/1037
f 1003/1005/1034 1002/1004/1033 1008/1010/1039
f 1002/1004/1033 1009/1011/1040 1008/1010/1039
f 1002/1004/1033 1001/1003/1032 1009/1011/1040
f 1001/1003/1032 1010/1012/1041 1009/1011/1040
f 1001/1003/1032 1011/1013/1042 1010/1012/1041
f 1001/1003/1032 1012/1014/1043 1011/1013/1042
f 1001/1003/1032 1000/1002/1031 1012/1014/1043
f 1000/1002/1031 1013/1015/1044 1012/1014/1043
f 1000/1002/1031 1014/1016/1045 1013/1015/1044
f 999/1001/1030 1014/1016/1045 1000/1002/1031
f 999/1001/1030 1015/1017/1046 1014/1016/1045
f 1004/1006/1035 1015/1017/1046 999/1001/1030
f 1004/1006/1035 1016/1018/1047 1015/1017/1046
f 1017/1019/1048 1016/1018/1047 1004/1006/1035
f 1017/1019/1048 1004/1006/1035 1003/1005/1034
f 1017/1019/1048 1003/1005/1034 1005/1007/1036
f 1018/1020/1049 1017/1019/1048 1005/1007/1036
f 1018/1020/1049 1005/1007/1036 1019/1021/1050
f 1013/1015/1044 1009/1022/1040 1010/1023/1041
f 1013/1015/1044 1014/1016/1045 1009/1022/1040
f 1008/1024/1039 1009/1022/1040 1014/1016/1045
f 1008/1024/1039 1014/1016/1045 1015/1017/1046
f 1006/1025/1037 1008/1024/1039 1015/1017/1046
f 1006/1025/1037 1015/1017/1046 1016/1018/1047
f 1020/1026/1051 1006/1025/1037 1016/1018/1047
f 1017/1019/1048 1020/1026/1051 1016/1018/1047
f 1021/1027/1052 1020/1026/1051 1017/1019/1048
f 1021/1027/1052 1017/1019/1048 1018/1020/1049
f 1018/1020/1049 1022/1028/1053 1021/1027/1052
f 1018/1020/1049 1023/1029/1054 1022/1028/1053
f 1023/1029/1054 1018/1020/1049 1019/1021/1050
f 1023/1029/1054 1019/1021/1050 1024/1030/1055
f 1019/1021/1050 1025/1031/1056 1024/1030/1055
f 1019/1021/1050 1026/1032/1057 1025/1031/1056
f 1019/1021/1050 1007/1009/1038 1026/1032/1057
f 1019/1021/1050 1005/1007/1036 1007/1009/1038
f 1020/1026/1051 1007/1033/1038 1006/1025/1037
f 1021/1027/1052 1007/1033/1038 1020/1026/1051
f 1021/1027/1052 1026/1034/1057 1007/1033/1038
f 1022/1028/1053 1026/1034/1057 1021/1027/1052
f 1022/1028/1053 1025/1035/1056 1026/1034/1057
f 1027/1036/1058 1028/1037/1059 1029/1038/1060
f 1027/1036/1058 1030/1039/1061 1028/1037/1059
f 1031/1040/1062 1028/1037/1059 1030/1039/1061
f 1032/1041/1063 1031/1040/1062 1030/1039/1061
f 1033/1042/1064 1034/1043/1065 1035/1044/1066
f 1034/1043/1065 1032/1041/1063 1035/1044/1066
f 1032/1041/1063 1030/1039/1061 1035/1044/1066
f 1036/1045/1067 1035/1044/1066 1030/1039/1061
f 1036/1045/1067 1030/1039/1061 1027/1036/1058
f 1037/1046/1068 1036/1045/1067 1027/1036/1058
f 1037/1046/1068 1027/1036/1058 1038/1047/1069
f 1037/1046/1068 1038/1047/1069 1039/1048/1070
f 1038/1047/1069 1040/1049/1071 1039/1048/1070
f 1033/1042/1064 1035/1044/1066 1036/1045/1067
f 1033/1042/1064 1036/1045/1067 1037/1046/1068
f 1033/1042/1064 1037/1046/1068 1041/1050/1072
f 1041/1050/1072 1037/1046/1068 1042/1051/1073
f 1037/1046/1068 1039/1048/1070 1042/1051/1073
f 1041/1050/1072 1042/1051/1073 1043/1052/1074
f 1038/1047/1069 1027/1036/1058 1029/1038/1060
f 1038/1047/1069 1029/1038/1060 1044/1053/1075
f 1038/1047/1069 1044/1053/1075 1040/1049/1071
f 1045/1054/1076 1040/1049/1071 1044/1053/1075
f 1045/1054/1076 1044/1053/1075 1046/1055/1077
f 1047/1056/1078 1046/1055/1077 1044/1053/1075
f 1047/1056/1078 1044/1053/1075 1029/1038/1060
f 1048/1057/1079 1047/1056/1078 1029/1038/1060
f 1048/1057/1079 1029/1038/1060 1028/1037/1059
f 1048/1057/1079 1028/1037/1059 1049/1058/1080
f 1031/1040/1062 1049/1058/1080 1028/1037/1059
f 1039/1059/1070 1049/1058/1080 1031/1040/1062
f 1042/1060/1073 1039/1059/1070 1031/1040/1062
f 1042/1060/1073 1031/1040/1062 1032/1041/1063
f 1050/1061/1081 1042/1060/1073 1032/1041/1063
f 1034/1043/1065 1050/1061/1081 1032/1041/1063
f 1051/1062/1082 1050/1061/1081 1034/1043/1065
f 1051/1062/1082 1034/1043/1065 1033/1042/1064
f 1048/1057/1079 1049/1058/1080 1052/1063/1083
f 1052/1063/1083 1049/1058/1080 1040/1064/1071
f 1039/1059/1070 1040/1064/1071 1049/1058/1080
f 1052/1063/1083 1040/1064/1071 1045/1065/1076
f 1050/1061/1081 1043/1066/1074 1042/1060/1073
f 1053/1067/1084 1043/1066/1074 1050/1061/1081
f 1051/1062/1082 1053/1067/1084 1050/1061/1081
f 1053/1067/1084 1051/1062/1082 1054/1068/1085
f 1055/1069/1086 1054/1068/1085 1051/1062/1082
f 1055/1069/1086 1056/1070/1087 1054/1068/1085
f 1056/1070/1087 1055/1069/1086 1057/1071/1088
f 1056/1070/1087 1057/1071/1088 1058/1072/1089
f 1051/1062/1082 1033/1042/1064 1055/1069/1086
f 1055/1069/1086 1033/1042/1064 1041/1050/1072
f 1055/1069/1086 1041/1050/1072 1057/1071/1088
f 1057/1071/1088 1041/1050/1072 1043/1052/1074
f 1057/1071/1088 1043/1052/1074 1059/1073/1090
f 1059/1073/1090 1058/1072/1089 1057/1071/1088
f 1059/1073/1090 1060/1074/1091 1058/1072/1089
f 1053/1067/1084 1059/1075/1090 1043/1066/1074
f 1061/1076/1092 1059/1075/1090 1053/1067/1084
f 1053/1067/1084 1054/1068/1085 1061/1076/1092
f 1061/1076/1092 1060/1077/1091 1059/1075/1090
f 1062/1078/1093 1063/1079/1094 1064/1080/1095
f 1062/1078/1093 1065/1081/1096 1063/1079/1094
f 1065/1081/1096 1066/1082/1097 1063/1079/1094
f 1065/1081/1096 1067/1083/1098 1066/1082/1097
f 1067/1083/1098 1068/1084/1099 1066/1082/1097
f 1066/1082/1097 1068/1085/1099 1069/1086/1100
f 1063/1079/1094 1066/1082/1097 1069/1086/1100
f 1063/1079/1094 1069/1086/1100 1070/1087/1101
f 1070/1087/1101 1064/1080/1095 1063/1079/1094
f 1070/1087/1101 1071/1088/1102 1064/1080/1095
f 1064/1080/1095 1071/1088/1102 1072/1089/1103
f 1064/1080/1095 1072/1089/1103 1073/1090/1104
f 1062/1078/1093 1064/1080/1095 1073/1090/1104
f 1062/1078/1093 1073/1090/1104 1074/1091/1105
f 1075/1092/1106 1062/1078/1093 1074/1091/1105
f 1076/1093/1107 1075/1092/1106 1074/1091/1105
f 1077/1094/1108 1075/1092/1106 1076/1093/1107
f 1078/1095/1109 1076/1093/1107 1079/1096/1110
f 1076/1093/1107 1074/1091/1105 1079/1096/1110
f 1074/1091/1105 1080/1097/1111 1079/1096/1110
f 1074/1091/1105 1073/1090/1104 1080/1097/1111
f 1073/1090/1104 1081/1098/1112 1080/1097/1111
f 1073/1090/1104 1072/1089/1103 1081/1098/1112
f 1078/1099/1109 1080/1097/1111 1081/1098/1112
f 1078/1100/1109 1079/1096/1110 1080/1097/1111
f 1078/1101/1109 1082/1102/1113 1076/1093/1107
f 1077/1094/1108 1076/1093/1107 1082/1102/1113
f 1083/1103/1114 1077/1094/1108 1082/1102/1113
f 1083/1103/1114 1084/1104/1115 1077/1094/1108
f 1085/1105/1116 1084/1104/1115 1083/1103/1114
f 1078/1106/1109 1085/1105/1116 1083/1103/1114
f 1078/1107/1109 1083/1103/1114 1082/1102/1113
f 1078/1108/1109 1086/1109/1117 1085/1105/1116
f 1078/1110/1109 1087/1111/1118 1086/1109/1117
f 1078/1112/1109 1088/1113/1119 1087/1111/1118
f 1089/1114/1120 1087/1111/1118 1088/1113/1119
f 1089/1114/1120 1086/1109/1117 1087/1111/1118
f 1089/1114/1120 1090/1115/1121 1086/1109/1117
f 1090/1115/1121 1085/1105/1116 1086/1109/1117
f 1090/1115/1121 1091/1116/1122 1085/1105/1116
f 1085/1105/1116 1091/1116/1122 1084/1104/1115
f 1091/1116/1122 1092/1117/1123 1084/1104/1115
f 1092/1117/1123 1077/1094/1108 1084/1104/1115
f 1092/1117/1123 1093/1118/1124 1077/1094/1108
f 1093/1118/1124 1075/1092/1106 1077/1094/1108
f 1093/1118/1124 1094/1119/1125 1075/1092/1106
f 1075/1092/1106 1094/1119/1125 1062/1078/1093
f 1095/1120/1126 1062/1078/1093 1094/1119/1125
f 1095/1120/1126 1065/1081/1096 1062/1078/1093
f 1096/1121/1127 1065/1081/1096 1095/1120/1126
f 1096/1121/1127 1067/1083/1098 1065/1081/1096
f 1096/1121/1127 1068/1122/1099 1067/1083/1098
f 1096/1121/1127 1095/1120/1126 1097/1123/1128
f 1093/1118/1124 1095/1120/1126 1094/1119/1125
f 1093/1118/1124 1097/1123/1128 1095/1120/1126
f 1092/1117/1123 1097/1123/1128 1093/1118/1124
f 1092/1117/1123 1098/1124/1129 1097/1123/1128
f 1099/1125/1130 1068/1126/1099 1096/1121/1127
f 1096/1121/1127 1097/1123/1128 1099/1125/1130
f 1100/1127/1131 1099/1125/1130 1097/1123/1128
f 1100/1127/1131 1097/1123/1128 1098/1124/1129
f 1101/1128/1132 1100/1127/1131 1098/1124/1129
f 1101/1128/1132 1098/1124/1129 1092/1117/1123
f 1101/1128/1132 1092/1117/1123 1102/1129/1133
f 1091/1116/1122 1102/1129/1133 1092/1117/1123
f 1103/1130/1134 1102/1129/1133 1091/1116/1122
f 1103/1130/1134 1091/1116/1122 1090/1115/1121
f 1104/1131/1135 1103/1130/1134 1090/1115/1121
f 1104/1131/1135 1090/1115/1121 1089/1114/1120
f 1105/1132/1136 1104/1131/1135 1089/1114/1120
f 1089/1114/1120 1088/1113/1119 1105/1132/1136
f 1106/1133/1137 1105/1132/1136 1088/1113/1119
f 1106/1133/1137 1088/1113/1119 1107/1134/1138
f 1108/1135/1139 1106/1133/1137 1107/1134/1138
f 1078/1136/1109 1108/1135/1139 1107/1134/1138
f 1078/1137/1109 1107/1134/1138 1088/1113/1119
f 1100/1127/1131 1068/1138/1099 1099/1125/1130
f 1104/1131/1135 1109/1139/1140 1103/1130/1134
f 1110/1140/1141 1068/1141/1099 1100/1127/1131
f 1101/1128/1132 1110/1140/1141 1100/1127/1131
f 1109/1139/1140 1110/1140/1141 1101/1128/1132
f 1101/1128/1132 1103/1130/1134 1109/1139/1140
f 1101/1128/1132 1102/1129/1133 1103/1130/1134
f 1108/1135/1139 1111/1142/1142 1106/1133/1137
f 1072/1143/1103 1111/1142/1142 1108/1135/1139
f 1072/1143/1103 1108/1135/1139 1081/1144/1112
f 1078/1145/1109 1081/1144/1112 1108/1135/1139
f 1069/1146/1100 1068/1147/1099 1112/1148/1143
f 1069/1146/1100 1112/1148/1143 1113/1149/1144
f 1069/1146/1100 1113/1149/1144 1070/1150/1101
f 1070/1150/1101 1113/1149/1144 1114/1151/1145
f 1070/1150/1101 1114/1151/1145 1071/1152/1102
f 1072/1143/1103 1071/1152/1102 1114/1151/1145
f 1072/1143/1103 1114/1151/1145 1111/1142/1142
f 1115/1153/1146 1111/1142/1142 1114/1151/1145
f 1115/1153/1146 1106/1133/1137 1111/1142/1142
f 1116/1154/1147 1106/1133/1137 1115/1153/1146
f 1116/1154/1147 1105/1132/1136 1106/1133/1137
f 1105/1132/1136 1116/1154/1147 1104/1131/1135
f 1116/1154/1147 1117/1155/1148 1104/1131/1135
f 1104/1131/1135 1117/1155/1148 1109/1139/1140
f 1117/1155/1148 1118/1156/1149 1109/1139/1140
f 1109/1139/1140 1118/1156/1149 1110/1140/1141
f 1118/1156/1149 1068/1157/1099 1110/1140/1141
f 1117/1155/1148 1119/1158/1150 1118/1156/1149
f 1119/1158/1150 1068/1159/1099 1118/1156/1149
f 1113/1149/1144 1115/1153/1146 1114/1151/1145
f 1113/1149/1144 1120/1160/1151 1115/1153/1146
f 1120/1160/1151 1116/1154/1147 1115/1153/1146
f 1120/1160/1151 1121/1161/1152 1116/1154/1147
f 1116/1154/1147 1121/1161/1152 1117/1155/1148
f 1122/1162/1153 1117/1155/1148 1121/1161/1152
f 1122/1162/1153 1119/1158/1150 1117/1155/1148
f 1122/1162/1153 1068/1163/1099 1119/1158/1150
f 1122/1162/1153 1121/1161/1152 1120/1160/1151
f 1112/1148/1143 1120/1160/1151 1113/1149/1144
f 1112/1148/1143 1123/1164/1154 1120/1160/1151
f 1122/1162/1153 1120/1160/1151 1123/1164/1154
f 1123/1164/1154 1068/1165/1099 1122/1162/1153
f 1112/1148/1143 1068/1166/1099 1123/1164/1154
f 1124/815/1155 1125/813/1156 1126/814/1157
f 853/812/884 1126/814/1157 1125/813/1156
f 853/954/884 1127/953/1158 1126/814/1157
f 1127/953/1158 1124/815/1155 1126/814/1157
f 1127/953/1158 1128/952/1159 1124/815/1155
f 1128/952/1159 863/817/894 1124/815/1155
f 863/817/894 861/816/892 1124/815/1155
f 1124/815/1155 861/816/892 1125/813/1156
f 861/816/892 854/826/885 1125/813/1156
f 853/825/884 1125/813/1156 854/826/885
f 853/955/884 870/956/901 1127/953/1158
f 870/956/901 1128/952/1159 1127/953/1158
f 870/956/901 878/957/909 1128/952/1159
f 878/957/909 1129/958/1160 1128/952/1159
f 1128/952/1159 1129/958/1160 863/817/894
f 1130/959/1161 863/817/894 1129/958/1160
f 1130/959/1161 865/950/896 863/817/894
f 1131/960/1162 865/950/896 1130/959/1161
f 1131/960/1162 867/947/898 865/950/896
f 1131/960/1162 868/961/899 867/947/898
f 878/957/909 879/962/910 1129/958/1160
f 879/962/910 1130/959/1161 1129/958/1160
f 879/962/910 880/963/911 1130/959/1161
f 884/964/915 1130/959/1161 880/963/911
f 884/964/915 1131/960/1162 1130/959/1161
f 884/964/915 868/965/899 1131/960/1162
f 1132/1167/1163 1133/1168/1164 1134/1169/1165
f 1135/1170/1166 1132/1167/1163 1136/1171/1167
f 1132/1167/1163 1135/1170/1166 1133/1168/1164
f 1135/1170/1166 1137/1172/1168 1133/1168/1164
f 1135/1170/1166 1138/1173/1169 1137/1172/1168
f 1138/1173/1169 1139/1174/1170 1137/1172/1168
f 1138/1173/1169 1140/1175/1171 1139/1174/1170
f 1139/1174/1170 1140/1175/1171 1141/1176/1172
f 1141/1176/1172 1140/1175/1171 1142/1177/1173
f 1141/1176/1172 1142/1177/1173 1143/1178/1174
f 1144/1179/1175 1143/1178/1174 1142/1177/1173
f 1144/1179/1175 1145/1180/1176 1143/1178/1174
f 1146/1181/1177 1145/1180/1176 1144/1179/1175
f 1147/1182/1178 1145/1180/1176 1146/1181/1177
f 1147/1182/1178 1148/1183/1179 1145/1180/1176
f 1149/1184/1180 1148/1183/1179 1147/1182/1178
f 1149/1184/1180 1150/1185/1181 1148/1183/1179
f 1151/1186/1182 1148/1183/1179 1150/1185/1181
f 1151/1186/1182 1152/1187/1183 1148/1183/1179
f 1145/1180/1176 1148/1183/1179 1152/1187/1183
f 1145/1180/1176 1152/1187/1183 1143/1178/1174
f 1153/1188/1184 1143/1178/1174 1152/1187/1183
f 1153/1188/1184 1141/1176/1172 1143/1178/1174
f 1146/1181/1177 1144/1179/1175 1139/1189/1170
f 1154/1190/1185 1152/1187/1183 1151/1186/1182
f 1154/1190/1185 1153/1188/1184 1152/1187/1183
f 1147/1191/1178 1153/1188/1184 1154/1190/1185
f 1146/1192/1177 1153/1188/1184 1147/1191/1178
f 1146/1192/1177 1141/1176/1172 1153/1188/1184
f 1139/1174/1170 1141/1176/1172 1146/1192/1177
f 1147/1191/1178 1154/1190/1185 1149/1193/1180
f 1133/1194/1164 1155/1195/1186 1134/1196/1165
f 1133/1194/1164 1156/1197/1187 1155/1195/1186
f 1137/1198/1168 1156/1197/1187 1133/1194/1164
f 1137/1198/1168 1157/1199/1188 1156/1197/1187
f 1139/1189/1170 1157/1199/1188 1137/1198/1168
f 1139/1189/1170 1144/1179/1175 1157/1199/1188
f 1158/1200/1189 1157/1199/1188 1144/1179/1175
f 1158/1200/1189 1144/1179/1175 1142/1177/1173
f 1140/1175/1171 1158/1200/1189 1142/1177/1173
f 1140/1175/1171 1138/1173/1169 1158/1200/1189
f 1138/1173/1169 1159/1201/1190 1158/1200/1189
f 1138/1173/1169 1135/1170/1166 1159/1201/1190
f 1135/1170/1166 1136/1171/1167 1159/1201/1190
f 1159/1201/1190 1157/1199/1188 1158/1200/1189
f 1159/1201/1190 1156/1197/1187 1157/1199/1188
f 1136/1171/1167 1156/1197/1187 1159/1201/1190
f 1136/1171/1167 1155/1195/1186 1156/1197/1187
f 1160/1202/1191 1161/1203/1192 1162/1204/1193
f 1161/1203/1192 1163/1205/1194 1164/1206/1195
f 1161/1203/1192 1165/1207/1196 1163/1205/1194
f 1160/1202/1191 1165/1207/1196 1161/1203/1192
f 1166/1208/1197 1165/1207/1196 1160/1202/1191
f 1166/1208/1197 1167/1209/1198 1165/1207/1196
f 1168/1210/1199 1167/1209/1198 1166/1208/1197
f 1169/1211/1200 1165/1207/1196 1167/1209/1198
f 1169/1211/1200 1163/1205/1194 1165/1207/1196
f 1170/1212/1201 1163/1205/1194 1169/1211/1200
f 1170/1212/1201 1171/1213/1202 1163/1205/1194
f 1172/1214/1203 1173/1215/1204 1174/1216/1205
f 1174/1216/1205 1173/1215/1204 1175/1217/1206
f 1173/1215/1204 1176/1218/1207 1175/1217/1206
f 1173/1215/1204 1177/1219/1208 1176/1218/1207
f 1177/1219/1208 1168/1210/1199 1176/1218/1207
f 1177/1219/1208 1178/1220/1209 1168/1210/1199
f 1168/1210/1199 1178/1220/1209 1167/1209/1198
f 1179/1221/1210 1167/1209/1198 1178/1220/1209
f 1179/1221/1210 1169/1211/1200 1167/1209/1198
f 1180/1222/1211 1169/1211/1200 1179/1221/1210
f 1180/1222/1211 1170/1212/1201 1169/1211/1200
f 1180/1222/1211 1166/1223/1197 1170/1212/1201
f 1170/1212/1201 1166/1223/1197 1160/1224/1191
f 1170/1212/1201 1160/1224/1191 1171/1213/1202
f 1162/1225/1193 1171/1213/1202 1160/1224/1191
f 1162/1225/1193 1181/1226/1212 1171/1213/1202
f 1164/1206/1195 1171/1213/1202 1181/1226/1212
f 1164/1206/1195 1163/1205/1194 1171/1213/1202
f 1174/1216/1205 1175/1217/1206 1182/1227/1213
f 1180/1222/1211 1168/1228/1199 1166/1223/1197
f 1172/1214/1203 1183/1229/1214 1173/1215/1204
f 1183/1229/1214 1177/1219/1208 1173/1215/1204
f 1183/1229/1214 1184/1230/1215 1177/1219/1208
f 1184/1230/1215 1178/1220/1209 1177/1219/1208
f 1184/1230/1215 1179/1221/1210 1178/1220/1209
f 1184/1230/1215 1180/1222/1211 1179/1221/1210
f 1184/1230/1215 1185/1231/1216 1180/1222/1211
f 1185/1231/1216 1168/1228/1199 1180/1222/1211
f 1185/1231/1216 1176/1232/1207 1168/1228/1199
f 1186/1233/1217 1176/1232/1207 1185/1231/1216
f 1186/1233/1217 1175/1234/1206 1176/1232/1207
f 1175/1234/1206 1186/1233/1217 1187/1235/1218
f 1175/1234/1206 1187/1235/1218 1182/1236/1213
f 1183/1229/1214 1185/1231/1216 1184/1230/1215
f 1183/1229/1214 1186/1233/1217 1185/1231/1216
f 1172/1214/1203 1186/1233/1217 1183/1229/1214
f 1172/1214/1203 1187/1235/1218 1186/1233/1217
f 1188/894/1219 1189/888/1220 1190/896/1221
f 1191/892/1222 1189/888/1220 1188/894/1219
f 1192/889/1223 1189/888/1220 1191/892/1222
f 1193/907/1224 1189/888/1220 1194/910/1225
f 1195/906/1226 1189/888/1220 1193/907/1224
f 1196/905/1227 1189/888/1220 1195/906/1226
f 1197/900/1228 1189/888/1220 1196/905/1227
f 1198/902/1229 1199/901/1230 1200/897/1231
f 1198/902/1229 1200/897/1231 1201/898/1232
f 1200/897/1231 1189/888/1220 1201/898/1232
f 1201/898/1232 1189/888/1220 1202/899/1233
f 1202/899/1233 1189/888/1220 1197/900/1228
f 1203/904/1234 1202/899/1233 1197/900/1228
f 1196/905/1227 1203/904/1234 1197/900/1228
f 1196/905/1227 1204/913/1235 1203/904/1234
f 1195/906/1226 1204/913/1235 1196/905/1227
f 1195/906/1226 1205/912/1236 1204/913/1235
f 1206/908/1237 1205/912/1236 1195/906/1226
f 1206/908/1237 1195/906/1226 1193/907/1224
f 1207/909/1238 1206/908/1237 1193/907/1224
f 1207/909/1238 1193/907/1224 1194/910/1225
f 1208/911/1239 1207/909/1238 1194/910/1225
f 1194/910/1225 1189/888/1220 1208/911/1239
f 1208/911/1239 1189/888/1220 1209/887/1240
f 1209/887/1240 1189/888/1220 1192/889/1223
f 1203/904/1234 1210/903/1241 1202/899/1233
f 1210/903/1241 1201/898/1232 1202/899/1233
f 1210/903/1241 1198/902/1229 1201/898/1232
f 1208/911/1239 1211/914/1242 1207/909/1238
f 1209/887/1240 1211/914/1242 1208/911/1239
f 1209/887/1240 1212/890/1243 1211/914/1242
f 1192/889/1223 1212/890/1243 1209/887/1240
f 1192/889/1223 1213/891/1244 1212/890/1243
f 1191/892/1222 1213/891/1244 1192/889/1223
f 1191/892/1222 1214/893/1245 1213/891/1244
f 1188/894/1219 1214/893/1245 1191/892/1222
f 1188/894/1219 1215/895/1246 1214/893/1245
f 1216/884/1247 1215/895/1246 1188/894/1219
f 1216/884/1247 1188/894/1219 1190/896/1221
f 1217/882/1248 1216/884/1247 1190/896/1221
f 1190/896/1221 1189/888/1220 1217/882/1248
f 1217/882/1248 1189/888/1220 1218/886/1249
f 1218/886/1249 1189/888/1220 1200/897/1231
f 1199/901/1230 1218/886/1249 1200/897/1231
f 1199/901/1230 1219/885/1250 1218/886/1249
f 1219/885/1250 1217/882/1248 1218/886/1249
f 1219/885/1250 1220/883/1251 1217/882/1248
f 1217/882/1248 1220/883/1251 1216/884/1247
f 1221/1237/1252 1222/1238/1253 1223/1239/1254
f 1223/1239/1254 1222/1238/1253 1224/1240/1255
f 1224/1240/1255 1222/1238/1253 1225/1241/1256
f 1225/1241/1256 1222/1238/1253 1226/1242/1257
f 1226/1242/1257 1222/1238/1253 1227/1243/1258
f 1227/1243/1258 1222/1238/1253 1228/1244/1259
f 1228/1244/1259 1222/1238/1253 1229/1245/1260
f 1229/1245/1260 1222/1238/1253 1230/1246/1261
f 1230/1246/1261 1222/1238/1253 1231/1247/1262
f 1231/1247/1262 1222/1238/1253 1232/1248/1263
f 1232/1248/1263 1222/1238/1253 1233/1249/1264
f 1233/1249/1264 1222/1238/1253 1234/1250/1265
f 1234/1250/1265 1222/1238/1253 1235/1251/1266
f 1235/1251/1266 1222/1238/1253 1236/1252/1267
f 1236/1252/1267 1222/1238/1253 1237/1253/1268
f 1237/1253/1268 1222/1238/1253 1221/1237/1252
f 1238/876/1269 1239/880/1270 1240/877/1271
f 1241/875/1272 1239/880/1270 1238/876/1269
f 1241/875/1272 1242/881/1273 1239/880/1270
f 1243/874/1274 1242/881/1273 1241/875/1272
f 1244/867/1275 1245/872/1276 1246/868/1277
f 1245/872/1276 1247/869/1278 1246/868/1277
f 1245/872/1276 1248/873/1279 1247/869/1278
f 1247/869/1278 1248/873/1279 1243/874/1274
f 1247/869/1278 1243/874/1274 1249/870/1280
f 1243/874/1274 1241/875/1272 1249/870/1280
f 1241/875/1272 1250/855/1281 1249/870/1280
f 1238/876/1269 1250/855/1281 1241/875/1272
f 1251/871/1282 1250/855/1281 1238/876/1269
f 1238/876/1269 1240/877/1271 1251/871/1282
f 1251/871/1282 1240/877/1271 1252/878/1283
f 1251/871/1282 1252/878/1283 1253/856/1284
f 1253/856/1284 1252/878/1283 1254/879/1285
f 1253/856/1284 1254/879/1285 1255/854/1286
f 1255/854/1286 1254/879/1285 1256/859/1287
f 1255/854/1286 1256/859/1287 1257/857/1288
f 1253/856/1284 1250/855/1281 1251/871/1282
f 1246/868/1277 1250/855/1281 1258/866/1289
f 1247/869/1278 1250/855/1281 1246/868/1277
f 1249/870/1280 1250/855/1281 1247/869/1278
f 1259/865/1290 1250/855/1281 1260/864/1291
f 1260/864/1291 1250/855/1281 1261/861/1292
f 1261/861/1292 1250/855/1281 1262/858/1293
f 1255/854/1286 1250/855/1281 1253/856/1284
f 1257/857/1288 1250/855/1281 1255/854/1286
f 1262/858/1293 1250/855/1281 1257/857/1288
f 1256/859/1287 1262/858/1293 1257/857/1288
f 1256/859/1287 1263/860/1294 1262/858/1293
f 1263/860/1294 1261/861/1292 1262/858/1293
f 1263/860/1294 1264/862/1295 1261/861/1292
f 1261/861/1292 1264/862/1295 1265/863/1296
f 1261/861/1292 1265/863/1296 1260/864/1291
f 1260/864/1291 1265/863/1296 1266/849/1297
f 1260/864/1291 1266/849/1297 1259/865/1290
f 1266/849/1297 1267/851/1298 1259/865/1290
f 1267/851/1298 1250/855/1281 1259/865/1290
f 1268/852/1299 1250/855/1281 1267/851/1298
f 1258/866/1289 1250/855/1281 1268/852/1299
f 1269/853/1300 1258/866/1289 1268/852/1299
f 1269/853/1300 1244/867/1275 1258/866/1289
f 1244/867/1275 1246/868/1277 1258/866/1289
f 1266/849/1297 1270/850/1301 1267/851/1298
f 1270/850/1301 1268/852/1299 1267/851/1298
f 1270/850/1301 1269/853/1300 1268/852/1299
f 1271/1254/1302 1272/1255/1303 1273/1256/1304
f 1273/1256/1304 1272/1255/1303 1274/1257/1305
f 1274/1257/1305 1272/1255/1303 1275/1258/1306
f 1275/1258/1306 1272/1255/1303 1276/1259/1307
f 1276/1259/1307 1272/1255/1303 1277/1260/1308
f 1277/1260/1308 1272/1255/1303 1278/1261/1309
f 1278/1261/1309 1272/1255/1303 1279/1262/1310
f 1279/1262/1310 1272/1255/1303 1280/1263/1311
f 1280/1263/1311 1272/1255/1303 1281/1264/1312
f 1281/1264/1312 1272/1255/1303 1282/1265/1313
f 1282/1265/1313 1272/1255/1303 1283/1266/1314
f 1283/1266/1314 1272/1255/1303 1284/1267/1315
f 1284/1267/1315 1272/1255/1303 1285/1268/1316
f 1285/1268/1316 1272/1255/1303 1286/1269/1317
f 1286/1269/1317 1272/1255/1303 1287/1270/1318
f 1287/1270/1318 1272/1255/1303 1271/1254/1302
f 1288/915/1319 1289/916/1320 1290/917/1321
f 1291/918/1322 1289/916/1320 1288/915/1319
f 1291/918/1322 1288/915/1319 1292/919/1323
f 1293/920/1324 1291/918/1322 1292/919/1323
f 1294/921/1325 1295/922/1326 1296/923/1327
f 1296/923/1327 1295/922/1326 1293/920/1324
f 1296/923/1327 1293/920/1324 1297/924/1328
f 1293/920/1324 1292/919/1323 1297/924/1328
f 1292/919/1323 1298/925/1329 1297/924/1328
f 1288/915/1319 1298/925/1329 1292/919/1323
f 1299/926/1330 1298/925/1329 1288/915/1319
f 1288/915/1319 1290/917/1321 1299/926/1330
f 1299/926/1330 1290/917/1321 1300/927/1331
f 1299/926/1330 1300/927/1331 1301/928/1332
f 1300/927/1331 1302/929/1333 1301/928/1332
f 1302/929/1333 1298/925/1329 1301/928/1332
f 1303/930/1334 1298/925/1329 1302/929/1333
f 1304/931/1335 1298/925/1329 1303/930/1334
f 1305/932/1336 1298/925/1329 1304/931/1335
f 1306/933/1337 1298/925/1329 1305/932/1336
f 1307/934/1338 1298/925/1329 1306/933/1337
f 1301/928/1332 1298/925/1329 1299/926/1330
f 1294/921/1325 1298/925/1329 1308/889/1339
f 1296/923/1327 1298/925/1329 1294/921/1325
f 1297/924/1328 1298/925/1329 1296/923/1327
f 1300/927/1331 1309/935/1340 1302/929/1333
f 1309/935/1340 1303/930/1334 1302/929/1333
f 1309/935/1340 1310/936/1341 1303/930/1334
f 1310/936/1341 1304/931/1335 1303/930/1334
f 1310/936/1341 1311/937/1342 1304/931/1335
f 1311/937/1342 1305/932/1336 1304/931/1335
f 1311/937/1342 1312/938/1343 1305/932/1336
f 1312/938/1343 1306/933/1337 1305/932/1336
f 1312/938/1343 1313/939/1344 1306/933/1337
f 1306/933/1337 1313/939/1344 1314/940/1345
f 1306/933/1337 1314/940/1345 1307/934/1338
f 1314/940/1345 1315/941/1346 1307/934/1338
f 1315/941/1346 1298/925/1329 1307/934/1338
f 1316/942/1347 1298/925/1329 1315/941/1346
f 1308/889/1339 1298/925/1329 1316/942/1347
f 1316/942/1347 1317/943/1348 1308/889/1339
f 1308/889/1339 1317/943/1348 1318/944/1349
f 1308/889/1339 1318/944/1349 1294/921/1325
f 1294/921/1325 1318/944/1349 1295/922/1326
f 1314/940/1345 1319/945/1350 1315/941/1346
f 1315/941/1346 1319/945/1350 1320/946/1351
f 1315/941/1346 1320/946/1351 1316/942/1347
f 1316/942/1347 1320/946/1351 1317/943/1348
f 1243/874/1352 1321/855/1353 1242/881/1354
f 1239/880/1355 1242/881/1354 1321/855/1353
f 1240/877/1356 1239/880/1355 1321/855/1353
f 1252/878/1357 1240/877/1356 1321/855/1353
f 1254/879/1358 1252/878/1357 1321/855/1353
f 1254/879/1358 1321/855/1353 1256/859/1359
f 1256/859/1359 1321/855/1353 1263/860/1360
f 1263/860/1360 1321/855/1353 1264/862/1361
f 1264/862/1361 1321/855/1353 1265/863/1362
f 1266/849/1363 1265/863/1362 1321/855/1353
f 1270/850/1364 1266/849/1363 1321/855/1353
f 1269/853/1365 1270/850/1364 1321/855/1353
f 1244/867/1366 1269/853/1365 1321/855/1353
f 1244/867/1366 1321/855/1353 1245/872/1367
f 1245/872/1367 1321/855/1353 1248/873/1368
f 1248/873/1368 1321/855/1353 1243/874/1352
f 1322/808/1369 1323/810/1370 1324/811/1371
f 1325/822/1372 1323/810/1370 1322/808/1369
f 1325/822/1372 1326/823/1373 1323/810/1370
f 1325/822/1372 1327/831/1374 1326/823/1373
f 1327/831/1374 1328/845/1375 1326/823/1373
f 1327/831/1374 1329/844/1376 1328/845/1375
f 1323/810/1370 1326/823/1373 1324/824/1371
f 1326/823/1373 1328/845/1375 1324/846/1371
f 1330/841/1377 1331/842/1378 1332/833/1379
f 1331/842/1378 1333/832/1380 1332/833/1379
f 1331/842/1378 1334/843/1381 1333/832/1380
f 1333/832/1380 1334/843/1381 1329/844/1376
f 1333/832/1380 1329/844/1376 1327/831/1374
f 1335/830/1382 1333/832/1380 1327/831/1374
f 1335/830/1382 1327/831/1374 1325/822/1372
f 1335/830/1382 1325/822/1372 1336/821/1383
f 1325/822/1372 1322/808/1369 1336/821/1383
f 1336/821/1383 1322/808/1369 1337/807/1384
f 1337/807/1384 1322/808/1369 1324/809/1371
f 1332/833/1379 1333/832/1380 1335/830/1382
f 1336/821/1383 1337/807/1384 1338/820/1385
f 1339/829/1386 1336/821/1383 1338/820/1385
f 1335/830/1382 1336/821/1383 1339/829/1386
f 1339/829/1386 1338/820/1385 1340/828/1387
f 1341/948/1388 1337/807/1384 1324/951/1371
f 1342/819/1389 1337/807/1384 1341/948/1388
f 1342/819/1389 1338/820/1385 1337/807/1384
f 1343/818/1390 1338/820/1385 1342/819/1389
f 1343/818/1390 1340/828/1387 1338/820/1385
f 1344/827/1391 1340/828/1387 1343/818/1390
f 1344/827/1391 1339/829/1386 1340/828/1387
f 1344/827/1391 1345/835/1392 1339/829/1386
f 1345/835/1392 1335/830/1382 1339/829/1386
f 1345/835/1392 1346/834/1393 1335/830/1382
f 1332/833/1379 1335/830/1382 1346/834/1393
f 1347/840/1394 1332/833/1379 1346/834/1393
f 1330/841/1377 1332/833/1379 1347/840/1394
f 1348/848/1395 1330/841/1377 1347/840/1394
f 1349/947/1396 1341/948/1388 1324/949/1371
f 1350/950/1397 1341/948/1388 1349/947/1396
f 1350/950/1397 1342/819/1389 1341/948/1388
f 1351/817/1398 1342/819/1389 1350/950/1397
f 1351/817/1398 1343/818/1390 1342/819/1389
f 1352/816/1399 1343/818/1390 1351/817/1398
f 1344/827/1391 1343/818/1390 1352/816/1399
f 1353/826/1400 1344/827/1391 1352/816/1399
f 1353/826/1400 1345/835/1392 1344/827/1391
f 1353/826/1400 1354/836/1401 1345/835/1392
f 1354/836/1401 1346/834/1393 1345/835/1392
f 1354/836/1401 1355/839/1402 1346/834/1393
f 1347/840/1394 1346/834/1393 1355/839/1402
f 1348/847/1395 1347/840/1394 1355/839/1402
f 1348/837/1395 1354/836/1401 1353/826/1400
f 1348/838/1395 1355/839/1402 1354/836/1401
f 1348/825/1395 1353/826/1400 1356/813/1403
f 1353/826/1400 1352/816/1399 1356/813/1403
f 1356/813/1403 1352/816/1399 1357/815/1404
f 1352/816/1399 1351/817/1398 1357/815/1404
f 1358/952/1405 1357/815/1404 1351/817/1398
f 1359/953/1406 1357/815/1404 1358/952/1405
f 1359/953/1406 1360/814/1407 1357/815/1404
f 1348/954/1395 1360/814/1407 1359/953/1406
f 1348/812/1395 1356/813/1403 1360/814/1407
f 1356/813/1403 1357/815/1404 1360/814/1407
f 1348/955/1395 1359/953/1406 1330/956/1377
f 1330/956/1377 1359/953/1406 1358/952/1405
f 1330/956/1377 1358/952/1405 1331/957/1378
f 1331/957/1378 1358/952/1405 1361/958/1408
f 1358/952/1405 1351/817/1398 1361/958/1408
f 1351/817/1398 1362/959/1409 1361/958/1408
f 1351/817/1398 1350/950/1397 1362/959/1409
f 1350/950/1397 1363/960/1410 1362/959/1409
f 1350/950/1397 1349/947/1396 1363/960/1410
f 1363/960/1410 1349/947/1396 1324/961/1371
f 1331/957/1378 1361/958/1408 1334/962/1381
f 1361/958/1408 1329/963/1376 1334/962/1381
f 1361/958/1408 1362/959/1409 1329/963/1376
f 1362/959/1409 1328/964/1375 1329/963/1376
f 1362/959/1409 1363/960/1410 1328/964/1375
f 1328/964/1375 1363/960/1410 1324/965/1371
f 1216/884/1411 1364/888/1412 1215/895/1413
f 1215/895/1413 1364/888/1412 1214/893/1414
f 1214/893/1414 1364/888/1412 1213/891/1415
f 1213/891/1415 1364/888/1412 1212/890/1416
f 1212/890/1416 1364/888/1412 1211/914/1417
f 1211/914/1417 1364/888/1412 1207/909/1418
f 1207/909/1418 1364/888/1412 1206/908/1419
f 1206/908/1419 1364/888/1412 1205/912/1420
f 1205/912/1420 1364/888/1412 1204/913/1421
f 1204/913/1421 1364/888/1412 1203/904/1422
f 1203/904/1422 1364/888/1412 1210/903/1423
f 1210/903/1423 1364/888/1412 1198/902/1424
f 1198/902/1424 1364/888/1412 1199/901/1425
f 1199/901/1425 1364/888/1412 1219/885/1426
f 1219/885/1426 1364/888/1412 1220/883/1427
f 1220/883/1427 1364/888/1412 1216/884/1411
f 1365/952/1428 645/817/676 1366/958/1429
f 1365/952/1428 643/815/674 645/817/676
f 1367/953/1430 643/815/674 1365/952/1428
f 1367/953/1430 642/814/673 643/815/674
f 640/954/671 642/814/673 1367/953/1430
f 640/955/671 1367/953/1430 665/956/696
f 665/956/696 1367/953/1430 1365/952/1428
f 665/956/696 1365/952/1428 666/957/697
f 1365/952/1428 667/962/698 666/957/697
f 1365/952/1428 1366/958/1429 667/962/698
f 1366/958/1429 668/963/699 667/962/698
f 1366/958/1429 1368/959/1431 668/963/699
f 645/817/676 1368/959/1431 1366/958/1429
f 645/817/676 1369/950/1432 1368/959/1431
f 645/817/676 647/819/678 1369/950/1432
f 1369/950/1432 647/819/678 1370/948/1433
f 647/819/678 636/807/667 1370/948/1433
f 1370/948/1433 636/807/667 638/951/669
f 1371/947/1434 1370/948/1433 638/949/669
f 1369/950/1432 1370/948/1433 1371/947/1434
f 1369/950/1432 1371/947/1434 1372/960/1435
f 1369/950/1432 1372/960/1435 1368/959/1431
f 1368/959/1431 1372/960/1435 669/964/700
f 1368/959/1431 669/964/700 668/963/699
f 1372/960/1435 1371/947/1434 638/961/669
f 669/964/700 1372/960/1435 638/965/669
f 1373/834/1436 1374/833/1437 1375/840/1438
f 1376/830/1439 1374/833/1437 1373/834/1436
f 1377/835/1440 1376/830/1439 1373/834/1436
f 1378/848/1441 1375/840/1438 1379/841/1442
f 1374/833/1437 1379/841/1442 1375/840/1438
f 1374/833/1437 1380/842/1443 1379/841/1442
f 1381/832/1444 1380/842/1443 1374/833/1437
f 1376/830/1439 1381/832/1444 1374/833/1437
f 1376/830/1439 1382/831/1445 1381/832/1444
f 1376/830/1439 1383/822/1446 1382/831/1445
f 1383/822/1446 1384/823/1447 1382/831/1445
f 1383/822/1446 1385/810/1448 1384/823/1447
f 1385/810/1448 1386/824/1449 1384/823/1447
f 1381/832/1444 1387/843/1450 1380/842/1443
f 1381/832/1444 1388/844/1451 1387/843/1450
f 1381/832/1444 1382/831/1445 1388/844/1451
f 1382/831/1445 1389/845/1452 1388/844/1451
f 1382/831/1445 1384/823/1447 1389/845/1452
f 1384/823/1447 1386/846/1449 1389/845/1452
f 1390/808/1453 1386/811/1449 1385/810/1448
f 1390/808/1453 1385/810/1448 1383/822/1446
f 1390/808/1453 1383/822/1446 1391/821/1454
f 1391/821/1454 1383/822/1446 1376/830/1439
f 1391/821/1454 1376/830/1439 1392/829/1455
f 1377/835/1440 1392/829/1455 1376/830/1439
f 1393/828/1456 1392/829/1455 1377/835/1440
f 1393/828/1456 1377/835/1440 1394/827/1457
f 1395/818/1458 1393/828/1456 1394/827/1457
f 1395/818/1458 1396/820/1459 1393/828/1456
f 1395/818/1458 1397/819/1460 1396/820/1459
f 1397/819/1460 1398/807/1461 1396/820/1459
f 1397/819/1460 1399/948/1462 1398/807/1461
f 1399/948/1462 1386/951/1449 1398/807/1461
f 1396/820/1459 1392/829/1455 1393/828/1456
f 1396/820/1459 1391/821/1454 1392/829/1455
f 1398/807/1461 1391/821/1454 1396/820/1459
f 1398/807/1461 1390/808/1453 1391/821/1454
f 1398/807/1461 1386/809/1449 1390/808/1453
f 1378/847/1441 1400/839/1463 1375/840/1438
f 1373/834/1436 1375/840/1438 1400/839/1463
f 1401/836/1464 1373/834/1436 1400/839/1463
f 1401/836/1464 1377/835/1440 1373/834/1436
f 1402/826/1465 1377/835/1440 1401/836/1464
f 1402/826/1465 1394/827/1457 1377/835/1440
f 1403/816/1466 1394/827/1457 1402/826/1465
f 1395/818/1458 1394/827/1457 1403/816/1466
f 1404/817/1467 1395/818/1458 1403/816/1466
f 1404/817/1467 1397/819/1460 1395/818/1458
f 1404/817/1467 1405/950/1468 1397/819/1460
f 1405/950/1468 1399/948/1462 1397/819/1460
f 1405/950/1468 1406/947/1469 1399/948/1462
f 1406/947/1469 1386/949/1449 1399/948/1462
f 1378/838/1441 1401/836/1464 1400/839/1463
f 1378/837/1441 1402/826/1465 1401/836/1464
f 1378/954/1441 1407/953/1470 1408/814/1471
f 1407/953/1470 1409/815/1472 1408/814/1471
f 1407/953/1470 1410/952/1473 1409/815/1472
f 1410/952/1473 1404/817/1467 1409/815/1472
f 1404/817/1467 1403/816/1466 1409/815/1472
f 1409/815/1472 1403/816/1466 1411/813/1474
f 1403/816/1466 1402/826/1465 1411/813/1474
f 1378/825/1441 1411/813/1474 1402/826/1465
f 1409/815/1472 1411/813/1474 1408/814/1471
f 1378/812/1441 1408/814/1471 1411/813/1474
f 1378/955/1441 1379/956/1442 1407/953/1470
f 1379/956/1442 1410/952/1473 1407/953/1470
f 1379/956/1442 1380/957/1443 1410/952/1473
f 1380/957/1443 1412/958/1475 1410/952/1473
f 1410/952/1473 1412/958/1475 1404/817/1467
f 1413/959/1476 1404/817/1467 1412/958/1475
f 1413/959/1476 1405/950/1468 1404/817/1467
f 1414/960/1477 1405/950/1468 1413/959/1476
f 1414/960/1477 1406/947/1469 1405/950/1468
f 1414/960/1477 1386/961/1449 1406/947/1469
f 1380/957/1443 1387/962/1450 1412/958/1475
f 1387/962/1450 1413/959/1476 1412/958/1475
f 1387/962/1450 1388/963/1451 1413/959/1476
f 1389/964/1452 1413/959/1476 1388/963/1451
f 1389/964/1452 1414/960/1477 1413/959/1476
f 1389/964/1452 1386/965/1449 1414/960/1477
f 1415/837/1478 1416/826/1479 1417/836/1480
f 1416/826/1479 1418/835/1481 1417/836/1480
f 1417/836/1480 1418/835/1481 1419/834/1482
f 1417/836/1480 1419/834/1482 1420/839/1483
f 1415/838/1478 1417/836/1480 1420/839/1483
f 1415/825/1478 1421/813/1484 1416/826/1479
f 1418/835/1481 1422/830/1485 1419/834/1482
f 1418/835/1481 1423/829/1486 1422/830/1485
f 1424/827/1487 1423/829/1486 1418/835/1481
f 1416/826/1479 1424/827/1487 1418/835/1481
f 1425/816/1488 1424/827/1487 1416/826/1479
f 1425/816/1488 1416/826/1479 1421/813/1484
f 1426/815/1489 1425/816/1488 1421/813/1484
f 1426/815/1489 1421/813/1484 1427/814/1490
f 1428/953/1491 1426/815/1489 1427/814/1490
f 1415/954/1478 1428/953/1491 1427/814/1490
f 1415/812/1478 1427/814/1490 1421/813/1484
f 1429/810/1492 1430/824/1493 1431/823/1494
f 1432/822/1495 1429/810/1492 1431/823/1494
f 1432/822/1495 1431/823/1494 1433/831/1496
f 1422/830/1485 1432/822/1495 1433/831/1496
f 1434/821/1497 1432/822/1495 1422/830/1485
f 1434/821/1497 1422/830/1485 1423/829/1486
f 1435/828/1498 1434/821/1497 1423/829/1486
f 1424/827/1487 1435/828/1498 1423/829/1486
f 1436/818/1499 1435/828/1498 1424/827/1487
f 1436/818/1499 1424/827/1487 1425/816/1488
f 1437/817/1500 1436/818/1499 1425/816/1488
f 1437/817/1500 1425/816/1488 1426/815/1489
f 1438/952/1501 1437/817/1500 1426/815/1489
f 1428/953/1491 1438/952/1501 1426/815/1489
f 1439/956/1502 1438/952/1501 1428/953/1491
f 1415/955/1478 1439/956/1502 1428/953/1491
f 1436/818/1499 1440/820/1503 1435/828/1498
f 1435/828/1498 1440/820/1503 1434/821/1497
f 1441/964/1504 1430/965/1493 1442/960/1505
f 1441/964/1504 1442/960/1505 1443/959/1506
f 1442/960/1505 1444/950/1507 1443/959/1506
f 1443/959/1506 1444/950/1507 1437/817/1500
f 1437/817/1500 1444/950/1507 1445/819/1508
f 1437/817/1500 1445/819/1508 1436/818/1499
f 1436/818/1499 1445/819/1508 1440/820/1503
f 1445/819/1508 1446/807/1509 1440/820/1503
f 1446/807/1509 1434/821/1497 1440/820/1503
f 1446/807/1509 1447/808/1510 1434/821/1497
f 1447/808/1510 1432/822/1495 1434/821/1497
f 1447/808/1510 1429/810/1492 1432/822/1495
f 1447/808/1510 1430/811/1493 1429/810/1492
f 1446/807/1509 1430/809/1493 1447/808/1510
f 1441/964/1504 1443/959/1506 1448/963/1511
f 1448/963/1511 1443/959/1506 1449/958/1512
f 1443/959/1506 1437/817/1500 1449/958/1512
f 1438/952/1501 1449/958/1512 1437/817/1500
f 1450/962/1513 1449/958/1512 1438/952/1501
f 1450/962/1513 1438/952/1501 1451/957/1514
f 1439/956/1502 1451/957/1514 1438/952/1501
f 1448/963/1511 1449/958/1512 1450/962/1513
f 1444/950/1507 1452/948/1515 1445/819/1508
f 1445/819/1508 1452/948/1515 1446/807/1509
f 1452/948/1515 1430/951/1493 1446/807/1509
f 1442/960/1505 1430/961/1493 1453/947/1516
f 1442/960/1505 1453/947/1516 1444/950/1507
f 1444/950/1507 1453/947/1516 1452/948/1515
f 1453/947/1516 1430/949/1493 1452/948/1515
f 1289/916/1517 1454/925/1518 1290/917/1519
f 1290/917/1519 1454/925/1518 1300/927/1520
f 1300/927/1520 1454/925/1518 1309/935/1521
f 1309/935/1521 1454/925/1518 1310/936/1522
f 1310/936/1522 1454/925/1518 1311/937/1523
f 1311/937/1523 1454/925/1518 1312/938/1524
f 1312/938/1524 1454/925/1518 1313/939/1525
f 1313/939/1525 1454/925/1518 1314/940/1526
f 1314/940/1526 1454/925/1518 1319/945/1527
f 1319/945/1527 1454/925/1518 1320/946/1528
f 1320/946/1528 1454/925/1518 1317/943/1529
f 1317/943/1529 1454/925/1518 1318/944/1530
f 1318/944/1530 1454/925/1518 1295/922/1531
f 1295/922/1531 1454/925/1518 1293/920/1532
f 1293/920/1532 1454/925/1518 1291/918/1533
f 1291/918/1533 1454/925/1518 1289/916/1517
f 1455/972/1534 1456/985/1535 1457/984/1536
f 1455/972/1534 1458/973/1537 1456/985/1535
f 1455/972/1534 1459/969/1538 1458/973/1537
f 1455/972/1534 1460/966/1539 1459/969/1538
f 1461/998/1540 1462/1000/1541 1463/999/1542
f 1461/998/1540 1463/999/1542 1464/997/1543
f 1465/996/1544 1464/997/1543 1463/999/1542
f 1465/996/1544 1466/986/1545 1464/997/1543
f 1456/985/1535 1466/986/1545 1465/996/1544
f 1456/985/1535 1458/973/1537 1466/986/1545
f 1458/973/1537 1467/974/1546 1466/986/1545
f 1458/973/1537 1459/969/1538 1467/974/1546
f 1468/968/1547 1467/974/1546 1459/969/1538
f 1460/966/1539 1468/968/1547 1459/969/1538
f 1460/966/1539 1469/967/1548 1468/968/1547
f 1470/970/1549 1469/967/1548 1460/966/1539
f 1470/970/1549 1460/966/1539 1455/972/1534
f 1470/970/1549 1455/972/1534 1471/983/1550
f 1471/983/1550 1455/972/1534 1457/984/1536
f 1471/983/1550 1457/984/1536 1472/994/1551
f 1466/986/1545 1467/974/1546 1473/987/1552
f 1466/986/1545 1473/987/1552 1464/997/1543
f 1474/989/1553 1464/997/1543 1473/987/1552
f 1474/989/1553 1461/998/1540 1464/997/1543
f 1468/968/1547 1475/975/1554 1467/974/1546
f 1475/975/1554 1473/987/1552 1467/974/1546
f 1475/975/1554 1476/977/1555 1473/987/1552
f 1474/989/1553 1473/987/1552 1476/977/1555
f 1474/989/1553 1476/977/1555 1477/990/1556
f 1478/993/1557 1472/994/1551 1479/995/1558
f 1478/993/1557 1471/983/1550 1472/994/1551
f 1480/982/1559 1471/983/1550 1478/993/1557
f 1480/982/1559 1470/970/1549 1471/983/1550
f 1481/971/1560 1470/970/1549 1480/982/1559
f 1470/970/1549 1481/971/1560 1469/967/1548
f 1472/980/1551 1469/967/1548 1481/971/1560
f 1472/980/1551 1457/979/1536 1469/967/1548
f 1457/979/1536 1468/968/1547 1469/967/1548
f 1457/979/1536 1456/978/1535 1468/968/1547
f 1456/978/1535 1475/975/1554 1468/968/1547
f 1456/978/1535 1465/976/1544 1475/975/1554
f 1465/976/1544 1476/977/1555 1475/975/1554
f 1465/976/1544 1463/988/1542 1476/977/1555
f 1477/990/1556 1476/977/1555 1463/988/1542
f 1477/990/1556 1463/988/1542 1462/991/1541
f 1481/971/1560 1480/982/1559 1482/981/1561
f 1482/981/1561 1472/980/1551 1481/971/1560
f 1482/981/1561 1479/992/1558 1472/980/1551
f 1483/1271/1562 1484/1255/1563 1485/1272/1564
f 1486/1273/1565 1484/1255/1563 1487/1274/1566
f 1487/1274/1566 1484/1255/1563 1488/1275/1567
f 1488/1275/1567 1484/1255/1563 1489/1276/1568
f 1489/1276/1568 1484/1255/1563 1490/1277/1569
f 1490/1277/1569 1484/1255/1563 1491/1278/1570
f 1492/1279/1571 1484/1255/1563 1486/1273/1565
f 1486/1273/1565 1273/1256/1572 1492/1279/1571
f 1486/1273/1565 1271/1254/1573 1273/1256/1572
f 1287/1270/1574 1271/1254/1573 1486/1273/1565
f 1287/1270/1574 1486/1273/1565 1487/1274/1566
f 1286/1269/1575 1287/1270/1574 1487/1274/1566
f 1286/1269/1575 1487/1274/1566 1488/1275/1567
f 1285/1268/1576 1286/1269/1575 1488/1275/1567
f 1285/1268/1576 1488/1275/1567 1489/1276/1568
f 1284/1267/1577 1285/1268/1576 1489/1276/1568
f 1284/1267/1577 1489/1276/1568 1490/1277/1569
f 1283/1266/1578 1284/1267/1577 1490/1277/1569
f 1283/1266/1578 1490/1277/1569 1491/1278/1570
f 1493/1280/1579 1283/1266/1578 1491/1278/1570
f 1491/1278/1570 1484/1255/1563 1493/1280/1579
f 1493/1280/1579 1484/1255/1563 1494/1281/1580
f 1494/1281/1580 1484/1255/1563 1483/1271/1562
f 1280/1263/1581 1494/1281/1580 1483/1271/1562
f 1493/1280/1579 1282/1265/1582 1283/1266/1578
f 1494/1281/1580 1282/1265/1582 1493/1280/1579
f 1494/1281/1580 1281/1264/1583 1282/1265/1582
f 1280/1263/1581 1281/1264/1583 1494/1281/1580
f 1279/1262/1584 1280/1263/1581 1483/1271/1562
f 1279/1262/1584 1483/1271/1562 1485/1272/1564
f 1495/1282/1585 1279/1262/1584 1485/1272/1564
f 1485/1272/1564 1484/1255/1563 1495/1282/1585
f 1495/1282/1585 1484/1255/1563 1496/1283/1586
f 1496/1283/1586 1484/1255/1563 1497/1284/1587
f 1497/1284/1587 1277/1260/1588 1496/1283/1586
f 1497/1284/1587 1276/1259/1589 1277/1260/1588
f 1498/1285/1590 1276/1259/1589 1497/1284/1587
f 1498/1285/1590 1275/1258/1591 1276/1259/1589
f 1499/1286/1592 1275/1258/1591 1498/1285/1590
f 1499/1286/1592 1274/1257/1593 1275/1258/1591
f 1273/1256/1572 1274/1257/1593 1499/1286/1592
f 1273/1256/1572 1499/1286/1592 1492/1279/1571
f 1499/1286/1592 1484/1255/1563 1492/1279/1571
f 1498/1285/1590 1484/1255/1563 1499/1286/1592
f 1497/1284/1587 1484/1255/1563 1498/1285/1590
f 1495/1282/1585 1278/1261/1594 1279/1262/1584
f 1496/1283/1586 1278/1261/1594 1495/1282/1585
f 1496/1283/1586 1277/1260/1588 1278/1261/1594
f 1500/1019/1595 1501/1006/1596 1502/1005/1597
f 1500/1019/1595 1503/1018/1598 1501/1006/1596
f 1500/1019/1595 1504/1026/1599 1503/1018/1598
f 1505/1027/1600 1504/1026/1599 1500/1019/1595
f 1505/1027/1600 1500/1019/1595 1506/1020/1601
f 1506/1020/1601 1500/1019/1595 1507/1007/1602
f 1506/1020/1601 1507/1007/1602 1508/1021/1603
f 1500/1019/1595 1502/1005/1597 1507/1007/1602
f 1509/1029/1604 1508/1021/1603 1510/1030/1605
f 1509/1029/1604 1506/1020/1601 1508/1021/1603
f 1506/1020/1601 1509/1029/1604 1511/1028/1606
f 1506/1020/1601 1511/1028/1606 1505/1027/1600
f 1511/1028/1606 1512/1034/1607 1505/1027/1600
f 1505/1027/1600 1512/1034/1607 1513/1033/1608
f 1505/1027/1600 1513/1033/1608 1504/1026/1599
f 1504/1026/1599 1513/1033/1608 1514/1025/1609
f 1504/1026/1599 1514/1025/1609 1503/1018/1598
f 1514/1025/1609 1515/1017/1610 1503/1018/1598
f 1501/1006/1596 1503/1018/1598 1515/1017/1610
f 1501/1006/1596 1515/1017/1610 1516/1001/1611
f 1502/1005/1597 1501/1006/1596 1516/1001/1611
f 1502/1005/1597 1516/1001/1611 1517/1004/1612
f 1516/1001/1611 1518/1003/1613 1517/1004/1612
f 1511/1028/1606 1519/1035/1614 1512/1034/1607
f 1514/1025/1609 1520/1024/1615 1515/1017/1610
f 1520/1024/1615 1521/1016/1616 1515/1017/1610
f 1516/1001/1611 1515/1017/1610 1521/1016/1616
f 1516/1001/1611 1521/1016/1616 1522/1002/1617
f 1516/1001/1611 1522/1002/1617 1518/1003/1613
f 1518/1003/1613 1522/1002/1617 1523/1014/1618
f 1518/1003/1613 1523/1014/1618 1524/1013/1619
f 1518/1003/1613 1524/1013/1619 1525/1012/1620
f 1518/1003/1613 1525/1012/1620 1526/1011/1621
f 1517/1004/1612 1518/1003/1613 1526/1011/1621
f 1517/1004/1612 1526/1011/1621 1520/1010/1615
f 1502/1005/1597 1517/1004/1612 1520/1010/1615
f 1502/1005/1597 1520/1010/1615 1514/1008/1609
f 1507/1007/1602 1502/1005/1597 1514/1008/1609
f 1507/1007/1602 1514/1008/1609 1513/1009/1608
f 1508/1021/1603 1507/1007/1602 1513/1009/1608
f 1508/1021/1603 1513/1009/1608 1512/1032/1607
f 1508/1021/1603 1512/1032/1607 1519/1031/1614
f 1508/1021/1603 1519/1031/1614 1510/1030/1605
f 1522/1002/1617 1527/1015/1622 1523/1014/1618
f 1522/1002/1617 1521/1016/1616 1527/1015/1622
f 1527/1015/1622 1521/1016/1616 1526/1022/1621
f 1520/1024/1615 1526/1022/1621 1521/1016/1616
f 1527/1015/1622 1526/1022/1621 1525/1023/1620
f 1528/837/1623 1529/826/1624 1530/836/1625
f 1528/838/1623 1530/836/1625 1531/839/1626
f 1528/847/1623 1531/839/1626 1532/840/1627
f 1533/834/1628 1532/840/1627 1531/839/1626
f 1530/836/1625 1533/834/1628 1531/839/1626
f 1530/836/1625 1534/835/1629 1533/834/1628
f 1529/826/1624 1534/835/1629 1530/836/1625
f 1529/826/1624 1535/827/1630 1534/835/1629
f 1536/816/1631 1535/827/1630 1529/826/1624
f 1537/818/1632 1535/827/1630 1536/816/1631
f 1538/817/1633 1537/818/1632 1536/816/1631
f 1538/817/1633 1539/819/1634 1537/818/1632
f 1538/817/1633 1540/950/1635 1539/819/1634
f 1540/950/1635 1541/948/1636 1539/819/1634
f 1540/950/1635 1542/947/1637 1541/948/1636
f 1542/947/1637 1543/949/1638 1541/948/1636
f 1539/819/1634 1544/828/1639 1537/818/1632
f 1537/818/1632 1544/828/1639 1535/827/1630
f 1544/828/1639 1534/835/1629 1535/827/1630
f 1528/848/1623 1532/840/1627 1545/841/1640
f 1546/833/1641 1545/841/1640 1532/840/1627
f 1533/834/1628 1546/833/1641 1532/840/1627
f 1547/830/1642 1546/833/1641 1533/834/1628
f 1534/835/1629 1547/830/1642 1533/834/1628
f 1534/835/1629 1548/829/1643 1547/830/1642
f 1544/828/1639 1548/829/1643 1534/835/1629
f 1549/820/1644 1548/829/1643 1544/828/1639
f 1539/819/1634 1549/820/1644 1544/828/1639
f 1539/819/1634 1550/807/1645 1549/820/1644
f 1539/819/1634 1541/948/1636 1550/807/1645
f 1541/948/1636 1543/951/1638 1550/807/1645
f 1550/807/1645 1551/821/1646 1549/820/1644
f 1549/820/1644 1551/821/1646 1548/829/1643
f 1551/821/1646 1547/830/1642 1548/829/1643
f 1547/830/1642 1552/832/1647 1546/833/1641
f 1546/833/1641 1553/842/1648 1545/841/1640
f 1546/833/1641 1554/843/1649 1553/842/1648
f 1546/833/1641 1552/832/1647 1554/843/1649
f 1552/832/1647 1555/844/1650 1554/843/1649
f 1552/832/1647 1556/831/1651 1555/844/1650
f 1547/830/1642 1556/831/1651 1552/832/1647
f 1547/830/1642 1557/822/1652 1556/831/1651
f 1551/821/1646 1557/822/1652 1547/830/1642
f 1558/808/1653 1557/822/1652 1551/821/1646
f 1550/807/1645 1558/808/1653 1551/821/1646
f 1550/807/1645 1543/809/1638 1558/808/1653
f 1556/831/1651 1559/845/1654 1555/844/1650
f 1556/831/1651 1560/823/1655 1559/845/1654
f 1557/822/1652 1560/823/1655 1556/831/1651
f 1557/822/1652 1561/810/1656 1560/823/1655
f 1558/808/1653 1561/810/1656 1557/822/1652
f 1558/808/1653 1543/811/1638 1561/810/1656
f 1561/810/1656 1543/824/1638 1560/823/1655
f 1560/823/1655 1543/846/1638 1559/845/1654
f 1562/1036/1657 1563/1058/1658 1564/1038/1659
f 1562/1036/1657 1565/1040/1660 1563/1058/1658
f 1566/1047/1661 1562/1036/1657 1564/1038/1659
f 1566/1047/1661 1564/1038/1659 1567/1053/1662
f 1566/1047/1661 1567/1053/1662 1568/1049/1663
f 1569/1054/1664 1568/1049/1663 1567/1053/1662
f 1569/1054/1664 1567/1053/1662 1570/1055/1665
f 1571/1056/1666 1570/1055/1665 1567/1053/1662
f 1571/1056/1666 1567/1053/1662 1564/1038/1659
f 1572/1063/1667 1571/1056/1666 1564/1038/1659
f 1572/1063/1667 1564/1038/1659 1563/1058/1658
f 1572/1063/1667 1563/1058/1658 1568/1064/1663
f 1573/1059/1668 1568/1064/1663 1563/1058/1658
f 1573/1059/1668 1563/1058/1658 1565/1040/1660
f 1574/1060/1669 1573/1059/1668 1565/1040/1660
f 1574/1060/1669 1565/1040/1660 1575/1041/1670
f 1576/1061/1671 1574/1060/1669 1575/1041/1670
f 1577/1042/1672 1576/1061/1671 1575/1041/1670
f 1578/1069/1673 1576/1061/1671 1577/1042/1672
f 1578/1069/1673 1577/1042/1672 1579/1050/1674
f 1572/1063/1667 1568/1064/1663 1569/1065/1664
f 1577/1042/1672 1575/1041/1670 1580/1045/1675
f 1580/1045/1675 1575/1041/1670 1565/1040/1660
f 1580/1045/1675 1565/1040/1660 1562/1036/1657
f 1581/1046/1676 1580/1045/1675 1562/1036/1657
f 1581/1046/1676 1562/1036/1657 1566/1047/1661
f 1581/1046/1676 1566/1047/1661 1573/1048/1668
f 1566/1047/1661 1568/1049/1663 1573/1048/1668
f 1577/1042/1672 1580/1045/1675 1581/1046/1676
f 1577/1042/1672 1581/1046/1676 1579/1050/1674
f 1579/1050/1674 1581/1046/1676 1574/1051/1669
f 1581/1046/1676 1573/1048/1668 1574/1051/1669
f 1579/1050/1674 1574/1051/1669 1582/1052/1677
f 1576/1061/1671 1582/1066/1677 1574/1060/1669
f 1583/1067/1678 1582/1066/1677 1576/1061/1671
f 1578/1069/1673 1583/1067/1678 1576/1061/1671
f 1583/1067/1678 1578/1069/1673 1584/1070/1679
f 1584/1070/1679 1578/1069/1673 1585/1071/1680
f 1584/1070/1679 1585/1071/1680 1586/1072/1681
f 1578/1069/1673 1579/1050/1674 1585/1071/1680
f 1585/1071/1680 1579/1050/1674 1582/1052/1677
f 1585/1071/1680 1582/1052/1677 1587/1073/1682
f 1587/1073/1682 1586/1072/1681 1585/1071/1680
f 1587/1073/1682 1588/1074/1683 1586/1072/1681
f 1583/1067/1678 1587/1075/1682 1582/1066/1677
f 1589/1076/1684 1587/1075/1682 1583/1067/1678
f 1583/1067/1678 1584/1070/1679 1589/1076/1684
f 1589/1076/1684 1588/1077/1683 1587/1075/1682
f 1590/1189/1685 1591/1199/1686 1592/1198/1687
f 1590/1189/1685 1593/1179/1688 1591/1199/1686
f 1594/1200/1689 1591/1199/1686 1593/1179/1688
f 1594/1200/1689 1593/1179/1688 1595/1177/1690
f 1596/1181/1691 1593/1179/1688 1590/1189/1685
f 1594/1200/1689 1595/1177/1690 1597/1175/1692
f 1595/1177/1690 1598/1176/1693 1597/1175/1692
f 1595/1177/1690 1599/1178/1694 1598/1176/1693
f 1593/1179/1688 1599/1178/1694 1595/1177/1690
f 1593/1179/1688 1600/1180/1695 1599/1178/1694
f 1596/1181/1691 1600/1180/1695 1593/1179/1688
f 1601/1182/1696 1600/1180/1695 1596/1181/1691
f 1599/1178/1694 1602/1188/1697 1598/1176/1693
f 1599/1178/1694 1603/1187/1698 1602/1188/1697
f 1600/1180/1695 1603/1187/1698 1599/1178/1694
f 1600/1180/1695 1604/1183/1699 1603/1187/1698
f 1601/1182/1696 1604/1183/1699 1600/1180/1695
f 1605/1184/1700 1604/1183/1699 1601/1182/1696
f 1605/1184/1700 1606/1185/1701 1604/1183/1699
f 1607/1186/1702 1604/1183/1699 1606/1185/1701
f 1607/1186/1702 1603/1187/1698 1604/1183/1699
f 1608/1190/1703 1603/1187/1698 1607/1186/1702
f 1608/1190/1703 1602/1188/1697 1603/1187/1698
f 1601/1191/1696 1602/1188/1697 1608/1190/1703
f 1596/1192/1691 1602/1188/1697 1601/1191/1696
f 1596/1192/1691 1598/1176/1693 1602/1188/1697
f 1590/1174/1685 1598/1176/1693 1596/1192/1691
f 1590/1174/1685 1597/1175/1692 1598/1176/1693
f 1609/1173/1704 1597/1175/1692 1590/1174/1685
f 1594/1200/1689 1597/1175/1692 1609/1173/1704
f 1610/1201/1705 1594/1200/1689 1609/1173/1704
f 1610/1201/1705 1591/1199/1686 1594/1200/1689
f 1601/1191/1696 1608/1190/1703 1605/1193/1700
f 1609/1173/1704 1590/1174/1685 1592/1172/1687
f 1611/1170/1706 1609/1173/1704 1592/1172/1687
f 1610/1201/1705 1609/1173/1704 1611/1170/1706
f 1611/1170/1706 1612/1171/1707 1610/1201/1705
f 1611/1170/1706 1613/1167/1708 1612/1171/1707
f 1613/1167/1708 1611/1170/1706 1614/1168/1709
f 1613/1167/1708 1614/1168/1709 1615/1169/1710
f 1611/1170/1706 1592/1172/1687 1614/1168/1709
f 1612/1171/1707 1616/1197/1711 1610/1201/1705
f 1612/1171/1707 1617/1195/1712 1616/1197/1711
f 1610/1201/1705 1616/1197/1711 1591/1199/1686
f 1592/1198/1687 1591/1199/1686 1616/1197/1711
f 1592/1198/1687 1616/1197/1711 1614/1194/1709
f 1614/1194/1709 1616/1197/1711 1617/1195/1712
f 1614/1194/1709 1617/1195/1712 1615/1196/1710
f 1618/815/1713 1619/813/1714 1620/814/1715
f 1528/812/1623 1620/814/1715 1619/813/1714
f 1528/954/1623 1621/953/1716 1620/814/1715
f 1621/953/1716 1618/815/1713 1620/814/1715
f 1621/953/1716 1622/952/1717 1618/815/1713
f 1622/952/1717 1538/817/1633 1618/815/1713
f 1538/817/1633 1536/816/1631 1618/815/1713
f 1618/815/1713 1536/816/1631 1619/813/1714
f 1536/816/1631 1529/826/1624 1619/813/1714
f 1528/825/1623 1619/813/1714 1529/826/1624
f 1528/955/1623 1545/956/1640 1621/953/1716
f 1545/956/1640 1622/952/1717 1621/953/1716
f 1545/956/1640 1553/957/1648 1622/952/1717
f 1553/957/1648 1623/958/1718 1622/952/1717
f 1622/952/1717 1623/958/1718 1538/817/1633
f 1624/959/1719 1538/817/1633 1623/958/1718
f 1624/959/1719 1540/950/1635 1538/817/1633
f 1625/960/1720 1540/950/1635 1624/959/1719
f 1625/960/1720 1542/947/1637 1540/950/1635
f 1625/960/1720 1543/961/1638 1542/947/1637
f 1553/957/1648 1554/962/1649 1623/958/1718
f 1554/962/1649 1624/959/1719 1623/958/1718
f 1554/962/1649 1555/963/1650 1624/959/1719
f 1559/964/1654 1624/959/1719 1555/963/1650
f 1559/964/1654 1625/960/1720 1624/959/1719
f 1559/964/1654 1543/965/1638 1625/960/1720
f 1626/1091/1721 1627/1097/1722 1628/1096/1723
f 1629/1100/1724 1628/1096/1723 1627/1097/1722
f 1629/1099/1724 1627/1097/1722 1630/1098/1725
f 1631/1090/1726 1630/1098/1725 1627/1097/1722
f 1626/1091/1721 1631/1090/1726 1627/1097/1722
f 1632/1078/1727 1631/1090/1726 1626/1091/1721
f 1633/1119/1728 1632/1078/1727 1626/1091/1721
f 1633/1119/1728 1634/1081/1729 1632/1078/1727
f 1633/1119/1728 1635/1120/1730 1634/1081/1729
f 1636/1121/1731 1634/1081/1729 1635/1120/1730
f 1636/1121/1731 1637/1083/1732 1634/1081/1729
f 1636/1121/1731 1638/1122/1733 1637/1083/1732
f 1637/1083/1732 1638/1084/1733 1639/1082/1734
f 1634/1081/1729 1637/1083/1732 1639/1082/1734
f 1634/1081/1729 1639/1082/1734 1640/1079/1735
f 1632/1078/1727 1634/1081/1729 1640/1079/1735
f 1632/1078/1727 1640/1079/1735 1641/1080/1736
f 1632/1078/1727 1641/1080/1736 1631/1090/1726
f 1641/1080/1736 1642/1089/1737 1631/1090/1726
f 1631/1090/1726 1642/1089/1737 1630/1098/1725
f 1639/1082/1734 1638/1085/1733 1643/1086/1738
f 1639/1082/1734 1643/1086/1738 1644/1087/1739
f 1639/1082/1734 1644/1087/1739 1640/1079/1735
f 1644/1087/1739 1641/1080/1736 1640/1079/1735
f 1644/1087/1739 1645/1088/1740 1641/1080/1736
f 1641/1080/1736 1645/1088/1740 1642/1089/1737
f 1646/1125/1741 1638/1126/1733 1636/1121/1731
f 1636/1121/1731 1647/1123/1742 1646/1125/1741
f 1636/1121/1731 1635/1120/1730 1647/1123/1742
f 1648/1118/1743 1647/1123/1742 1635/1120/1730
f 1648/1118/1743 1635/1120/1730 1633/1119/1728
f 1648/1118/1743 1633/1119/1728 1649/1092/1744
f 1633/1119/1728 1626/1091/1721 1649/1092/1744
f 1650/1093/1745 1649/1092/1744 1626/1091/1721
f 1650/1093/1745 1626/1091/1721 1628/1096/1723
f 1629/1095/1724 1650/1093/1745 1628/1096/1723
f 1629/1106/1724 1651/1105/1746 1652/1103/1747
f 1651/1105/1746 1653/1104/1748 1652/1103/1747
f 1652/1103/1747 1653/1104/1748 1654/1094/1749
f 1648/1118/1743 1654/1094/1749 1653/1104/1748
f 1648/1118/1743 1649/1092/1744 1654/1094/1749
f 1654/1094/1749 1649/1092/1744 1650/1093/1745
f 1654/1094/1749 1650/1093/1745 1655/1102/1750
f 1629/1101/1724 1655/1102/1750 1650/1093/1745
f 1652/1103/1747 1654/1094/1749 1655/1102/1750
f 1629/1107/1724 1652/1103/1747 1655/1102/1750
f 1656/1115/1751 1657/1116/1752 1651/1105/1746
f 1651/1105/1746 1657/1116/1752 1653/1104/1748
f 1657/1116/1752 1658/1117/1753 1653/1104/1748
f 1648/1118/1743 1653/1104/1748 1658/1117/1753
f 1659/1124/1754 1648/1118/1743 1658/1117/1753
f 1659/1124/1754 1647/1123/1742 1648/1118/1743
f 1660/1127/1755 1647/1123/1742 1659/1124/1754
f 1660/1127/1755 1646/1125/1741 1647/1123/1742
f 1660/1127/1755 1638/1138/1733 1646/1125/1741
f 1661/1140/1756 1638/1141/1733 1660/1127/1755
f 1661/1140/1756 1660/1127/1755 1659/1124/1754
f 1661/1140/1756 1659/1124/1754 1662/1128/1757
f 1662/1128/1757 1659/1124/1754 1658/1117/1753
f 1662/1128/1757 1658/1117/1753 1663/1129/1758
f 1657/1116/1752 1663/1129/1758 1658/1117/1753
f 1664/1130/1759 1663/1129/1758 1657/1116/1752
f 1664/1130/1759 1657/1116/1752 1656/1115/1751
f 1665/1131/1760 1664/1130/1759 1656/1115/1751
f 1665/1131/1760 1656/1115/1751 1666/1114/1761
f 1667/1132/1762 1665/1131/1760 1666/1114/1761
f 1666/1114/1761 1668/1113/1763 1667/1132/1762
f 1669/1133/1764 1667/1132/1762 1668/1113/1763
f 1669/1133/1764 1668/1113/1763 1670/1134/1765
f 1671/1135/1766 1669/1133/1764 1670/1134/1765
f 1629/1136/1724 1671/1135/1766 1670/1134/1765
f 1629/1137/1724 1670/1134/1765 1668/1113/1763
f 1672/1139/1767 1661/1140/1756 1662/1128/1757
f 1672/1139/1767 1673/1156/1768 1661/1140/1756
f 1673/1156/1768 1638/1157/1733 1661/1140/1756
f 1662/1128/1757 1663/1129/1758 1664/1130/1759
f 1662/1128/1757 1664/1130/1759 1672/1139/1767
f 1665/1131/1760 1672/1139/1767 1664/1130/1759
f 1665/1131/1760 1674/1155/1769 1672/1139/1767
f 1674/1155/1769 1673/1156/1768 1672/1139/1767
f 1674/1155/1769 1675/1158/1770 1673/1156/1768
f 1675/1158/1770 1638/1159/1733 1673/1156/1768
f 1629/1145/1724 1630/1144/1725 1671/1135/1766
f 1642/1143/1737 1671/1135/1766 1630/1144/1725
f 1642/1143/1737 1676/1142/1771 1671/1135/1766
f 1671/1135/1766 1676/1142/1771 1669/1133/1764
f 1677/1153/1772 1669/1133/1764 1676/1142/1771
f 1677/1153/1772 1667/1132/1762 1669/1133/1764
f 1677/1153/1772 1678/1154/1773 1667/1132/1762
f 1667/1132/1762 1678/1154/1773 1665/1131/1760
f 1679/1161/1774 1665/1131/1760 1678/1154/1773
f 1679/1161/1774 1674/1155/1769 1665/1131/1760
f 1680/1162/1775 1674/1155/1769 1679/1161/1774
f 1680/1162/1775 1675/1158/1770 1674/1155/1769
f 1680/1162/1775 1638/1163/1733 1675/1158/1770
f 1677/1153/1772 1679/1161/1774 1678/1154/1773
f 1644/1150/1739 1681/1148/1776 1682/1149/1777
f 1644/1150/1739 1682/1149/1777 1683/1151/1778
f 1644/1150/1739 1683/1151/1778 1645/1152/1740
f 1642/1143/1737 1645/1152/1740 1683/1151/1778
f 1642/1143/1737 1683/1151/1778 1676/1142/1771
f 1677/1153/1772 1676/1142/1771 1683/1151/1778
f 1683/1151/1778 1684/1160/1779 1677/1153/1772
f 1677/1153/1772 1684/1160/1779 1679/1161/1774
f 1680/1162/1775 1679/1161/1774 1684/1160/1779
f 1680/1162/1775 1684/1160/1779 1685/1164/1780
f 1685/1164/1780 1638/1165/1733 1680/1162/1775
f 1683/1151/1778 1682/1149/1777 1684/1160/1779
f 1681/1148/1776 1684/1160/1779 1682/1149/1777
f 1681/1148/1776 1685/1164/1780 1684/1160/1779
f 1681/1148/1776 1638/1166/1733 1685/1164/1780
f 1644/1150/1739 1643/1146/1738 1681/1148/1776
f 1643/1146/1738 1638/1147/1733 1681/1148/1776
f 1686/1212/1781 1687/1213/1782 1688/1205/1783
f 1686/1212/1781 1688/1205/1783 1689/1211/1784
f 1690/1222/1785 1686/1212/1781 1689/1211/1784
f 1690/1222/1785 1689/1211/1784 1691/1221/1786
f 1692/1230/1787 1690/1222/1785 1691/1221/1786
f 1692/1230/1787 1691/1221/1786 1693/1220/1788
f 1691/1221/1786 1694/1209/1789 1693/1220/1788
f 1691/1221/1786 1689/1211/1784 1694/1209/1789
f 1689/1211/1784 1695/1207/1790 1694/1209/1789
f 1689/1211/1784 1688/1205/1783 1695/1207/1790
f 1692/1230/1787 1696/1231/1791 1690/1222/1785
f 1697/1234/1792 1698/1235/1793 1699/1236/1794
f 1697/1234/1792 1700/1233/1795 1698/1235/1793
f 1700/1233/1795 1697/1234/1792 1701/1232/1796
f 1700/1233/1795 1701/1232/1796 1696/1231/1791
f 1696/1231/1791 1701/1232/1796 1702/1228/1797
f 1696/1231/1791 1702/1228/1797 1690/1222/1785
f 1690/1222/1785 1702/1228/1797 1703/1223/1798
f 1690/1222/1785 1703/1223/1798 1686/1212/1781
f 1686/1212/1781 1703/1223/1798 1704/1224/1799
f 1686/1212/1781 1704/1224/1799 1687/1213/1782
f 1705/1225/1800 1687/1213/1782 1704/1224/1799
f 1705/1225/1800 1706/1226/1801 1687/1213/1782
f 1707/1206/1802 1687/1213/1782 1706/1226/1801
f 1707/1206/1802 1688/1205/1783 1687/1213/1782
f 1708/1203/1803 1688/1205/1783 1707/1206/1802
f 1708/1203/1803 1695/1207/1790 1688/1205/1783
f 1704/1202/1799 1695/1207/1790 1708/1203/1803
f 1703/1208/1798 1695/1207/1790 1704/1202/1799
f 1704/1202/1799 1708/1203/1803 1705/1204/1800
f 1703/1208/1798 1694/1209/1789 1695/1207/1790
f 1702/1210/1797 1694/1209/1789 1703/1208/1798
f 1702/1210/1797 1693/1220/1788 1694/1209/1789
f 1709/1219/1804 1693/1220/1788 1702/1210/1797
f 1692/1230/1787 1693/1220/1788 1709/1219/1804
f 1710/1229/1805 1692/1230/1787 1709/1219/1804
f 1710/1229/1805 1696/1231/1791 1692/1230/1787
f 1710/1229/1805 1700/1233/1795 1696/1231/1791
f 1711/1214/1806 1700/1233/1795 1710/1229/1805
f 1711/1214/1806 1698/1235/1793 1700/1233/1795
f 1712/1216/1807 1697/1217/1792 1699/1227/1794
f 1712/1216/1807 1713/1215/1808 1697/1217/1792
f 1711/1214/1806 1713/1215/1808 1712/1216/1807
f 1711/1214/1806 1710/1229/1805 1713/1215/1808
f 1710/1229/1805 1709/1219/1804 1713/1215/1808
f 1713/1215/1808 1709/1219/1804 1701/1218/1796
f 1709/1219/1804 1702/1210/1797 1701/1218/1796
f 1713/1215/1808 1701/1218/1796 1697/1217/1792
f 1714/1287/1809 1715/1288/1810 1716/1289/1811
f 1714/1287/1809 1717/1290/1812 1715/1288/1810
f 1718/1291/1813 1716/1289/1811 1719/1292/1814
f 1718/1291/1813 1714/1287/1809 1716/1289/1811
f 1718/1291/1813 1720/1293/1815 1714/1287/1809
f 1714/1287/1809 1720/1293/1815 1717/1290/1812
f 1720/1293/1815 1721/1294/1816 1717/1290/1812
f 1715/1288/1810 1717/1290/1812 1721/1294/1816
f 1715/1288/1810 1721/1294/1816 1722/1295/1817
f 1722/1295/1817 1721/1294/1816 1723/1296/1818
f 1722/1295/1817 1723/1296/1818 1724/1297/1819
f 1724/1297/1819 1723/1296/1818 1725/1298/1820
f 1724/1297/1819 1725/1298/1820 1726/1299/1821
f 1726/1299/1821 1725/1298/1820 1727/1300/1822
f 1726/1299/1821 1727/1300/1822 1728/1301/1823
f 1728/1301/1823 1727/1300/1822 1729/1302/1824
f 1728/1301/1823 1729/1302/1824 1730/1303/1825
f 1730/1303/1825 1729/1302/1824 1731/1304/1826
f 1730/1303/1825 1731/1304/1826 1732/1305/1827
f 1731/1304/1826 1733/1306/1828 1732/1305/1827
f 1731/1304/1826 1734/1307/1829 1733/1306/1828
f 1734/1307/1829 1735/1308/1830 1733/1306/1828
f 1734/1307/1829 1736/1309/1831 1735/1308/1830
f 1736/1309/1831 1737/1310/1832 1735/1308/1830
f 1736/1309/1831 1738/1311/1833 1737/1310/1832
f 1738/1311/1833 1719/1292/1814 1737/1310/1832
f 1738/1311/1833 1718/1291/1813 1719/1292/1814
f 1738/1311/1833 1720/1293/1815 1718/1291/1813
f 1736/1309/1831 1720/1293/1815 1738/1311/1833
f 1734/1307/1829 1720/1293/1815 1736/1309/1831
f 1731/1304/1826 1720/1293/1815 1734/1307/1829
f 1729/1302/1824 1720/1293/1815 1731/1304/1826
f 1727/1300/1822 1720/1293/1815 1729/1302/1824
f 1725/1298/1820 1720/1293/1815 1727/1300/1822
f 1723/1296/1818 1720/1293/1815 1725/1298/1820
f 1721/1294/1816 1720/1293/1815 1723/1296/1818
f 1739/1280/1834 1740/1265/1835 1741/1266/1836
f 1742/1281/1837 1740/1265/1835 1739/1280/1834
f 1742/1281/1837 1743/1264/1838 1740/1265/1835
f 1744/1263/1839 1743/1264/1838 1742/1281/1837
f 1745/1279/1840 1746/1255/1841 1747/1273/1842
f 1747/1273/1842 1748/1256/1843 1745/1279/1840
f 1747/1273/1842 1749/1254/1844 1748/1256/1843
f 1750/1270/1845 1749/1254/1844 1747/1273/1842
f 1750/1270/1845 1747/1273/1842 1751/1274/1846
f 1752/1269/1847 1750/1270/1845 1751/1274/1846
f 1752/1269/1847 1751/1274/1846 1753/1275/1848
f 1754/1268/1849 1752/1269/1847 1753/1275/1848
f 1754/1268/1849 1753/1275/1848 1755/1276/1850
f 1756/1267/1851 1754/1268/1849 1755/1276/1850
f 1756/1267/1851 1755/1276/1850 1757/1277/1852
f 1741/1266/1836 1756/1267/1851 1757/1277/1852
f 1741/1266/1836 1757/1277/1852 1758/1278/1853
f 1739/1280/1834 1741/1266/1836 1758/1278/1853
f 1758/1278/1853 1746/1255/1841 1739/1280/1834
f 1739/1280/1834 1746/1255/1841 1742/1281/1837
f 1742/1281/1837 1746/1255/1841 1759/1271/1854
f 1744/1263/1839 1742/1281/1837 1759/1271/1854
f 1747/1273/1842 1746/1255/1841 1751/1274/1846
f 1751/1274/1846 1746/1255/1841 1753/1275/1848
f 1753/1275/1848 1746/1255/1841 1755/1276/1850
f 1755/1276/1850 1746/1255/1841 1757/1277/1852
f 1757/1277/1852 1746/1255/1841 1758/1278/1853
f 1759/1271/1854 1746/1255/1841 1760/1272/1855
f 1761/1262/1856 1744/1263/1839 1759/1271/1854
f 1761/1262/1856 1759/1271/1854 1760/1272/1855
f 1762/1282/1857 1761/1262/1856 1760/1272/1855
f 1760/1272/1855 1746/1255/1841 1762/1282/1857
f 1762/1282/1857 1746/1255/1841 1763/1283/1858
f 1763/1283/1858 1746/1255/1841 1764/1284/1859
f 1764/1284/1859 1765/1260/1860 1763/1283/1858
f 1764/1284/1859 1766/1259/1861 1765/1260/1860
f 1767/1285/1862 1766/1259/1861 1764/1284/1859
f 1767/1285/1862 1768/1258/1863 1766/1259/1861
f 1769/1286/1864 1768/1258/1863 1767/1285/1862
f 1769/1286/1864 1770/1257/1865 1768/1258/1863
f 1748/1256/1843 1770/1257/1865 1769/1286/1864
f 1748/1256/1843 1769/1286/1864 1745/1279/1840
f 1769/1286/1864 1746/1255/1841 1745/1279/1840
f 1767/1285/1862 1746/1255/1841 1769/1286/1864
f 1764/1284/1859 1746/1255/1841 1767/1285/1862
f 1762/1282/1857 1771/1261/1866 1761/1262/1856
f 1763/1283/1858 1771/1261/1866 1762/1282/1857
f 1763/1283/1858 1765/1260/1860 1771/1261/1866
f 1629/1110/1724 1772/1111/1867 1773/1109/1868
f 1629/1112/1724 1668/1113/1763 1772/1111/1867
f 1666/1114/1761 1772/1111/1867 1668/1113/1763
f 1656/1115/1751 1772/1111/1867 1666/1114/1761
f 1656/1115/1751 1773/1109/1868 1772/1111/1867
f 1656/1115/1751 1651/1105/1746 1773/1109/1868
f 1629/1108/1724 1773/1109/1868 1651/1105/1746
f 737/916/1869 1774/925/1870 738/917/1871
f 738/917/1871 1774/925/1870 748/927/1872
f 748/927/1872 1774/925/1870 757/935/1873
f 757/935/1873 1774/925/1870 758/936/1874
f 758/936/1874 1774/925/1870 759/937/1875
f 759/937/1875 1774/925/1870 760/938/1876
f 760/938/1876 1774/925/1870 761/939/1877
f 761/939/1877 1774/925/1870 762/940/1878
f 762/940/1878 1774/925/1870 767/945/1879
f 767/945/1879 1774/925/1870 768/946/1880
f 768/946/1880 1774/925/1870 765/943/1881
f 765/943/1881 1774/925/1870 766/944/1882
f 766/944/1882 1774/925/1870 743/922/1883
f 743/922/1883 1774/925/1870 741/920/1884
f 741/920/1884 1774/925/1870 739/918/1885
f 739/918/1885 1774/925/1870 737/916/1869
f 1775/1312/1886 1776/1244/1887 1777/1245/1888
f 1778/1313/1889 1776/1244/1887 1775/1312/1886
f 1778/1313/1889 1779/1243/1890 1776/1244/1887
f 1780/1314/1891 1781/1238/1892 1782/1315/1893
f 1782/1315/1893 1781/1238/1892 1783/1316/1894
f 1783/1316/1894 1781/1238/1892 1784/1317/1895
f 1784/1317/1895 1785/1249/1896 1783/1316/1894
f 1784/1317/1895 1786/1248/1897 1785/1249/1896
f 1787/1318/1898 1786/1248/1897 1784/1317/1895
f 1787/1318/1898 1788/1247/1899 1786/1248/1897
f 1789/1246/1900 1788/1247/1899 1787/1318/1898
f 1789/1246/1900 1787/1318/1898 1790/1319/1901
f 1777/1245/1888 1789/1246/1900 1790/1319/1901
f 1777/1245/1888 1790/1319/1901 1791/1320/1902
f 1775/1312/1886 1777/1245/1888 1791/1320/1902
f 1791/1320/1902 1781/1238/1892 1775/1312/1886
f 1775/1312/1886 1781/1238/1892 1778/1313/1889
f 1778/1313/1889 1781/1238/1892 1792/1321/1903
f 1792/1321/1903 1779/1243/1890 1778/1313/1889
f 1792/1321/1903 1793/1242/1904 1779/1243/1890
f 1794/1322/1905 1793/1242/1904 1792/1321/1903
f 1790/1319/1901 1781/1238/1892 1791/1320/1902
f 1787/1318/1898 1781/1238/1892 1790/1319/1901
f 1784/1317/1895 1781/1238/1892 1787/1318/1898
f 1792/1321/1903 1781/1238/1892 1794/1322/1905
f 1794/1322/1905 1781/1238/1892 1795/1323/1906
f 1795/1323/1906 1781/1238/1892 1796/1324/1907
f 1797/1325/1908 1781/1238/1892 1780/1314/1891
f 1794/1322/1905 1798/1241/1909 1793/1242/1904
f 1795/1323/1906 1798/1241/1909 1794/1322/1905
f 1795/1323/1906 1799/1240/1910 1798/1241/1909
f 1800/1239/1911 1799/1240/1910 1795/1323/1906
f 1800/1239/1911 1795/1323/1906 1796/1324/1907
f 1801/1326/1912 1800/1239/1911 1796/1324/1907
f 1796/1324/1907 1781/1238/1892 1801/1326/1912
f 1801/1326/1912 1781/1238/1892 1802/1327/1913
f 1802/1327/1913 1781/1238/1892 1797/1325/1908
f 1803/1252/1914 1802/1327/1913 1797/1325/1908
f 1804/1251/1915 1803/1252/1914 1797/1325/1908
f 1804/1251/1915 1797/1325/1908 1780/1314/1891
f 1805/1250/1916 1804/1251/1915 1780/1314/1891
f 1805/1250/1916 1780/1314/1891 1782/1315/1893
f 1785/1249/1896 1805/1250/1916 1782/1315/1893
f 1785/1249/1896 1782/1315/1893 1783/1316/1894
f 1803/1252/1914 1806/1253/1917 1802/1327/1913
f 1806/1253/1917 1801/1326/1912 1802/1327/1913
f 1806/1253/1917 1807/1237/1918 1801/1326/1912
f 1801/1326/1912 1807/1237/1918 1800/1239/1911
f 1808/1299/1919 1809/1298/1920 1810/1300/1921
f 1808/1299/1919 1810/1300/1921 1811/1301/1922
f 1811/1301/1922 1810/1300/1921 1812/1302/1923
f 1811/1301/1922 1812/1302/1923 1813/1303/1924
f 1813/1303/1924 1812/1302/1923 1814/1304/1925
f 1813/1303/1924 1814/1304/1925 1815/1305/1926
f 1814/1304/1925 1816/1306/1927 1815/1305/1926
f 1814/1304/1925 1817/1307/1928 1816/1306/1927
f 1817/1307/1928 1818/1308/1929 1816/1306/1927
f 1810/1300/1921 1819/1293/1930 1812/1302/1923
f 1809/1298/1920 1819/1293/1930 1810/1300/1921
f 1820/1287/1931 1819/1293/1930 1821/1290/1932
f 1822/1291/1933 1819/1293/1930 1820/1287/1931
f 1823/1311/1934 1819/1293/1930 1822/1291/1933
f 1824/1309/1935 1819/1293/1930 1823/1311/1934
f 1812/1302/1923 1819/1293/1930 1814/1304/1925
f 1814/1304/1925 1819/1293/1930 1817/1307/1928
f 1817/1307/1928 1819/1293/1930 1824/1309/1935
f 1817/1307/1928 1824/1309/1935 1818/1308/1929
f 1824/1309/1935 1825/1310/1936 1818/1308/1929
f 1824/1309/1935 1823/1311/1934 1825/1310/1936
f 1823/1311/1934 1826/1292/1937 1825/1310/1936
f 1823/1311/1934 1822/1291/1933 1826/1292/1937
f 1822/1291/1933 1827/1289/1938 1826/1292/1937
f 1822/1291/1933 1820/1287/1931 1827/1289/1938
f 1820/1287/1931 1828/1288/1939 1827/1289/1938
f 1820/1287/1931 1821/1290/1932 1828/1288/1939
f 1828/1288/1939 1821/1290/1932 1829/1294/1940
f 1819/1293/1930 1829/1294/1940 1821/1290/1932
f 1829/1294/1940 1819/1293/1930 1830/1296/1941
f 1830/1296/1941 1819/1293/1930 1809/1298/1920
f 1831/1297/1942 1830/1296/1941 1809/1298/1920
f 1831/1297/1942 1809/1298/1920 1808/1299/1919
f 1832/1295/1943 1830/1296/1941 1831/1297/1942
f 1832/1295/1943 1829/1294/1940 1830/1296/1941
f 1828/1288/1939 1829/1294/1940 1832/1295/1943
f 1833/1312/1944 1228/1244/1945 1229/1245/1946
f 1834/1313/1947 1228/1244/1945 1833/1312/1944
f 1834/1313/1947 1227/1243/1948 1228/1244/1945
f 1835/1314/1949 1836/1238/1950 1837/1315/1951
f 1837/1315/1951 1836/1238/1950 1838/1316/1952
f 1838/1316/1952 1836/1238/1950 1839/1317/1953
f 1839/1317/1953 1233/1249/1954 1838/1316/1952
f 1839/1317/1953 1232/1248/1955 1233/1249/1954
f 1840/1318/1956 1232/1248/1955 1839/1317/1953
f 1840/1318/1956 1231/1247/1957 1232/1248/1955
f 1230/1246/1958 1231/1247/1957 1840/1318/1956
f 1230/1246/1958 1840/1318/1956 1841/1319/1959
f 1229/1245/1946 1230/1246/1958 1841/1319/1959
f 1229/1245/1946 1841/1319/1959 1842/1320/1960
f 1833/1312/1944 1229/1245/1946 1842/1320/1960
f 1842/1320/1960 1836/1238/1950 1833/1312/1944
f 1833/1312/1944 1836/1238/1950 1834/1313/1947
f 1834/1313/1947 1836/1238/1950 1843/1321/1961
f 1843/1321/1961 1227/1243/1948 1834/1313/1947
f 1843/1321/1961 1226/1242/1962 1227/1243/1948
f 1844/1322/1963 1226/1242/1962 1843/1321/1961
f 1841/1319/1959 1836/1238/1950 1842/1320/1960
f 1840/1318/1956 1836/1238/1950 1841/1319/1959
f 1839/1317/1953 1836/1238/1950 1840/1318/1956
f 1843/1321/1961 1836/1238/1950 1844/1322/1963
f 1844/1322/1963 1836/1238/1950 1845/1323/1964
f 1845/1323/1964 1836/1238/1950 1846/1324/1965
f 1847/1325/1966 1836/1238/1950 1835/1314/1949
f 1844/1322/1963 1225/1241/1967 1226/1242/1962
f 1845/1323/1964 1225/1241/1967 1844/1322/1963
f 1845/1323/1964 1224/1240/1968 1225/1241/1967
f 1223/1239/1969 1224/1240/1968 1845/1323/1964
f 1223/1239/1969 1845/1323/1964 1846/1324/1965
f 1848/1326/1970 1223/1239/1969 1846/1324/1965
f 1846/1324/1965 1836/1238/1950 1848/1326/1970
f 1848/1326/1970 1836/1238/1950 1849/1327/1971
f 1849/1327/1971 1836/1238/1950 1847/1325/1966
f 1236/1252/1972 1849/1327/1971 1847/1325/1966
f 1235/1251/1973 1236/1252/1972 1847/1325/1966
f 1235/1251/1973 1847/1325/1966 1835/1314/1949
f 1234/1250/1974 1235/1251/1973 1835/1314/1949
f 1234/1250/1974 1835/1314/1949 1837/1315/1951
f 1233/1249/1954 1234/1250/1974 1837/1315/1951
f 1233/1249/1954 1837/1315/1951 1838/1316/1952
f 1236/1252/1972 1237/1253/1975 1849/1327/1971
f 1237/1253/1975 1848/1326/1970 1849/1327/1971
f 1237/1253/1975 1221/1237/1976 1848/1326/1970
f 1848/1326/1970 1221/1237/1976 1223/1239/1969
f 1415/848/1478 1850/840/1977 1439/841/1502
f 1851/833/1978 1439/841/1502 1850/840/1977
f 1851/833/1978 1451/842/1514 1439/841/1502
f 1852/832/1979 1451/842/1514 1851/833/1978
f 1852/832/1979 1450/843/1513 1451/842/1514
f 1852/832/1979 1448/844/1511 1450/843/1513
f 1415/847/1478 1420/839/1483 1850/840/1977
f 1419/834/1482 1850/840/1977 1420/839/1483
f 1419/834/1482 1851/833/1978 1850/840/1977
f 1422/830/1485 1851/833/1978 1419/834/1482
f 1422/830/1485 1852/832/1979 1851/833/1978
f 1422/830/1485 1433/831/1496 1852/832/1979
f 1852/832/1979 1433/831/1496 1448/844/1511
f 1433/831/1496 1441/845/1504 1448/844/1511
f 1433/831/1496 1431/823/1494 1441/845/1504
f 1431/823/1494 1430/846/1493 1441/845/1504
f 1807/1237/1980 1853/1238/1981 1800/1239/1982
f 1800/1239/1982 1853/1238/1981 1799/1240/1983
f 1799/1240/1983 1853/1238/1981 1798/1241/1984
f 1798/1241/1984 1853/1238/1981 1793/1242/1985
f 1793/1242/1985 1853/1238/1981 1779/1243/1986
f 1779/1243/1986 1853/1238/1981 1776/1244/1987
f 1776/1244/1987 1853/1238/1981 1777/1245/1988
f 1777/1245/1988 1853/1238/1981 1789/1246/1989
f 1789/1246/1989 1853/1238/1981 1788/1247/1990
f 1788/1247/1990 1853/1238/1981 1786/1248/1991
f 1786/1248/1991 1853/1238/1981 1785/1249/1992
f 1785/1249/1992 1853/1238/1981 1805/1250/1993
f 1805/1250/1993 1853/1238/1981 1804/1251/1994
f 1804/1251/1994 1853/1238/1981 1803/1252/1995
f 1803/1252/1995 1853/1238/1981 1806/1253/1996
f 1806/1253/1996 1853/1238/1981 1807/1237/1980
f 705/884/1997 1854/888/1998 716/895/1999
f 716/895/1999 1854/888/1998 714/893/2000
f 714/893/2000 1854/888/1998 712/891/2001
f 712/891/2001 1854/888/1998 711/890/2002
f 711/890/2002 1854/888/1998 735/914/2003
f 735/914/2003 1854/888/1998 730/909/2004
f 730/909/2004 1854/888/1998 729/908/2005
f 729/908/2005 1854/888/1998 733/912/2006
f 733/912/2006 1854/888/1998 734/913/2007
f 734/913/2007 1854/888/1998 725/904/2008
f 725/904/2008 1854/888/1998 724/903/2009
f 724/903/2009 1854/888/1998 723/902/2010
f 723/902/2010 1854/888/1998 722/901/2011
f 722/901/2011 1854/888/1998 706/885/2012
f 706/885/2012 1854/888/1998 704/883/2013
f 704/883/2013 1854/888/1998 705/884/1997
f 1749/1254/2014 1855/1255/2015 1748/1256/2016
f 1748/1256/2016 1855/1255/2015 1770/1257/2017
f 1770/1257/2017 1855/1255/2015 1768/1258/2018
f 1768/1258/2018 1855/1255/2015 1766/1259/2019
f 1766/1259/2019 1855/1255/2015 1765/1260/2020
f 1765/1260/2020 1855/1255/2015 1771/1261/2021
f 1771/1261/2021 1855/1255/2015 1761/1262/2022
f 1761/1262/2022 1855/1255/2015 1744/1263/2023
f 1744/1263/2023 1855/1255/2015 1743/1264/2024
f 1743/1264/2024 1855/1255/2015 1740/1265/2025
f 1740/1265/2025 1855/1255/2015 1741/1266/2026
f 1741/1266/2026 1855/1255/2015 1756/1267/2027
f 1756/1267/2027 1855/1255/2015 1754/1268/2028
f 1754/1268/2028 1855/1255/2015 1752/1269/2029
f 1752/1269/2029 1855/1255/2015 1750/1270/2030
f 1750/1270/2030 1855/1255/2015 1749/1254/2014
f 695/874/2031 1856/855/2032 702/881/2033
f 701/880/2034 702/881/2033 1856/855/2032
f 698/877/2035 701/880/2034 1856/855/2032
f 699/878/2036 698/877/2035 1856/855/2032
f 700/879/2037 699/878/2036 1856/855/2032
f 700/879/2037 1856/855/2032 680/859/2038
f 680/859/2038 1856/855/2032 681/860/2039
f 681/860/2039 1856/855/2032 683/862/2040
f 683/862/2040 1856/855/2032 684/863/2041
f 670/849/2042 684/863/2041 1856/855/2032
f 671/850/2043 670/849/2042 1856/855/2032
f 674/853/2044 671/850/2043 1856/855/2032
f 688/867/2045 674/853/2044 1856/855/2032
f 688/867/2045 1856/855/2032 693/872/2046
f 693/872/2046 1856/855/2032 694/873/2047
f 694/873/2047 1856/855/2032 695/874/2031
