# Blender 5.2.2 LTS
# www.blender.org
mtllib str1.mtl
o 9K32M_Strela-2M_1_Launch_Tube_1_9K32M_Strela-2M_1_Material_1_0.001
v 0.028588 0.174531 0.328288
v 0.028588 0.174531 0.327118
v 0.015862 0.179802 0.327118
v 0.028588 0.174531 -1.089442
v 0.000000 0.186372 -0.550108
v 0.028588 0.174531 -0.550108
v 0.028588 0.174531 -0.522417
v 0.000000 0.186373 -0.308765
v 0.028588 0.174531 -0.308765
v 0.000000 0.186373 0.035277
v 0.018222 0.178825 0.003022
v 0.018222 0.178825 -0.004266
v 0.028588 0.174531 0.198924
v 0.028588 0.174531 0.082429
v 0.012272 0.181289 0.082429
v 0.012272 0.181289 0.289187
v 0.028588 0.174531 0.289187
v 0.028588 0.174531 0.235320
v 0.028588 0.174531 -1.142816
v 0.000000 0.186372 -1.109027
v 0.028588 0.174531 -1.109027
v 0.035347 0.158215 0.289187
v 0.028588 0.174531 -0.285828
v 0.028588 0.174531 -0.007536
v 0.030990 0.168733 -0.008382
v 0.040430 0.145942 -0.550108
v 0.040430 0.145942 -1.089442
v 0.040430 0.145942 -0.308765
v 0.040430 0.145942 0.076101
v 0.035347 0.158215 0.076101
v 0.035347 0.158215 0.082429
v 0.040430 0.145943 0.327001
v 0.033860 0.161805 0.327001
v 0.033860 0.161805 0.327118
v 0.040430 0.145942 -1.142816
v 0.040430 0.145942 -1.109027
v 0.036316 0.136009 -1.129963
v 0.028588 0.117354 -1.142816
v 0.028588 0.117354 0.328288
v 0.040430 0.145943 0.328288
v 0.028588 0.117354 0.295530
v 0.040430 0.145942 0.235320
v 0.040430 0.145943 0.295530
v 0.028588 0.117354 0.035277
v 0.030293 0.121469 0.030576
v 0.029814 0.120312 0.032509
v 0.036316 0.136009 -1.068506
v 0.036316 0.136009 -1.089442
v 0.028588 0.117354 -0.308765
v 0.040430 0.145942 -0.522417
v 0.028588 0.117354 0.198924
v 0.040430 0.145942 0.198924
v 0.000000 0.105512 0.295530
v 0.024457 0.115643 0.235320
v 0.022683 0.114908 -0.019697
v 0.016789 0.112467 -0.062087
v 0.022683 0.114908 -0.062087
v 0.028588 0.117354 -0.522417
v 0.017713 0.112849 -0.308765
v 0.028588 0.117354 -1.072597
v 0.003512 0.106967 -0.550108
v 0.003512 0.106967 -1.072922
v 0.024548 0.115680 0.076101
v 0.028588 0.117354 0.076101
v 0.000000 0.105512 0.328288
v 0.028588 0.117354 0.327001
v 0.000000 0.105512 -1.142816
v 0.028588 0.117354 -1.125872
v 0.000000 0.105512 -1.125501
v -0.003512 0.106967 -0.522417
v -0.003512 0.106967 -0.308765
v -0.017713 0.112849 -0.308765
v -0.028588 0.117354 0.035277
v -0.022683 0.114908 -0.073800
v -0.022683 0.114908 -0.062087
v -0.020832 0.114141 -1.068782
v -0.003512 0.106967 -1.072262
v -0.003512 0.106967 -0.550108
v -0.028588 0.117354 0.076101
v -0.024158 0.115519 0.107027
v -0.028588 0.117354 0.107027
v -0.024457 0.115643 0.198924
v -0.028588 0.117354 0.198924
v -0.028588 0.117354 0.175887
v -0.028588 0.117354 0.295530
v -0.024457 0.115643 0.235320
v -0.028588 0.117354 0.328288
v 0.000000 0.105512 0.327001
v -0.020832 0.114141 -1.129687
v -0.028588 0.117354 -1.109027
v -0.028588 0.117354 -1.142816
v -0.040430 0.145942 -1.089442
v -0.028588 0.117354 -0.550108
v -0.040430 0.145942 -0.550108
v -0.040430 0.145942 0.035277
v -0.028588 0.117354 -0.285828
v -0.028588 0.117354 -0.308765
v -0.040430 0.145942 -0.522417
v -0.028588 0.117354 -0.522417
v -0.029602 0.119801 0.107027
v -0.040430 0.145942 0.235320
v -0.028588 0.117354 0.235320
v -0.040430 0.145943 0.328288
v -0.028588 0.117354 0.327001
v -0.040430 0.145942 -1.109027
v -0.040430 0.145942 -1.142816
v 0.042382 0.145943 0.332447
v -0.028588 0.174531 -1.089442
v -0.028588 0.174531 -0.550108
v -0.028588 0.174531 0.035277
v -0.040430 0.145942 -0.285828
v -0.040430 0.145942 -0.308765
v -0.028588 0.174531 -0.522417
v -0.040430 0.145942 0.198924
v -0.028588 0.174531 0.076101
v -0.040430 0.145942 0.076101
v -0.040430 0.145943 0.295530
v -0.028588 0.174531 0.235320
v -0.028588 0.174531 0.328288
v -0.040430 0.145943 0.327001
v -0.028588 0.174531 -1.109027
v -0.028588 0.174531 -1.142816
v 0.000000 0.186373 0.327001
v -0.028588 0.174531 0.327001
v 0.000000 0.186372 -1.089442
v 0.000000 0.186373 -0.285828
v -0.028588 0.174531 -0.285828
v -0.028588 0.174531 -0.308765
v 0.000000 0.186372 -0.522417
v 0.000000 0.186373 0.198924
v 0.000000 0.186373 0.076101
v -0.028588 0.174531 0.295530
v 0.000000 0.186373 0.235320
v 0.000000 0.186372 -1.142816
v -0.030535 0.176477 -1.142816
v -0.043183 0.145942 -1.149673
v -0.043183 0.145942 -1.142816
v 0.029969 0.115974 0.332447
v -0.000000 0.103560 0.349508
v -0.000000 0.103560 0.332447
v -0.029969 0.115974 0.332447
v -0.000000 0.188325 0.332447
v 0.000000 0.186373 0.328288
v 0.029969 0.175911 0.332447
v -0.042382 0.145943 0.332447
v -0.029969 0.175911 0.332447
v -0.029969 0.175911 0.349508
v -0.056127 0.145943 0.372108
v -0.039688 0.185630 0.372108
v 0.029969 0.175911 0.349508
v 0.042382 0.145943 0.349508
v -0.029969 0.115974 0.349508
v 0.029969 0.115974 0.349508
v -0.000000 0.188325 0.349508
v -0.042382 0.145943 0.349508
v 0.000000 0.189125 -1.142816
v 0.030535 0.176477 -1.142816
v 0.043183 0.145942 -1.142816
v 0.030535 0.115407 -1.142816
v 0.000000 0.102759 -1.142816
v -0.030535 0.115407 -1.142816
v -0.000000 0.186338 -1.149669
v -0.028573 0.174516 -1.174509
v -0.028562 0.174504 -1.149668
v 0.000000 0.102759 -1.149673
v 0.043183 0.145942 -1.149673
v 0.000000 0.189125 -1.149673
v -0.030535 0.176477 -1.149673
v -0.030535 0.115407 -1.149673
v 0.030535 0.115407 -1.149673
v 0.030535 0.176477 -1.149673
v 0.028564 0.174506 -1.149669
v 0.040398 0.145942 -1.149670
v -0.040396 0.145942 -1.149669
v 0.000000 0.186351 -1.174509
v 0.000000 0.182424 -1.174509
v -0.028573 0.117369 -1.174509
v 0.028573 0.117369 -1.174509
v 0.040409 0.145942 -1.174509
v 0.028573 0.174516 -1.174509
v -0.040409 0.145942 -1.174509
v 0.000000 0.105533 -1.174509
v -0.018569 0.110951 -1.109027
v -0.008418 0.096650 -1.074465
v -0.018569 0.110951 -1.089442
v 0.038133 0.113593 -1.124003
v -0.008418 0.096650 -1.124003
v 0.036684 0.131463 -1.089442
v 0.036684 0.131463 -1.109027
v 0.038133 0.113593 -1.074465
v 0.003512 0.103864 -1.073723
v -0.004198 0.098185 -1.078956
v -0.004198 0.098185 -1.119513
v 0.033913 0.112057 -1.119513
v 0.033913 0.112057 -1.078956
v 0.001903 0.091529 -1.082412
v -0.002047 0.093856 -1.118972
v 0.001903 0.091529 -1.116057
v 0.035049 0.107357 -1.118972
v 0.033519 0.103036 -1.116057
v 0.035049 0.107357 -1.079496
v 0.033519 0.103036 -1.082412
v -0.002047 0.093856 -1.079496
v 0.000000 0.188624 -1.089442
v 0.030181 0.176123 -1.109027
v 0.000000 0.188624 -1.109027
v 0.030181 0.176123 -1.089442
v 0.042682 0.145942 -1.109027
v 0.042682 0.145942 -1.089442
v -0.030181 0.115761 -1.089442
v -0.030181 0.115761 -1.109027
v -0.042682 0.145942 -1.089442
v -0.042682 0.145942 -1.109027
v -0.030181 0.176123 -1.089442
v -0.030181 0.176123 -1.109027
v -0.039688 0.185630 0.440925
v 0.039688 0.185630 0.372108
v 0.039688 0.106255 0.372108
v -0.039688 0.106255 0.372108
v -0.000000 0.089816 0.372108
v -0.000000 0.202069 0.372108
v 0.056127 0.145943 0.372108
v 0.032002 0.177945 0.440925
v -0.000000 0.202070 0.440925
v 0.000000 0.191200 0.440925
v -0.039688 0.106255 0.440925
v -0.000000 0.089816 0.440925
v -0.032002 0.113941 0.440925
v 0.039688 0.185630 0.440925
v 0.056127 0.145943 0.440925
v 0.039688 0.106255 0.440925
v -0.056127 0.145943 0.440925
v 0.000000 0.191200 0.451611
v 0.032002 0.177945 0.451611
v 0.045258 0.145943 0.440925
v 0.045258 0.145943 0.451611
v 0.032002 0.113941 0.440925
v 0.032002 0.113941 0.451611
v 0.000000 0.100685 0.440925
v -0.032002 0.113941 0.451611
v 0.000000 0.100685 0.451611
v -0.045258 0.145943 0.451611
v -0.045258 0.145943 0.440925
v 0.000000 0.182425 0.451611
v -0.032002 0.177945 0.451611
v -0.032002 0.177945 0.440925
v 0.000000 0.187666 0.295530
v 0.016777 0.180717 0.316411
v 0.017629 0.180364 0.311570
v 0.034421 0.163572 0.311570
v 0.034774 0.162720 0.316411
v 0.041724 0.145943 0.295530
v 0.041724 0.145943 0.327001
v 0.029503 0.116440 0.295530
v 0.029503 0.116440 0.327001
v 0.000000 0.104219 0.295530
v 0.000000 0.104219 0.327001
v -0.029503 0.116440 0.295530
v -0.041724 0.145943 0.327001
v -0.041724 0.145943 0.295530
v -0.029503 0.175446 0.327001
v -0.029503 0.175446 0.295530
v 0.000000 0.187666 0.327001
v 0.035347 0.158215 0.295530
v 0.036261 0.159129 0.295530
v 0.053518 0.181463 0.319479
v 0.048038 0.181708 0.316411
v 0.050656 0.184325 0.319479
v 0.032903 0.196843 0.316411
v 0.038382 0.196598 0.319479
v 0.035765 0.193981 0.316411
v 0.032903 0.196843 0.327118
v 0.038382 0.196598 0.324050
v 0.035520 0.199460 0.324050
v 0.050900 0.178846 0.327118
v 0.050656 0.184325 0.324050
v 0.048038 0.181708 0.327118
v 0.022559 0.180775 0.327118
v 0.016777 0.180717 0.327001
v 0.035520 0.199460 0.319479
v 0.053518 0.181463 0.324050
v 0.020824 0.179041 0.316411
v 0.050900 0.178846 0.316411
v 0.033098 0.166767 0.316411
v 0.034774 0.162720 0.327001
v 0.013187 0.182204 0.295530
v 0.014488 0.183505 0.296051
v 0.019229 0.188247 0.289187
v 0.042304 0.165172 0.289187
v 0.037563 0.160431 0.296051
v 0.036261 0.159129 0.296051
v 0.034421 0.163572 0.296051
v 0.013187 0.182204 0.296051
v 0.017629 0.180364 0.296051
v 0.019229 0.188247 0.296051
v 0.042304 0.165172 0.296051
v 0.033098 0.166767 0.311570
v 0.032162 0.165831 0.311570
v 0.034832 0.168502 0.327118
v 0.020824 0.179041 0.311570
v 0.019888 0.178105 0.311570
v 0.035765 0.193981 0.327118
v 0.004256 0.185903 0.227179
v 0.004256 0.185903 0.207065
v 0.000000 0.187666 0.198924
v 0.041724 0.145943 0.235320
v 0.041724 0.145943 0.198924
v 0.039961 0.150199 0.227179
v 0.029503 0.116439 0.198924
v 0.024842 0.114509 0.235320
v 0.024842 0.114509 0.198924
v -0.029503 0.116439 0.198924
v -0.024842 0.114509 0.235320
v -0.029503 0.116439 0.235320
v -0.041724 0.145943 0.235320
v -0.041724 0.145943 0.198924
v -0.029503 0.175446 0.235320
v -0.029503 0.175446 0.198924
v 0.000000 0.187666 0.235320
v 0.029503 0.175446 0.235320
v 0.000000 0.105512 0.235320
v -0.024842 0.097792 0.235320
v 0.024842 0.097792 0.235320
v 0.012627 0.093417 0.202449
v 0.012627 0.096360 0.200078
v 0.015815 0.096360 0.200078
v -0.024842 0.093417 0.202449
v -0.012627 0.097792 0.198924
v -0.012627 0.093417 0.202449
v 0.020574 0.097602 0.235167
v 0.024842 0.093417 0.231796
v 0.020574 0.093417 0.231795
v 0.020574 0.093417 0.221921
v -0.012627 0.093417 0.221921
v -0.020574 0.093417 0.221921
v -0.024842 0.093417 0.231796
v 0.024548 0.112428 0.198924
v 0.024842 0.097792 0.198924
v -0.024158 0.110613 0.198924
v -0.024842 0.097792 0.198924
v 0.024842 0.093417 0.202449
v 0.016594 0.097792 0.076102
v 0.016594 0.097792 0.198924
v 0.015815 0.096360 0.074739
v 0.012627 0.096360 0.074739
v 0.024548 0.115376 0.198924
v 0.024548 0.112428 0.076101
v -0.024158 0.115519 0.175887
v -0.024158 0.110613 0.175887
v -0.024158 0.110613 0.076101
v -0.024158 0.110613 0.107027
v -0.012627 0.110613 0.107027
v -0.012627 0.110613 0.175887
v -0.012627 0.110613 0.198924
v 0.017629 0.180364 0.059887
v 0.016777 0.180717 0.054797
v 0.000000 0.187666 0.076101
v 0.034774 0.162719 0.054797
v 0.033098 0.166767 0.055732
v 0.034421 0.163572 0.059890
v 0.041724 0.145942 0.076101
v 0.029503 0.116439 0.035277
v 0.041724 0.145942 0.035277
v 0.024842 0.114509 0.076101
v 0.024842 0.114509 0.035277
v -0.029503 0.116439 0.035277
v -0.024842 0.114509 0.076101
v -0.029503 0.116439 0.076101
v -0.041724 0.145942 0.076101
v -0.041724 0.145942 0.035277
v -0.029503 0.175446 0.076101
v -0.029503 0.175446 0.035277
v 0.000000 0.187666 0.035277
v 0.024842 0.097792 0.035276
v -0.024842 0.097792 0.035276
v -0.020381 0.102357 0.035276
v -0.012627 0.096554 0.036454
v -0.024842 0.093417 0.071939
v -0.012627 0.097792 0.076102
v -0.024842 0.097792 0.076102
v 0.024842 0.097792 0.076102
v 0.024842 0.093417 0.071939
v 0.012627 0.093417 0.071939
v 0.012627 0.093417 0.067755
v -0.024842 0.093417 0.039439
v -0.012627 0.093417 0.039439
v -0.012627 0.093417 0.067755
v 0.029503 0.116439 0.076101
v 0.024842 0.093417 0.039439
v 0.014488 0.183505 0.075565
v 0.013187 0.182204 0.076101
v 0.017629 0.180364 0.075565
v 0.013187 0.182204 0.075565
v 0.036261 0.159129 0.075565
v 0.034421 0.163572 0.075565
v 0.037563 0.160431 0.075565
v 0.036261 0.159129 0.076101
v 0.042304 0.165172 0.082429
v 0.019229 0.188246 0.082429
v 0.042304 0.165172 0.075565
v 0.019229 0.188246 0.075565
v 0.050656 0.184325 0.047158
v 0.050900 0.178846 0.044090
v 0.048038 0.181708 0.044090
v 0.035520 0.199460 0.047158
v 0.035765 0.193981 0.044090
v 0.032903 0.196843 0.044090
v 0.035520 0.199460 0.051728
v 0.035765 0.193981 0.054797
v 0.038382 0.196598 0.051728
v 0.050900 0.178846 0.054797
v 0.050656 0.184325 0.051729
v 0.048038 0.181708 0.054797
v 0.033308 0.166978 0.054797
v 0.021035 0.179251 0.054797
v 0.032903 0.196843 0.054797
v 0.016777 0.180717 0.044090
v 0.038382 0.196598 0.047158
v 0.053518 0.181463 0.051729
v 0.035718 0.169387 0.044090
v 0.034774 0.162719 0.044090
v 0.029503 0.175446 0.044090
v 0.033098 0.166767 0.059890
v 0.032162 0.165831 0.059890
v 0.023445 0.181661 0.044090
v 0.021544 0.178742 0.054797
v 0.019888 0.178105 0.059890
v 0.020824 0.179040 0.059890
v 0.020824 0.179040 0.055733
v 0.029405 0.183246 0.001341
v 0.022790 0.176933 0.007138
v 0.030956 0.181696 0.003917
v 0.029405 0.183246 -0.002585
v 0.022790 0.176933 -0.008382
v 0.037303 0.175348 -0.002585
v 0.035753 0.176898 -0.005162
v 0.037303 0.175348 0.001341
v 0.030990 0.168733 0.007137
v 0.032882 0.164166 0.003022
v 0.028588 0.174531 0.006291
v 0.030956 0.181696 -0.005162
v 0.035753 0.176898 0.003917
v 0.032882 0.164166 -0.004266
v 0.038862 0.152490 0.030576
v 0.040430 0.145943 0.030222
v 0.037718 0.152490 0.030102
v 0.041284 0.145943 0.030576
v 0.039662 0.152490 0.032509
v 0.042085 0.145943 0.032509
v 0.041284 0.145943 0.034442
v 0.040430 0.145943 0.034796
v 0.038862 0.152490 0.034442
v 0.037718 0.152490 0.034916
v 0.031600 0.122523 0.034442
v 0.030729 0.122523 0.034802
v 0.032401 0.122523 0.032509
v 0.031600 0.122523 0.030576
v 0.030729 0.122523 0.030215
v 0.030293 0.121469 0.034442
v 0.020574 0.052012 0.235167
v -0.020574 0.052012 0.235167
v 0.020574 0.052012 0.221921
v 0.012627 0.044065 0.221921
v 0.007343 0.038781 0.235167
v -0.012627 0.058432 0.197549
v -0.012627 0.044065 0.202342
v -0.012627 0.044065 0.221921
v 0.012627 0.093417 0.221921
v -0.020574 0.052012 0.221921
v 0.012627 0.058432 0.197549
v 0.004961 0.058431 0.111830
v -0.020574 0.097602 0.235167
v -0.020574 0.093417 0.231795
v -0.007343 0.038781 0.209694
v -0.007343 0.038781 0.235167
v -0.012627 0.047510 0.197549
v 0.012627 0.047510 0.197549
v 0.007343 0.038781 0.209694
v 0.004961 0.074029 0.111830
v 0.004961 0.058431 0.067755
v -0.004961 0.074029 0.111830
v -0.004961 0.058431 0.111830
v -0.004961 0.074029 0.067755
v -0.004961 0.058431 0.067755
v 0.004961 0.074029 0.067755
v -0.029602 0.112990 0.107027
v -0.012627 0.103267 0.175887
v -0.029602 0.112990 0.175887
v -0.012627 0.103267 0.107027
v -0.015041 0.111743 -0.007984
v -0.015041 0.102357 -0.007984
v 0.020381 0.102357 0.035276
v 0.015041 0.111743 -0.007984
v 0.020381 0.113954 0.035277
v 0.015041 0.102357 -0.007984
v -0.022683 0.094549 -0.007984
v -0.022683 0.114908 -0.019697
v -0.022683 0.094549 -0.019697
v 0.003512 0.103865 -0.073800
v 0.022683 0.094549 -0.073800
v -0.022683 0.094549 -0.073800
v 0.022683 0.094549 -0.062087
v 0.022683 0.114908 -0.073800
v 0.022683 0.094549 -0.007984
v 0.016789 0.094549 -0.019697
v -0.016789 0.094549 -0.019697
v -0.022683 0.094549 -0.062087
v -0.016789 0.112467 -0.062087
v -0.016789 0.112467 -0.019697
v -0.016789 0.094549 -0.062087
v 0.022683 0.114908 -0.007984
v 0.022683 0.094549 -0.019697
v 0.016789 0.112467 -0.019697
v 0.004256 0.185903 -0.529380
v 0.004256 0.185903 -0.549494
v 0.000000 0.187666 -0.550108
v 0.041724 0.145942 -0.522417
v 0.041724 0.145942 -0.550108
v 0.039961 0.150199 -0.529380
v 0.029503 0.116439 -0.550108
v 0.003512 0.105673 -0.522417
v 0.003512 0.105673 -0.550108
v -0.029503 0.116439 -0.550108
v -0.003512 0.105673 -0.522417
v -0.029503 0.116439 -0.522417
v -0.041724 0.145942 -0.522417
v -0.041724 0.145942 -0.550108
v 0.029503 0.175445 -0.522417
v 0.000000 0.187666 -0.522417
v -0.029503 0.175445 -0.522417
v -0.029503 0.175445 -0.550108
v 0.029503 0.175445 -0.550108
v -0.003512 0.105673 -0.550108
v 0.000000 0.187666 -0.285828
v 0.029503 0.175445 -0.308765
v 0.000000 0.187666 -0.308765
v 0.029503 0.175445 -0.285828
v 0.041724 0.145942 -0.308765
v 0.041724 0.145942 -0.285828
v 0.029503 0.116439 -0.308765
v 0.017992 0.111671 -0.308765
v 0.029503 0.116439 -0.285828
v 0.017992 0.111671 -0.285828
v -0.029503 0.116439 -0.285828
v -0.017992 0.111671 -0.308765
v -0.017992 0.111671 -0.285828
v -0.029503 0.116439 -0.308765
v -0.041724 0.145942 -0.285828
v -0.041724 0.145942 -0.308765
v -0.029503 0.175445 -0.285828
v -0.029503 0.175445 -0.308765
v 0.012655 0.102058 -0.308765
v -0.012655 0.102058 -0.308765
v -0.003512 0.103865 -0.308765
v -0.012655 0.102058 -0.285828
v -0.017992 0.106053 -0.308765
v 0.017992 0.106053 -0.285828
v 0.012655 0.102058 -0.285828
v -0.017256 0.112660 -0.285828
v 0.028588 0.117354 -0.285828
v 0.017992 0.106053 -0.308765
v -0.003512 0.106967 -0.073800
v -0.003512 0.103865 -0.285828
v -0.003512 0.103865 -0.073800
v 0.003512 0.106967 -0.073800
v 0.003512 0.103865 -0.285828
v 0.003512 0.106967 -0.285828
v 0.003512 0.103865 -0.308765
v -0.003512 0.103864 -1.073063
v 0.005403 0.187050 -0.549494
v 0.005403 0.187050 -0.529380
v 0.029503 0.175445 -0.549494
v 0.041108 0.151346 -0.549493
v 0.039961 0.150199 -0.549494
v 0.041108 0.151346 -0.529380
v 0.029503 0.175445 -0.529380
v 0.030622 0.176564 -0.529380
v 0.030622 0.176564 -0.549494
v 0.005403 0.187050 0.227179
v 0.041108 0.151346 0.207065
v 0.029503 0.175446 0.207065
v 0.030622 0.176565 0.207065
v 0.041108 0.151346 0.227179
v 0.039961 0.150199 0.207065
v 0.029503 0.175446 0.227179
v 0.005403 0.187050 0.207065
v 0.030622 0.176565 0.227179
v -0.025797 0.171739 0.451611
v -0.036482 0.145942 -1.174509
v -0.025797 0.171739 -1.174509
v 0.036482 0.145943 0.451611
v 0.025797 0.171739 -1.174509
v 0.036482 0.145942 -1.174509
v -0.025797 0.120146 0.451611
v -0.025797 0.120145 -1.174509
v 0.025797 0.120146 0.451611
v 0.025797 0.120145 -1.174509
v 0.000000 0.109460 -1.174509
v 0.025797 0.171739 0.451611
v 0.000000 0.109461 0.451611
v -0.000000 0.034943 0.268743
v 0.016316 0.043002 0.267372
v 0.000000 0.036244 0.267372
v -0.017235 0.076553 0.268743
v -0.023074 0.059317 0.267371
v -0.016316 0.075633 0.267371
v 0.023074 0.059317 0.267371
v 0.017235 0.076553 0.268743
v 0.016316 0.075633 0.267371
v -0.017235 0.042082 0.268743
v -0.016316 0.043002 0.267371
v -0.000000 0.083691 0.268743
v 0.000000 0.082391 0.267371
v 0.017235 0.042082 0.268743
v -0.018521 0.040796 0.265588
v -0.026193 0.059317 0.262324
v -0.018521 0.040796 0.262324
v 0.000000 0.033125 0.265588
v 0.000000 0.033125 0.262324
v 0.021164 0.038153 0.265588
v 0.018521 0.040796 0.265588
v 0.000000 0.029387 0.262324
v 0.018521 0.040796 0.262324
v 0.029931 0.059317 0.265588
v 0.026193 0.059317 0.265588
v 0.029931 0.059317 0.262324
v 0.026193 0.059317 0.262324
v 0.021164 0.080482 0.265588
v 0.018521 0.077839 0.265588
v 0.021164 0.080482 0.262324
v 0.018521 0.077839 0.262324
v 0.000000 0.089248 0.265588
v 0.000000 0.085510 0.265588
v 0.000000 0.089248 0.262324
v 0.000000 0.085510 0.262324
v -0.018521 0.077839 0.265588
v -0.018521 0.077839 0.262324
v -0.026193 0.059317 0.265588
v -0.021164 0.080482 0.265588
v -0.021164 0.080482 0.262324
v -0.029931 0.059317 0.265588
v -0.029931 0.059317 0.262324
v -0.021164 0.038153 0.265588
v 0.000000 0.089248 0.260786
v 0.021164 0.080482 0.260786
v 0.029931 0.059317 0.260786
v 0.021164 0.038153 0.262324
v 0.021164 0.038153 0.260786
v 0.000000 0.029387 0.260786
v -0.021164 0.038153 0.260786
v -0.021164 0.038153 0.262324
v -0.029931 0.059317 0.260786
v 0.000000 0.089248 0.268743
v -0.021164 0.080482 0.260786
v -0.026002 0.059317 0.256671
v -0.018386 0.077704 0.256671
v -0.026002 0.059317 0.249030
v 0.026002 0.059317 0.256671
v 0.018386 0.077704 0.256671
v -0.000000 0.033315 0.256671
v -0.000000 0.085320 0.256671
v 0.018386 0.040931 0.256671
v -0.018386 0.040931 0.256671
v 0.016880 0.076197 0.249030
v -0.000000 0.083189 0.240271
v -0.000000 0.083189 0.249030
v -0.000000 0.033315 0.249030
v 0.026002 0.059317 0.249030
v -0.000000 0.085320 0.249030
v -0.018386 0.077704 0.249030
v -0.018386 0.040931 0.249030
v 0.018386 0.040931 0.249030
v 0.018386 0.077704 0.249030
v 0.023872 0.059317 0.249030
v 0.016880 0.042438 0.249030
v -0.000000 0.035446 0.249030
v -0.016880 0.042438 0.249030
v -0.023872 0.059317 0.249030
v -0.016880 0.076197 0.249030
v -0.016880 0.076197 0.240271
v -0.020291 0.059317 0.235095
v -0.023872 0.059317 0.240271
v -0.016880 0.042438 0.240271
v 0.016880 0.042438 0.240271
v 0.016880 0.076197 0.240271
v -0.000000 0.035446 0.240271
v 0.023872 0.059317 0.240271
v -0.014348 0.044969 0.235095
v -0.014348 0.073666 0.235095
v -0.000000 0.039026 0.235095
v 0.014348 0.044969 0.235095
v 0.020291 0.059317 0.235095
v -0.000000 0.079609 0.235095
v 0.014348 0.073666 0.235095
v 0.000000 0.029387 0.265588
v -0.021164 0.038153 0.268743
v -0.021164 0.080482 0.268743
v 0.029931 0.059317 0.268743
v 0.021164 0.038153 0.268743
v -0.029931 0.059317 0.268743
v 0.021164 0.080482 0.268743
v 0.000000 0.029387 0.268743
v -0.004821 0.058755 0.111715
v -0.011861 0.058755 0.196225
v 0.011861 0.058755 0.196225
v 0.004821 0.058755 0.111715
v 0.004821 0.058755 0.065937
v 0.004821 0.056058 0.065937
v -0.004821 0.053188 0.111715
v -0.004821 0.053188 0.065937
v -0.004821 0.056058 0.065937
v 0.011861 0.058755 0.065937
v 0.011861 0.056777 0.065937
v 0.006517 0.056777 0.065937
v 0.006517 0.053188 0.065937
v 0.004821 0.053188 0.065937
v 0.004821 0.053188 0.111715
v -0.006517 0.056777 0.073167
v -0.006517 0.056777 0.065937
v -0.006517 0.056058 0.065937
v 0.006517 0.056777 0.073167
v 0.011861 0.056777 0.073167
v 0.011861 0.056058 0.073167
v 0.009459 0.053188 0.073167
v 0.006517 0.053188 0.188285
v -0.006517 0.053188 0.188285
v 0.006517 0.056058 0.196225
v -0.006517 0.053188 0.196225
v 0.006517 0.053188 0.196225
v -0.011861 0.058755 0.065937
v -0.011861 0.056777 0.073167
v -0.011861 0.056777 0.188285
v 0.006517 0.056777 0.188285
v 0.011861 0.056777 0.196225
v 0.006517 0.056777 0.196225
v -0.004821 0.058755 0.065937
v -0.006517 0.056777 0.196225
v -0.009459 0.053188 0.073167
v -0.011861 0.056058 0.073167
v -0.011861 0.056777 0.065937
v -0.006517 0.056777 0.188285
v -0.011861 0.056058 0.188285
v -0.009459 0.053188 0.188285
v -0.006517 0.056058 0.196225
v 0.006517 0.053188 0.073167
v 0.006517 0.056058 0.065937
v -0.006517 0.053188 0.065937
v 0.011861 0.056777 0.188285
v 0.009459 0.053188 0.188285
v 0.011861 0.056058 0.188285
v -0.011861 0.056777 0.196225
v -0.026193 0.095090 0.044429
v 0.026193 0.096489 0.041052
v 0.026193 0.095090 0.044429
v -0.026193 0.096489 0.047807
v 0.026193 0.096489 0.047807
v -0.026193 0.099866 0.049205
v 0.026193 0.099866 0.049205
v -0.026193 0.103244 0.047807
v 0.026193 0.103244 0.047807
v -0.026193 0.104643 0.044429
v 0.026193 0.104643 0.044429
v -0.026193 0.103244 0.041052
v 0.026193 0.103244 0.041052
v 0.027748 0.102262 0.042034
v -0.026193 0.099866 0.039653
v 0.026193 0.099866 0.039653
v -0.026193 0.099867 0.071725
v 0.026193 0.096489 0.070326
v 0.026193 0.099867 0.071725
v 0.027748 0.096479 0.044429
v 0.027748 0.099866 0.041042
v 0.027748 0.103254 0.044429
v 0.027748 0.097471 0.042034
v 0.027748 0.102262 0.046824
v 0.027748 0.097471 0.046824
v 0.027748 0.099867 0.047816
v -0.027748 0.102262 0.042034
v -0.027748 0.103254 0.044429
v -0.027748 0.099866 0.041042
v -0.027748 0.097471 0.042034
v -0.026193 0.096489 0.041052
v -0.027748 0.102262 0.046824
v -0.027748 0.097471 0.046824
v -0.026193 0.096489 0.070326
v 0.026193 0.095090 0.066949
v -0.026193 0.095090 0.066949
v 0.026193 0.096489 0.063571
v -0.026193 0.096489 0.063571
v 0.026193 0.099867 0.062173
v -0.026193 0.099867 0.062173
v 0.026193 0.103244 0.063571
v -0.026193 0.103244 0.063571
v 0.026193 0.104643 0.066949
v -0.026193 0.104643 0.066949
v 0.026193 0.103244 0.070326
v 0.027748 0.102262 0.069344
v -0.026193 0.103244 0.070326
v 0.027748 0.103254 0.066949
v 0.027748 0.099867 0.070336
v 0.027748 0.097471 0.069344
v 0.027748 0.102262 0.064554
v 0.027748 0.097471 0.064554
v -0.027748 0.102262 0.069344
v -0.027748 0.096479 0.066949
v -0.027748 0.099867 0.070336
v -0.027748 0.103254 0.066949
v -0.027748 0.097471 0.069344
v -0.027748 0.102262 0.064554
v -0.027748 0.097471 0.064554
v -0.027748 0.099867 0.063562
v -0.026193 0.103244 0.224147
v -0.024285 0.099867 0.222748
v -0.026193 0.099867 0.222748
v -0.026193 0.096489 0.230902
v -0.024285 0.095090 0.227525
v -0.024285 0.096489 0.230902
v -0.026193 0.103244 0.203342
v -0.027748 0.103254 0.206719
v -0.026193 0.104643 0.206719
v -0.027748 0.096479 0.206719
v -0.027748 0.099867 0.210107
v -0.026193 0.096489 0.203342
v -0.026193 0.095090 0.206719
v -0.027748 0.102262 0.209114
v -0.026193 0.099867 0.211496
v -0.026193 0.103244 0.210097
v -0.026193 0.099867 0.201943
v -0.027748 0.102262 0.204324
v -0.027748 0.097472 0.204324
v -0.026193 0.096489 0.210097
v -0.027748 0.097472 0.209114
v -0.026193 0.099867 0.232301
v -0.024285 0.099867 0.232301
v -0.024285 0.104643 0.206719
v -0.026193 0.103244 0.230902
v -0.024285 0.104643 0.227524
v -0.026193 0.104643 0.227525
v -0.024285 0.103244 0.210097
v -0.024285 0.099867 0.201943
v -0.024285 0.099867 0.211496
v -0.024285 0.103244 0.230902
v -0.024285 0.095090 0.206720
v -0.024285 0.096489 0.210097
v -0.024285 0.096489 0.203342
v -0.026193 0.096489 0.224147
v -0.026193 0.095090 0.227524
v -0.024285 0.103244 0.203342
v -0.024285 0.096489 0.224147
v -0.024285 0.103244 0.224147
v -0.027748 0.103254 0.227525
v -0.027748 0.102262 0.229919
v -0.027748 0.097472 0.225129
v -0.027748 0.096479 0.227525
v -0.027748 0.102262 0.225129
v -0.027748 0.099867 0.230912
v -0.027748 0.097472 0.229919
v -0.027748 0.099867 0.224137
v -0.013839 0.100585 0.112047
v -0.015598 0.105091 0.108278
v -0.012329 0.103215 0.112047
v -0.029217 0.112907 0.112047
v -0.027458 0.108401 0.108278
v -0.030726 0.110277 0.112047
v -0.013839 0.100585 0.170566
v -0.015598 0.105091 0.174335
v -0.017107 0.102461 0.174335
v -0.029217 0.112907 0.170566
v -0.027458 0.108401 0.174335
v -0.025948 0.111031 0.174335
v -0.022282 0.105431 0.168539
v -0.024896 0.106931 0.167291
v -0.019669 0.103931 0.121349
v -0.022282 0.105431 0.114074
v -0.017107 0.102461 0.108278
v -0.019669 0.103931 0.115322
v -0.025948 0.111031 0.108278
v -0.019669 0.103931 0.161264
v -0.022713 0.104680 0.160015
v -0.022282 0.105431 0.160015
v -0.018586 0.103310 0.164277
v -0.020100 0.103180 0.161263
v -0.020100 0.103180 0.167291
v -0.019669 0.103931 0.167291
v -0.022713 0.104680 0.168539
v -0.025327 0.106180 0.167291
v -0.026410 0.106802 0.164277
v -0.025979 0.107553 0.164277
v -0.024896 0.106931 0.161263
v -0.019017 0.102559 0.164277
v -0.022713 0.104680 0.122597
v -0.022282 0.105431 0.122597
v -0.020100 0.103180 0.121349
v -0.018586 0.103310 0.118335
v -0.020100 0.103180 0.115322
v -0.019017 0.102559 0.118335
v -0.022713 0.104680 0.114074
v -0.024896 0.106931 0.115322
v -0.026410 0.106802 0.118335
v -0.025327 0.106180 0.115322
v -0.024896 0.106931 0.121349
v -0.025979 0.107552 0.118335
v -0.025327 0.106180 0.121349
v 0.050677 0.176062 0.045817
v 0.028306 0.194807 0.046879
v 0.030119 0.196620 0.045817
v 0.048864 0.174249 0.046879
v 0.027555 0.194056 0.049443
v 0.048113 0.173498 0.049443
v 0.028306 0.194807 0.052007
v 0.050677 0.176062 0.053069
v 0.030119 0.196620 0.053069
v 0.052490 0.177875 0.052007
v 0.031932 0.198433 0.052007
v 0.053241 0.178626 0.049443
v 0.032683 0.199184 0.049443
v 0.048864 0.174249 0.052007
v 0.052490 0.177875 0.046879
v 0.031932 0.198433 0.046879
v 0.050677 0.176062 0.318138
v 0.028306 0.194807 0.319200
v 0.030119 0.196620 0.318138
v 0.048864 0.174249 0.319200
v 0.027555 0.194056 0.321764
v 0.048113 0.173498 0.321764
v 0.028306 0.194807 0.324328
v 0.050677 0.176062 0.325390
v 0.030119 0.196620 0.325390
v 0.052490 0.177875 0.324328
v 0.031932 0.198433 0.324328
v 0.053241 0.178626 0.321764
v 0.032683 0.199184 0.321764
v 0.052490 0.177875 0.319200
v 0.031932 0.198433 0.319200
v 0.015862 0.179802 0.327001
v 0.028588 0.174531 0.035277
v 0.012272 0.181289 0.076101
v 0.000000 0.186373 0.295530
v 0.012272 0.181289 0.295530
v 0.040430 0.145942 0.035277
v 0.040430 0.145943 -0.285828
v 0.036316 0.136009 -1.109027
v 0.028588 0.117354 0.235320
v 0.028588 0.117354 -0.550108
v 0.024457 0.115643 0.035277
v 0.003512 0.106967 -0.308765
v 0.003512 0.106967 -0.522417
v 0.024548 0.115680 0.198924
v -0.003512 0.106967 -0.285828
v -0.022683 0.114908 -0.007984
v -0.024457 0.115643 0.035277
v -0.020381 0.113954 0.035277
v -0.028588 0.117354 -1.089442
v -0.020832 0.114141 -1.089442
v -0.024158 0.115519 0.076101
v -0.024158 0.115519 0.198924
v -0.020832 0.114141 -1.109027
v -0.029602 0.119801 0.175887
v -0.028588 0.174531 0.198924
v -0.036482 0.145943 0.451611
v -0.029503 0.116440 0.327001
v 0.029503 0.175446 0.198924
v 0.029503 0.116439 0.235320
v -0.024842 0.114509 0.198924
v -0.012627 0.110613 0.076101
v 0.029503 0.175446 0.035277
v 0.032800 0.167486 0.054797
v -0.024842 0.114509 0.035277
v 0.012627 0.096554 0.036454
v 0.012627 0.093417 0.039439
v -0.012627 0.093417 0.071939
v 0.053518 0.181463 0.047158
v 0.012627 0.044065 0.202342
v -0.012627 0.058431 0.067755
v 0.012627 0.058431 0.067755
v 0.016789 0.094549 -0.062087
v 0.029503 0.116439 -0.522417
v -0.017992 0.106053 -0.285828
v -0.024374 0.059317 0.268743
v 0.024374 0.059317 0.268743
v -0.006517 0.053188 0.073167
v -0.027748 0.096479 0.044429
v -0.027748 0.099867 0.047816
v 0.027748 0.096479 0.066949
v 0.027748 0.099867 0.063562
v -0.027748 0.099867 0.203332
v -0.012329 0.103215 0.170566
v -0.030726 0.110277 0.170566
v -0.025327 0.106180 0.161263
v 0.048864 0.174249 0.324328
v 0.023065 0.090527 -0.308114
v 0.028752 0.098045 -0.300595
v 0.023065 0.098045 -0.300595
v 0.023065 0.071125 -0.281023
v 0.028752 0.063607 -0.288542
v 0.023065 0.063607 -0.288542
v 0.028752 0.063607 -0.300595
v 0.023065 0.063607 -0.300595
v 0.023065 0.090527 -0.281023
v 0.028752 0.071125 -0.308114
v 0.023065 0.071125 -0.308114
v 0.005750 0.022367 0.014066
v -0.005750 0.065972 0.014066
v -0.005750 0.022367 0.014066
v 0.005750 0.021078 0.025673
v 0.005750 0.039422 0.029327
v 0.005750 0.012543 0.027763
v 0.005750 0.065972 0.034842
v 0.005750 0.065972 0.014066
v 0.009772 0.036728 -0.033385
v 0.013286 0.024445 -0.018916
v 0.009772 0.022989 -0.022351
v 0.009243 0.010436 0.028280
v 0.009772 0.021078 0.025673
v -0.009772 0.011232 -0.023086
v -0.013286 -0.055819 -0.038458
v -0.013286 0.011130 -0.019643
v -0.009772 0.022989 -0.022351
v 0.009772 0.011232 -0.023086
v -0.005750 0.021078 0.025673
v -0.009772 0.039422 0.029327
v -0.009772 0.021078 0.025673
v -0.009772 0.049750 0.033470
v -0.005750 0.039422 0.029327
v -0.005750 0.049750 0.033470
v -0.009772 0.036728 -0.033385
v 0.009772 0.044805 -0.045918
v 0.009772 -0.064132 0.002297
v -0.009772 -0.056914 0.011178
v -0.009772 -0.064132 0.002297
v 0.009243 -0.001903 0.026890
v -0.009243 -0.001903 0.026890
v -0.009772 -0.064132 -0.035105
v 0.009772 -0.055352 -0.041828
v 0.009772 -0.064132 -0.035105
v -0.009772 -0.055352 -0.041828
v -0.013286 -0.061464 -0.033614
v -0.013286 -0.057885 -0.034965
v -0.013286 0.040259 -0.031126
v -0.013286 0.044805 -0.038964
v 0.011947 0.044805 -0.041128
v -0.013286 0.024445 -0.018916
v 0.013286 0.011130 -0.019643
v 0.013286 -0.055819 -0.038458
v -0.013286 -0.061328 -0.000215
v 0.013286 -0.061328 -0.000215
v 0.013286 -0.055449 0.008014
v 0.009772 -0.056914 0.011178
v -0.013286 -0.055449 0.008014
v -0.013286 0.006439 0.025276
v 0.013286 0.006439 0.025276
v 0.009772 0.006412 0.029265
v -0.013286 0.020874 0.021884
v -0.013286 0.039390 0.025501
v 0.013286 0.039390 0.025501
v 0.009772 0.039422 0.029327
v -0.013286 0.049750 0.029802
v 0.013286 0.049750 0.029802
v -0.005530 0.005872 0.039491
v -0.009243 0.001191 0.034526
v -0.005530 0.000907 0.039491
v -0.009243 0.006156 0.034526
v -0.009243 0.010436 0.028280
v 0.009243 0.001191 0.034526
v 0.005530 0.005872 0.039491
v 0.005530 0.000907 0.039491
v 0.009243 0.006156 0.034526
v -0.009243 0.006412 0.029265
v 0.009243 0.006412 0.029265
v 0.028752 0.044104 -0.295778
v -0.028752 0.073958 -0.314207
v 0.028752 0.073958 -0.314207
v -0.028752 0.097939 -0.337593
v 0.028752 0.105527 -0.337593
v 0.028752 0.097939 -0.337593
v -0.028752 -0.016267 -0.277977
v 0.028752 -0.011247 -0.282997
v 0.028752 -0.016267 -0.277977
v -0.028752 -0.016267 -0.127812
v 0.028752 0.090527 -0.308114
v -0.028752 0.016442 -0.286745
v -0.028752 -0.011247 -0.282997
v 0.028752 0.016442 -0.286745
v -0.028752 0.044104 -0.295778
v -0.015264 0.027216 -0.083303
v 0.015264 0.027216 -0.083303
v -0.015264 0.049750 -0.010735
v -0.015264 0.063496 -0.018140
v -0.015264 0.044805 -0.014432
v -0.019209 0.056324 -0.083303
v -0.027156 0.063496 -0.083303
v -0.028752 0.027216 -0.083303
v 0.013286 0.044805 -0.014432
v 0.015264 0.049750 -0.009488
v 0.013286 0.049750 -0.009488
v -0.013286 0.049750 -0.009488
v -0.015264 0.049750 -0.009488
v 0.015264 0.044805 -0.057471
v 0.015264 0.035403 -0.074922
v 0.015264 0.056324 -0.073989
v -0.009772 0.044805 -0.045918
v -0.015264 0.044805 -0.057471
v -0.015264 0.035403 -0.074922
v 0.019209 0.056324 -0.083303
v 0.028752 0.027216 -0.083303
v 0.027156 0.063496 -0.083303
v -0.028752 0.105527 -0.083303
v 0.019209 0.063496 -0.070314
v 0.019498 0.063496 -0.018140
v -0.019209 0.063496 -0.070314
v -0.019498 0.063496 -0.018140
v -0.027156 0.092913 -0.034952
v -0.027156 0.105527 -0.025732
v -0.027156 0.105527 -0.058068
v -0.027156 0.080732 -0.062906
v -0.027156 0.080732 -0.072560
v 0.028315 0.105527 -0.014661
v 0.023626 0.096904 -0.004497
v 0.028315 0.096904 -0.004497
v -0.028315 0.096904 -0.004497
v -0.023626 0.105527 -0.014661
v -0.028315 0.105527 -0.014661
v -0.019498 0.096903 0.020193
v -0.019498 0.096903 0.027997
v -0.012637 0.096903 0.024205
v 0.019498 0.096903 0.020193
v 0.022923 0.096904 0.009484
v 0.012637 0.096903 0.024205
v 0.027156 0.086399 -0.034952
v 0.027156 0.080732 -0.020401
v 0.027156 0.080732 -0.062906
v 0.027156 0.105527 -0.058068
v 0.027156 0.105527 -0.025732
v 0.027156 0.092913 -0.034952
v -0.027156 0.063496 -0.002150
v -0.021522 0.080322 0.005729
v -0.027156 0.080322 -0.002150
v 0.027156 0.080322 -0.002150
v 0.021522 0.063496 0.005729
v 0.027156 0.063496 -0.002150
v -0.019498 0.049750 -0.010735
v 0.019498 0.049750 -0.010735
v 0.015264 0.063496 -0.018140
v 0.012637 0.090678 0.051848
v 0.019498 0.084324 0.058202
v 0.019498 0.090678 0.051848
v 0.019498 0.071033 0.012007
v 0.019498 0.063496 0.009599
v 0.019498 0.081804 0.009599
v -0.019498 0.081804 0.009599
v -0.019498 0.063496 0.009599
v -0.019498 0.066163 0.017146
v 0.019498 0.090678 0.027997
v 0.012637 0.090678 0.027997
v 0.012637 0.090678 0.034842
v -0.019498 0.090678 0.051848
v -0.012637 0.090678 0.051848
v -0.012637 0.090678 0.034842
v 0.012637 0.096903 0.027997
v -0.019498 0.090678 0.027997
v -0.012637 0.096903 0.027997
v -0.021522 0.085838 0.009599
v 0.021522 0.085838 0.009599
v 0.019209 0.059999 -0.070314
v 0.019209 0.056324 -0.073989
v -0.019209 0.059999 -0.070314
v -0.015264 0.056324 -0.073989
v -0.015264 0.059999 -0.070314
v -0.015264 0.056324 -0.083303
v -0.019209 0.056324 -0.073989
v 0.015264 0.059999 -0.070314
v 0.015264 0.063496 -0.070314
v -0.015264 0.063496 -0.070314
v 0.019209 0.063496 -0.083303
v -0.027156 0.085118 -0.058068
v -0.028315 0.080732 -0.062906
v 0.027156 0.085118 -0.077397
v 0.028315 0.080732 -0.072560
v 0.027156 0.080732 -0.072560
v 0.028315 0.085118 -0.058068
v 0.028315 0.080732 -0.062906
v 0.028315 0.096904 -0.003587
v 0.028315 0.085118 -0.003587
v 0.027156 0.085118 -0.025732
v 0.028315 0.080732 -0.020401
v 0.027156 0.105527 -0.077397
v 0.028315 0.085118 -0.077397
v 0.028315 0.080732 -0.008919
v 0.027156 0.080732 -0.008919
v 0.027156 0.085118 -0.003587
v 0.027156 0.096904 -0.003587
v 0.027156 0.085118 -0.058068
v 0.028315 0.105527 -0.058068
v -0.027156 0.096904 -0.003587
v -0.027156 0.096904 0.009484
v -0.023626 0.096904 0.008477
v 0.023626 0.096904 0.008477
v 0.028315 0.085118 -0.025732
v -0.028315 0.105527 -0.058068
v -0.028315 0.105527 -0.077397
v -0.028315 0.085118 -0.077397
v -0.028315 0.080732 -0.020401
v -0.028315 0.080732 -0.008919
v -0.028315 0.080732 -0.072560
v -0.027156 0.085118 -0.025732
v -0.028315 0.105527 -0.025732
v -0.027156 0.085118 -0.077397
v -0.027156 0.080732 -0.020401
v -0.028315 0.085118 -0.025732
v -0.027156 0.105527 -0.077397
v -0.027156 0.080732 -0.008919
v -0.027156 0.085118 -0.003587
v -0.028315 0.085118 -0.003587
v -0.028315 0.085118 -0.058068
v -0.019498 0.084324 0.058202
v -0.012637 0.084324 0.058202
v 0.005750 0.049750 0.033470
v 0.009772 0.049750 0.033470
v 0.015264 0.049750 -0.010735
v -0.015122 -0.059454 -0.028692
v -0.013286 -0.058192 -0.029992
v -0.013286 -0.059454 -0.028692
v -0.015122 0.013048 -0.013237
v -0.013286 0.009845 -0.016696
v -0.015122 0.009845 -0.016696
v -0.015122 -0.053903 0.006014
v -0.013286 -0.055876 0.003603
v -0.013286 -0.053903 0.006014
v -0.015122 0.009460 0.022706
v -0.013286 0.015367 0.020537
v -0.015122 0.015367 0.020537
v 0.015122 -0.059454 -0.028692
v 0.013286 -0.059454 -0.002012
v 0.013286 -0.059454 -0.028692
v -0.015122 0.009412 0.017109
v -0.015122 0.010595 0.019965
v 0.015122 -0.053903 0.006014
v 0.013286 0.003605 0.022596
v 0.013286 -0.053903 0.006014
v 0.015122 0.015367 -0.007733
v 0.013286 0.015367 0.020537
v 0.015122 0.015367 0.020537
v 0.015122 0.009845 -0.016696
v 0.013286 -0.051896 -0.034300
v 0.013286 0.009845 -0.016696
v -0.013286 0.019175 -0.014235
v 0.013286 0.020358 -0.011378
v -0.013286 0.020358 -0.011378
v 0.015122 -0.052066 -0.000342
v -0.015122 -0.053250 0.002515
v -0.015122 -0.052066 -0.000342
v 0.015122 0.013462 -0.008522
v -0.015122 0.012278 -0.011378
v -0.015122 0.013462 -0.008522
v 0.015122 0.006555 0.015926
v -0.015122 0.006555 0.015926
v -0.015122 -0.059454 -0.002012
v -0.013286 -0.059454 -0.002012
v -0.015122 -0.052172 -0.029252
v 0.015122 -0.055029 -0.028069
v -0.015122 -0.055029 -0.028069
v 0.015122 -0.053250 -0.003198
v -0.015122 -0.053250 -0.003198
v 0.013286 0.009460 0.022706
v 0.015122 0.009412 0.017109
v 0.015122 0.002516 0.019965
v -0.013286 0.003605 0.022596
v 0.013286 -0.056106 0.003698
v -0.013286 -0.058963 0.002515
v -0.013286 -0.056106 0.003698
v 0.015122 -0.058963 -0.003199
v -0.015122 -0.056106 -0.004382
v -0.015122 -0.058963 -0.003199
v -0.013286 -0.051896 -0.034300
v 0.015122 -0.050989 -0.032109
v -0.015122 -0.050989 -0.032109
v 0.015122 -0.052172 -0.029252
v -0.013286 0.019175 -0.008522
v 0.013286 0.016318 -0.007339
v -0.013286 0.016318 -0.007339
v 0.015122 0.003699 0.017109
v -0.015122 0.003699 0.017109
v -0.013286 0.003699 0.022822
v 0.015122 0.010595 0.019965
v -0.015122 -0.051896 -0.034300
v -0.015122 -0.057885 -0.029252
v 0.013286 -0.058192 -0.029992
v -0.015122 0.015367 -0.007733
v -0.013286 0.015367 -0.007733
v -0.013286 0.009460 0.022706
v 0.015122 0.013048 -0.013237
v 0.013286 0.013048 -0.013237
v 0.013286 -0.060146 -0.000342
v 0.013286 -0.060040 -0.000597
v -0.015122 0.002516 0.019965
v 0.013286 -0.055876 0.003603
v 0.013286 -0.055029 -0.036149
v -0.013286 -0.055029 -0.036149
v 0.013286 -0.059068 -0.032109
v -0.013286 -0.059068 -0.032109
v 0.013286 -0.052172 -0.034965
v -0.013286 0.006963 0.023836
v -0.013286 0.009412 0.022822
v 0.013286 0.009412 0.022822
v 0.015122 -0.056106 -0.004382
v -0.013286 0.013048 -0.013237
v 0.015122 0.012278 -0.011378
v 0.013286 0.015367 -0.007733
v 0.015122 -0.055876 0.003603
v 0.015122 -0.058192 -0.029992
v 0.013286 -0.058963 0.002515
v -0.013286 -0.060146 -0.000342
v 0.013286 0.016318 -0.015418
v -0.013286 0.016318 -0.015418
v -0.013286 -0.052172 -0.034965
v -0.013286 0.006555 0.024005
v 0.013286 0.003699 0.022822
v -0.013286 0.013462 -0.014235
v 0.019498 0.066163 0.058202
v 0.012637 0.084324 0.058202
v 0.012637 0.066163 0.058202
v 0.019498 0.063496 -0.002150
v -0.021522 0.063496 0.009599
v -0.021522 0.063496 0.005729
v 0.021522 0.063496 0.009599
v 0.021522 0.080322 0.005729
v -0.012637 0.066163 0.058202
v -0.019498 0.066163 0.058202
v -0.012637 0.067583 0.034842
v -0.012637 0.049750 0.034842
v -0.005750 0.049750 0.034842
v -0.023626 0.105527 -0.078213
v -0.023626 0.091068 -0.051811
v -0.023626 0.088243 -0.051811
v -0.023626 0.088243 -0.033107
v -0.023626 0.096904 -0.004497
v -0.023626 0.067583 -0.011910
v -0.023626 0.067583 -0.078213
v 0.023626 0.105527 -0.078213
v 0.023626 0.105527 -0.014661
v 0.023626 0.091068 -0.033107
v 0.023626 0.067583 -0.078213
v 0.023626 0.086399 -0.049966
v 0.023626 0.088243 -0.051811
v -0.012637 0.090678 0.027997
v 0.023626 0.067583 -0.011910
v 0.012637 0.067583 0.003817
v -0.012637 0.067583 0.003817
v 0.012637 0.067583 0.034842
v -0.005750 0.065972 0.034842
v 0.012637 0.066163 0.036908
v 0.027156 0.088243 -0.051811
v 0.027156 0.086399 -0.049966
v -0.027156 0.088243 -0.051811
v -0.023626 0.086399 -0.049966
v -0.027156 0.092913 -0.049966
v -0.023626 0.092913 -0.049966
v 0.023626 0.092913 -0.049966
v 0.027156 0.091068 -0.051811
v 0.027156 0.092913 -0.049966
v -0.027156 0.086399 -0.034952
v -0.023626 0.086399 -0.034952
v 0.023626 0.088243 -0.033107
v 0.027156 0.088243 -0.033107
v 0.023626 0.092419 -0.034457
v 0.023626 0.092913 -0.034952
v -0.027156 0.091068 -0.033107
v -0.023626 0.092913 -0.034952
v -0.023626 0.091068 -0.033107
v -0.027156 0.086399 -0.049966
v 0.023626 0.086399 -0.034952
v 0.027156 0.091068 -0.033107
v -0.027156 0.088243 -0.033107
v -0.027156 0.091068 -0.051811
v 0.023626 0.091068 -0.051811
v 0.023065 0.098045 -0.288542
v 0.028752 0.098045 -0.288542
v 0.028752 0.090527 -0.281023
v 0.028752 0.071125 -0.281023
v 0.028752 -0.016267 -0.127812
v 0.029737 0.054930 -0.293094
v 0.027690 0.050326 -0.291187
v 0.027690 0.054930 -0.293094
v 0.029737 0.050326 -0.291187
v 0.027690 0.048419 -0.286583
v 0.029737 0.050326 -0.281979
v 0.027690 0.050326 -0.281979
v 0.029737 0.054930 -0.280072
v 0.027690 0.054930 -0.280072
v 0.027690 0.059534 -0.281979
v 0.029737 0.059534 -0.281979
v 0.027690 0.061441 -0.286583
v 0.029737 0.061441 -0.286583
v 0.027690 0.059534 -0.291187
v 0.029737 0.059534 -0.291187
v 0.034323 0.082521 -0.248931
v 0.029919 0.082521 -0.252598
v 0.029919 0.082521 -0.248931
v 0.029919 0.082521 -0.240255
v 0.029919 0.090440 -0.237237
v 0.029919 0.082521 -0.237237
v 0.029919 0.070242 -0.248931
v 0.029919 0.057894 -0.252598
v 0.029919 0.070242 -0.252598
v 0.029919 0.082521 -0.246042
v 0.029919 0.092980 -0.243025
v 0.029919 0.082521 -0.243025
v 0.031949 0.092980 -0.246042
v 0.029919 0.092980 -0.246042
v 0.033737 0.082521 -0.243025
v 0.034082 0.082521 -0.244625
v 0.032747 0.086892 -0.240255
v 0.031980 0.090440 -0.240255
v 0.029919 0.090440 -0.240255
v 0.032486 0.082521 -0.237237
v 0.033138 0.082521 -0.240255
v 0.029919 0.090440 -0.264291
v 0.029919 0.082521 -0.261274
v 0.029919 0.082521 -0.264291
v 0.029919 0.092980 -0.258503
v 0.029919 0.082521 -0.255486
v 0.029919 0.082521 -0.258503
v 0.031949 0.092980 -0.255486
v 0.034209 0.082521 -0.255486
v 0.034082 0.082521 -0.256903
v 0.033737 0.082521 -0.258503
v 0.029919 0.090440 -0.261274
v 0.031980 0.090440 -0.261274
v 0.032747 0.086892 -0.261274
v 0.032486 0.082521 -0.264291
v 0.029919 0.062323 -0.237237
v 0.029919 0.070242 -0.240255
v 0.029919 0.070242 -0.237237
v 0.031901 0.057894 -0.251464
v 0.031601 0.057894 -0.252598
v 0.029919 0.059784 -0.243025
v 0.029919 0.070242 -0.246042
v 0.029919 0.070242 -0.243025
v 0.031949 0.059784 -0.246042
v 0.034209 0.070242 -0.246042
v 0.034082 0.070242 -0.244624
v 0.033737 0.070242 -0.243025
v 0.029919 0.062323 -0.240255
v 0.031980 0.062323 -0.240255
v 0.032747 0.065873 -0.240255
v 0.032486 0.070242 -0.237237
v 0.029919 0.070242 -0.261274
v 0.029919 0.062323 -0.264291
v 0.029919 0.070242 -0.264291
v 0.029919 0.070242 -0.255486
v 0.029919 0.059784 -0.258503
v 0.029919 0.070242 -0.258503
v 0.031949 0.059784 -0.255486
v 0.029919 0.059784 -0.255486
v 0.033737 0.070242 -0.258503
v 0.034082 0.070242 -0.256904
v 0.032747 0.065873 -0.261274
v 0.031980 0.062323 -0.261274
v 0.029919 0.062323 -0.261274
v 0.032486 0.070242 -0.264291
v 0.033138 0.070242 -0.261274
v 0.029919 0.094870 -0.252598
v 0.027709 0.051648 -0.270534
v 0.029655 0.056612 -0.275498
v 0.029655 0.051648 -0.270534
v 0.029655 0.101116 -0.270534
v 0.027709 0.096152 -0.275498
v 0.027709 0.101116 -0.270534
v 0.029655 0.051648 -0.230994
v 0.027709 0.056612 -0.226030
v 0.027709 0.051648 -0.230994
v 0.027709 0.101116 -0.230994
v 0.029655 0.096152 -0.226030
v 0.029655 0.101116 -0.230994
v 0.029655 0.056612 -0.226030
v 0.027709 0.056612 -0.275498
v 0.029655 0.098677 -0.250764
v 0.029655 0.092147 -0.235000
v 0.029655 0.054088 -0.250764
v 0.029655 0.060618 -0.235000
v 0.034323 0.076382 -0.258333
v 0.031901 0.057604 -0.250764
v 0.031964 0.057894 -0.250764
v 0.031901 0.057894 -0.250064
v 0.034323 0.076382 -0.243196
v 0.031901 0.095160 -0.250764
v 0.031964 0.094870 -0.250764
v 0.031901 0.094870 -0.251466
v 0.031901 0.089060 -0.264291
v 0.031901 0.076382 -0.269542
v 0.029655 0.076382 -0.273059
v 0.031602 0.094870 -0.252598
v 0.031246 0.092980 -0.258503
v 0.031901 0.089060 -0.237237
v 0.029655 0.076382 -0.228470
v 0.031901 0.063705 -0.237237
v 0.031901 0.076382 -0.231986
v 0.031601 0.057894 -0.248931
v 0.031246 0.059784 -0.243025
v 0.031246 0.059784 -0.258503
v 0.031901 0.063705 -0.264291
v 0.031676 0.062855 -0.264291
v 0.029655 0.060618 -0.266529
v 0.031901 0.059784 -0.245502
v 0.033138 0.070242 -0.240255
v 0.034323 0.070242 -0.252598
v 0.034323 0.082521 -0.252598
v 0.031901 0.058364 -0.248931
v 0.034323 0.069573 -0.248931
v 0.031676 0.089909 -0.237237
v 0.031676 0.089909 -0.264291
v 0.031246 0.092980 -0.243025
v 0.031602 0.094870 -0.248931
v 0.031901 0.091955 -0.258503
v 0.033593 0.084121 -0.258503
v 0.031901 0.094401 -0.248931
v 0.034323 0.083191 -0.248931
v 0.031337 0.090440 -0.264291
v 0.031901 0.090440 -0.262160
v 0.031901 0.091955 -0.243025
v 0.033593 0.084121 -0.243025
v 0.031901 0.090440 -0.239369
v 0.033138 0.082521 -0.261274
v 0.031336 0.062323 -0.237237
v 0.031901 0.062323 -0.239371
v 0.033593 0.068643 -0.258503
v 0.031901 0.060810 -0.258503
v 0.034209 0.070242 -0.255486
v 0.034323 0.071030 -0.256116
v 0.034323 0.069573 -0.252598
v 0.031901 0.094401 -0.252598
v 0.034323 0.083191 -0.252598
v 0.031676 0.062855 -0.237237
v 0.031901 0.062323 -0.262157
v 0.031901 0.060810 -0.243025
v 0.031901 0.094870 -0.250062
v 0.029919 0.094870 -0.248931
v 0.031901 0.092980 -0.245500
v 0.031901 0.059784 -0.256026
v 0.031901 0.092980 -0.256029
v 0.034209 0.082521 -0.246042
v 0.034323 0.081734 -0.245412
v 0.033593 0.068643 -0.243025
v 0.034323 0.070242 -0.248931
v 0.031901 0.058364 -0.252598
v 0.030414 0.057033 -0.273564
v 0.029400 0.054680 -0.272589
v 0.029400 0.057033 -0.273564
v 0.030414 0.054680 -0.272589
v 0.029400 0.053705 -0.270236
v 0.030414 0.053705 -0.270236
v 0.029400 0.054680 -0.267882
v 0.030414 0.054680 -0.267882
v 0.029400 0.057033 -0.266907
v 0.030414 0.057033 -0.266907
v 0.029400 0.059387 -0.267882
v 0.030414 0.059387 -0.267882
v 0.029400 0.060362 -0.270236
v 0.030414 0.060362 -0.270236
v 0.029400 0.059387 -0.272589
v 0.030414 0.059387 -0.272589
v 0.029400 0.054680 -0.228939
v 0.030414 0.057033 -0.227964
v 0.029400 0.057033 -0.227964
v 0.029400 0.053705 -0.231293
v 0.030414 0.054680 -0.228939
v 0.029400 0.054680 -0.233646
v 0.030414 0.053705 -0.231293
v 0.029400 0.057033 -0.234621
v 0.030414 0.054680 -0.233646
v 0.029400 0.059387 -0.233646
v 0.030414 0.057033 -0.234621
v 0.029400 0.060362 -0.231293
v 0.030414 0.059387 -0.233646
v 0.030414 0.059387 -0.228939
v 0.029400 0.059387 -0.228939
v 0.030414 0.060362 -0.231293
v 0.029400 0.098085 -0.272589
v 0.030414 0.095731 -0.273564
v 0.029400 0.095731 -0.273564
v 0.029400 0.099060 -0.270236
v 0.030414 0.098085 -0.272589
v 0.029400 0.098085 -0.267882
v 0.030414 0.099060 -0.270236
v 0.029400 0.095731 -0.266907
v 0.030414 0.098085 -0.267882
v 0.029400 0.093378 -0.267882
v 0.030414 0.095731 -0.266907
v 0.029400 0.092403 -0.270236
v 0.030414 0.093378 -0.267882
v 0.030414 0.093378 -0.272589
v 0.029400 0.093378 -0.272589
v 0.030414 0.092403 -0.270236
v 0.030414 0.095731 -0.227964
v 0.029400 0.098085 -0.228939
v 0.029400 0.095731 -0.227964
v 0.030414 0.098085 -0.228939
v 0.029400 0.099060 -0.231293
v 0.030414 0.099060 -0.231293
v 0.029400 0.098085 -0.233646
v 0.030414 0.098085 -0.233646
v 0.029400 0.095731 -0.234621
v 0.030414 0.095731 -0.234621
v 0.029400 0.093378 -0.233646
v 0.030414 0.093378 -0.233646
v 0.029400 0.092403 -0.231293
v 0.030414 0.092403 -0.231293
v 0.029400 0.093378 -0.228939
v 0.030414 0.093378 -0.228939
v 0.005750 0.049750 0.034842
v -0.005750 0.012543 0.027763
v 0.013286 0.040259 -0.031126
v -0.009772 0.006412 0.029265
v -0.013286 0.049750 0.017146
v -0.013286 0.044805 -0.014432
v -0.013286 -0.060040 -0.000597
v -0.011607 0.044805 -0.042951
v 0.013286 0.044805 -0.038964
v 0.013286 -0.061464 -0.033614
v 0.013286 0.020874 0.021884
v -0.028752 0.105527 -0.337593
v 0.028752 0.105527 -0.083303
v -0.019209 0.063496 -0.083303
v -0.027156 0.105527 -0.083303
v 0.015264 0.044805 -0.014432
v 0.015264 0.056324 -0.083303
v 0.027156 0.105527 -0.083303
v -0.019498 0.063496 -0.002150
v -0.022923 0.096904 0.009484
v 0.019498 0.096903 0.027997
v 0.027156 0.096904 0.009484
v 0.019498 0.075711 0.045388
v 0.019498 0.077922 0.040635
v 0.019498 0.083342 0.040635
v 0.019498 0.066163 0.050245
v 0.019498 0.068240 0.047215
v 0.019498 0.071097 0.047215
v 0.019498 0.049750 0.017146
v 0.019498 0.067801 0.032726
v 0.019498 0.065420 0.030117
v 0.019498 0.073244 0.027109
v 0.019498 0.065420 0.017146
v 0.019498 0.067376 0.020735
v 0.019498 0.083341 0.014612
v 0.019498 0.073244 0.032726
v 0.019498 0.067376 0.015306
v 0.019498 0.080643 0.012007
v -0.019498 0.049750 0.017146
v 0.028315 0.105527 -0.025732
v 0.028315 0.105527 -0.077397
v -0.028315 0.096904 -0.003587
v 0.012637 0.049750 0.034842
v 0.015877 0.049750 0.036908
v 0.012637 0.049750 0.036908
v 0.015877 0.049750 0.017146
v -0.015122 -0.058192 -0.029992
v -0.015122 -0.055876 0.003603
v 0.015122 -0.059454 -0.002012
v -0.015122 0.003605 0.022596
v 0.015122 0.003605 0.022596
v 0.015122 -0.051896 -0.034300
v 0.013286 0.019175 -0.014235
v 0.015122 -0.053250 0.002515
v 0.015122 0.009460 0.022706
v 0.013286 0.006555 0.024005
v 0.013286 0.006963 0.023836
v 0.013286 0.019175 -0.008522
v 0.015122 -0.057885 -0.029252
v 0.013286 -0.057885 -0.034965
v 0.013286 0.013462 -0.014235
v -0.012637 0.066163 0.034842
v 0.029737 0.048419 -0.286583
v 0.029919 0.057894 -0.248931
v 0.029919 0.092980 -0.255486
v 0.029919 0.059784 -0.246042
v 0.029655 0.096152 -0.275498
v 0.027709 0.096152 -0.226030
v 0.029655 0.092147 -0.266529
v 0.031336 0.062323 -0.264291
v 0.034323 0.071030 -0.245412
v 0.034323 0.081734 -0.256116
v 0.031337 0.090440 -0.237237
v 0.028563 0.117379 -1.149669
v -0.000000 0.105548 -1.149669
v -0.028562 0.117380 -1.149668
v 0.000000 0.094565 0.332706
v 0.024924 0.084241 0.280052
v 0.000000 0.094565 0.280052
v 0.024924 0.084241 0.332706
v 0.035247 0.059317 0.280052
v 0.035247 0.059317 0.332706
v 0.024924 0.034394 0.280052
v 0.024924 0.034394 0.332706
v 0.000000 0.024070 0.280052
v -0.024924 0.034394 0.332706
v -0.024924 0.034394 0.280052
v -0.035247 0.059317 0.332706
v -0.035247 0.059317 0.280052
v -0.024924 0.084241 0.332706
v -0.000000 0.097061 0.336968
v -0.024924 0.084241 0.280052
v 0.023873 0.035445 0.273997
v -0.037743 0.059318 0.336968
v -0.026689 0.086006 0.350782
v -0.026689 0.086006 0.336968
v 0.026689 0.086006 0.336968
v 0.026689 0.032629 0.336968
v -0.026689 0.032629 0.336968
v -0.000000 0.021574 0.336968
v 0.000000 0.024070 0.332706
v 0.037743 0.059318 0.336968
v -0.037743 0.059318 0.350782
v -0.023462 0.059318 0.350782
v -0.016590 0.075907 0.350782
v 0.037743 0.059318 0.350782
v 0.023462 0.059318 0.350782
v 0.016590 0.042728 0.350782
v -0.026689 0.032629 0.350782
v 0.026689 0.032629 0.350782
v 0.026689 0.086006 0.350782
v -0.000000 0.097061 0.350782
v -0.000000 0.021574 0.350782
v -0.023873 0.035445 0.273997
v -0.029308 0.059317 0.268672
v -0.020724 0.038594 0.268672
v -0.033761 0.059317 0.273997
v 0.023873 0.083190 0.273997
v 0.000000 0.025556 0.273997
v -0.023873 0.083190 0.273997
v 0.000000 0.093079 0.273997
v 0.033761 0.059317 0.273997
v 0.000000 0.068053 0.378284
v 0.006177 0.065495 0.355872
v 0.000000 0.068053 0.355872
v 0.006177 0.065495 0.378284
v 0.008736 0.059318 0.355872
v 0.008736 0.059318 0.378284
v 0.006177 0.053140 0.355872
v 0.006177 0.053140 0.378284
v 0.000000 0.050582 0.355872
v 0.000000 0.050582 0.378284
v -0.006177 0.053140 0.355872
v -0.006177 0.053140 0.378284
v -0.008736 0.059318 0.355872
v 0.000000 0.068606 0.380161
v 0.006568 0.065886 0.383421
v 0.006568 0.065886 0.380161
v -0.008736 0.059318 0.378284
v -0.006177 0.065495 0.355872
v -0.006177 0.065495 0.378284
v -0.007352 0.051965 0.355872
v -0.010398 0.059318 0.351449
v -0.007352 0.051965 0.351449
v 0.007352 0.066670 0.355872
v 0.010398 0.059318 0.355872
v 0.007352 0.051965 0.355872
v 0.000000 0.048920 0.355872
v -0.010398 0.059318 0.355872
v -0.007352 0.066670 0.355872
v 0.000000 0.069715 0.355872
v 0.007352 0.051965 0.351449
v 0.007352 0.066670 0.351449
v 0.000000 0.048920 0.351449
v 0.010398 0.059318 0.351449
v 0.000000 0.069715 0.351449
v -0.007352 0.066670 0.351449
v 0.009289 0.059318 0.380161
v 0.006568 0.052749 0.380161
v 0.000000 0.050029 0.380161
v -0.006568 0.052749 0.380161
v -0.009289 0.059318 0.380161
v -0.006568 0.065886 0.380161
v 0.000000 0.068606 0.383421
v -0.009289 0.059318 0.383421
v 0.000000 0.050029 0.383421
v 0.009289 0.059318 0.383421
v -0.006568 0.065886 0.383421
v -0.006568 0.052749 0.383421
v 0.006568 0.052749 0.383421
v -0.004914 0.054403 0.397553
v -0.006950 0.059318 0.405915
v -0.006950 0.059318 0.397553
v -0.005492 0.064809 0.405915
v -0.007766 0.059318 0.408722
v -0.005492 0.064809 0.408722
v 0.000000 0.052368 0.397553
v 0.004914 0.054403 0.405915
v -0.000000 0.052368 0.405915
v 0.004914 0.064232 0.397553
v 0.006950 0.059318 0.405915
v 0.006950 0.059318 0.397553
v -0.004914 0.064232 0.405915
v -0.004914 0.064232 0.397553
v -0.004914 0.054403 0.405915
v 0.004914 0.054403 0.397553
v 0.000000 0.066267 0.397553
v 0.004914 0.064232 0.405915
v -0.000000 0.066267 0.405915
v -0.007766 0.059318 0.405915
v -0.005492 0.053826 0.405915
v -0.000000 0.051551 0.405915
v 0.005492 0.053826 0.405915
v 0.007766 0.059318 0.405915
v 0.005492 0.064809 0.405915
v -0.000000 0.067084 0.405915
v -0.009032 0.068349 0.408722
v -0.002701 0.070971 0.415559
v -0.000000 0.072090 0.408722
v 0.005492 0.064809 0.408722
v 0.005492 0.053826 0.408722
v -0.000000 0.051551 0.408722
v -0.005492 0.053826 0.408722
v -0.000000 0.067084 0.408722
v 0.007766 0.059318 0.408722
v -0.012773 0.059318 0.408722
v -0.009032 0.050286 0.408722
v -0.000000 0.046545 0.408722
v 0.009032 0.050286 0.408722
v 0.012773 0.059318 0.408722
v 0.009032 0.068349 0.408722
v -0.005861 0.053457 0.427006
v -0.002701 0.052148 0.415559
v -0.002701 0.052148 0.427006
v 0.012773 0.059318 0.415559
v 0.009032 0.050286 0.415559
v 0.002701 0.047664 0.415559
v -0.009032 0.050286 0.415559
v -0.012773 0.059318 0.415559
v -0.009032 0.068349 0.415559
v 0.002701 0.070971 0.415559
v -0.002701 0.047664 0.415559
v -0.008288 0.059318 0.415559
v -0.005861 0.053457 0.415559
v 0.002701 0.052148 0.415559
v 0.008288 0.059318 0.415559
v 0.009032 0.068349 0.415559
v 0.005861 0.065178 0.415559
v 0.002701 0.066487 0.415559
v -0.002701 0.066487 0.415559
v -0.002701 0.066487 0.427006
v 0.002701 0.052148 0.427006
v 0.002701 0.066487 0.427006
v -0.005861 0.065178 0.427006
v 0.005861 0.065178 0.427006
v 0.008288 0.059318 0.427006
v 0.005861 0.053457 0.427006
v 0.005861 0.053457 0.415559
v -0.008288 0.059318 0.427006
v -0.005861 0.065178 0.415559
v 0.029308 0.059317 0.268672
v 0.000000 0.030009 0.268672
v 0.020724 0.038594 0.268672
v 0.000000 0.088626 0.268672
v -0.020724 0.080041 0.268672
v 0.020724 0.080041 0.268672
v 0.016342 0.042976 0.268672
v 0.000000 0.036207 0.268672
v -0.023111 0.059317 0.268672
v -0.016342 0.075659 0.268672
v 0.000000 0.082428 0.268672
v 0.016342 0.075659 0.268672
v 0.023111 0.059317 0.268672
v -0.016342 0.042976 0.268672
v -0.002701 0.040671 0.427006
v 0.002701 0.077965 0.415559
v -0.000000 0.072090 0.415559
v -0.002701 0.040670 0.415559
v -0.000000 0.046545 0.415559
v 0.002701 0.077965 0.427006
v 0.002701 0.040670 0.415559
v -0.002701 0.077965 0.415559
v -0.002701 0.077965 0.427006
v 0.002701 0.040670 0.427006
v -0.015856 0.043462 0.351449
v -0.000000 0.035856 0.350782
v -0.000000 0.036894 0.351449
v -0.000000 0.081741 0.351449
v -0.015856 0.075173 0.351449
v 0.016590 0.075907 0.350782
v -0.000000 0.082779 0.350782
v 0.022423 0.059318 0.351449
v -0.016590 0.042728 0.350782
v 0.015856 0.043462 0.351449
v -0.022423 0.059318 0.351449
v 0.015856 0.075173 0.351449
vn 0.3827 0.9239 -0.0000
vn 0.9239 0.3827 -0.0000
vn 0.9240 0.3825 -0.0000
vn 0.9239 -0.3827 -0.0000
vn 0.3827 -0.9239 -0.0000
vn -0.3827 -0.9239 -0.0000
vn -0.9239 -0.3827 -0.0000
vn 0.8476 0.3511 -0.3978
vn -0.9239 0.3827 -0.0000
vn -0.3827 0.9239 -0.0000
vn -0.3511 -0.8476 -0.3978
vn -0.3511 0.8476 -0.3978
vn 0.3511 0.8476 -0.3978
vn 0.8476 -0.3511 -0.3978
vn -0.8476 -0.3511 -0.3978
vn 0.3511 -0.8476 -0.3978
vn -0.8476 0.3511 -0.3978
vn -0.8054 0.3336 -0.4898
vn -0.0000 -0.0000 1.0000
vn -0.3827 0.9239 0.0001
vn -0.3828 0.9238 0.0006
vn -0.3827 0.9239 0.0003
vn -0.0000 -0.0000 -1.0000
vn 0.0001 -0.0000 -1.0000
vn -0.0001 -0.0000 -1.0000
vn -0.0000 0.0001 -1.0000
vn -0.9238 -0.3828 0.0006
vn 0.3827 -0.9239 0.0002
vn 0.9239 0.3827 0.0002
vn 0.9239 0.3827 0.0005
vn -0.9239 0.3827 0.0002
vn -0.9238 0.3828 0.0005
vn -0.3827 -0.9239 0.0006
vn 0.9239 -0.3827 0.0004
vn 0.9239 -0.3827 0.0001
vn 0.3827 0.9239 0.0005
vn -0.8155 -0.5788 -0.0000
vn 0.0906 -0.2490 -0.9643
vn 0.9967 0.0808 -0.0000
vn 0.0906 -0.2490 0.9642
vn 0.3420 -0.9397 -0.0000
vn -0.5076 -0.8616 -0.0000
vn 0.2175 -0.5976 -0.7717
vn 0.9427 -0.3337 -0.0000
vn 0.2175 -0.5976 0.7717
vn -0.8956 -0.4449 -0.0000
vn 0.0382 -0.1051 0.9937
vn 0.0382 -0.1051 -0.9937
vn 0.9720 0.2348 -0.0000
vn 0.3336 0.8054 -0.4898
vn 0.8054 -0.3336 -0.4898
vn -0.8054 -0.3336 -0.4898
vn 0.3336 -0.8054 -0.4898
vn -0.3336 0.8054 -0.4898
vn 0.8054 0.3336 -0.4898
vn -0.3336 -0.8054 -0.4898
vn 0.3826 -0.9239 0.0001
vn 0.0001 -0.0000 1.0000
vn 0.4513 0.4513 -0.7699
vn 0.4513 0.4513 0.7699
vn 0.4512 0.4513 0.7699
vn -0.7071 0.7071 -0.0000
vn 0.7071 0.7071 -0.0000
vn 0.7071 -0.7071 -0.0000
vn 0.0002 -0.0000 1.0000
vn 0.0001 0.0001 1.0000
vn 0.6871 0.6871 -0.2360
vn -0.0000 -0.6274 -0.7787
vn -0.0000 -0.6272 0.7788
vn -0.0000 -1.0000 -0.0000
vn -1.0000 -0.0000 -0.0000
vn 1.0000 -0.0000 -0.0000
vn 0.8786 -0.4775 -0.0000
vn -0.0000 -0.6893 -0.7244
vn -0.0000 -0.6893 0.7244
vn 0.6738 0.6738 0.3033
vn -0.0008 0.0008 1.0000
vn -0.2163 0.7736 0.5956
vn -0.2163 0.7736 -0.5956
vn 0.7736 -0.2163 -0.5956
vn 0.7736 -0.2163 0.5956
vn -0.3677 0.9300 -0.0000
vn 0.2349 0.2349 0.9432
vn 0.2349 0.2349 -0.9432
vn 0.9300 -0.3676 -0.0000
vn 0.3788 0.1402 -0.9148
vn 0.8742 0.3234 -0.3621
vn 0.8742 0.3234 0.3621
vn 0.3789 0.1402 0.9148
vn -0.0000 1.0000 -0.0000
vn 0.3780 -0.1563 0.9125
vn 0.8630 -0.3569 -0.3575
vn 0.3780 -0.1563 -0.9125
vn 0.8630 -0.3569 0.3575
vn 0.6233 -0.7294 0.2820
vn 0.3458 -0.4288 -0.8346
vn 0.3457 -0.4288 0.8346
vn 0.6233 -0.7294 -0.2820
vn -0.7071 -0.7071 -0.0000
vn -0.0000 -0.8120 -0.5836
vn -0.4971 -0.8677 -0.0000
vn -0.9925 -0.0000 -0.1225
vn 0.9925 -0.0000 -0.1225
vn -0.5993 -0.8006 -0.0000
vn 0.5993 -0.8006 -0.0000
vn 0.3839 0.9234 -0.0000
vn 0.9234 0.3839 -0.0000
vn -0.2879 0.6950 0.6589
vn 0.6950 -0.2879 0.6589
vn -0.6950 -0.2879 0.6589
vn 0.2879 0.6950 0.6589
vn 0.2879 -0.6950 0.6589
vn -0.2879 -0.6950 0.6589
vn -0.6950 0.2879 0.6589
vn 0.6950 0.2879 0.6589
vn -0.3826 0.9239 -0.0000
vn -0.6929 0.2870 -0.6615
vn 0.6929 0.2870 -0.6615
vn -0.2870 -0.6929 -0.6615
vn -0.2870 0.6929 -0.6615
vn 0.2870 0.6929 -0.6615
vn 0.6929 -0.2870 -0.6615
vn -0.6929 -0.2870 -0.6615
vn 0.2870 -0.6929 -0.6615
vn -0.7785 0.3225 -0.5385
vn -0.3225 -0.7785 -0.5385
vn 0.7785 -0.3225 -0.5385
vn 0.3225 0.7785 -0.5385
vn -0.3225 0.7785 -0.5385
vn -0.7785 -0.3225 -0.5385
vn 0.3225 -0.7785 -0.5385
vn 0.7785 0.3225 -0.5385
vn -0.7668 -0.6418 -0.0000
vn 0.7668 -0.6418 -0.0000
vn -0.0000 -0.9239 -0.3827
vn -0.0000 -0.9239 0.3827
vn -0.0000 -0.3827 0.9239
vn -0.0000 0.3827 0.9239
vn -0.0000 0.9239 0.3827
vn -0.0000 0.9239 -0.3827
vn 0.6364 0.7126 -0.2952
vn -0.0000 0.3827 -0.9239
vn 0.6364 -0.7126 -0.2952
vn 0.6364 0.2952 0.7127
vn 0.6364 0.2952 -0.7126
vn 0.6364 -0.2952 -0.7126
vn 0.6364 -0.7126 0.2952
vn 0.6364 0.7126 0.2952
vn 0.6364 -0.2952 0.7127
vn -0.6364 0.7126 -0.2952
vn -0.6364 -0.7126 -0.2952
vn -0.6364 0.2952 0.7126
vn -0.6364 0.2952 -0.7126
vn -0.6364 -0.2952 -0.7126
vn -0.6364 -0.7126 0.2952
vn -0.6364 0.7127 0.2952
vn -0.6364 -0.2952 0.7126
vn -0.0000 -0.3827 -0.9239
vn 0.6364 0.2952 -0.7127
vn 0.6364 0.2952 0.7126
vn 0.6364 -0.2952 0.7126
vn 0.6364 -0.2952 -0.7127
vn -0.6364 0.7126 0.2952
vn -0.6364 0.2952 -0.7127
vn -0.6364 0.7127 -0.2952
vn -0.6364 -0.2952 -0.7127
vn 0.6133 -0.3520 -0.7071
vn -0.6133 0.3520 -0.7071
vn 0.6133 -0.3520 0.7071
vn -0.6133 0.3520 0.7071
vn 0.8673 -0.4978 -0.0000
vn -0.4978 -0.8673 -0.0000
vn -0.8673 0.4978 -0.0000
vn 0.4978 0.8673 -0.0000
vn 0.3319 -0.1905 -0.9239
vn 0.8013 -0.4598 -0.3827
vn 0.8013 -0.4599 0.3827
vn 0.3320 -0.1905 0.9239
vn -0.3319 0.1905 0.9239
vn -0.8013 0.4599 0.3827
vn -0.8013 0.4599 -0.3827
vn -0.3320 0.1905 -0.9239
vn 0.8013 -0.4599 -0.3827
vn 0.3319 -0.1904 -0.9239
vn -0.2706 -0.2706 -0.9239
vn -0.6533 -0.6533 -0.3827
vn -0.6533 -0.6533 0.3827
vn -0.2706 -0.2706 0.9239
vn 0.2706 0.2706 0.9239
vn 0.6533 0.6533 0.3827
vn 0.6533 0.6533 -0.3827
vn 0.2706 0.2706 -0.9239
vn 0.3832 0.9237 -0.0000
vn 0.9239 0.3826 -0.0000
vn 0.9239 -0.3826 -0.0000
vn 0.9239 -0.3827 -0.0003
vn -0.9239 -0.3826 -0.0000
vn -0.8476 0.3511 -0.3979
vn 0.0001 0.0001 -1.0000
vn -0.9239 -0.3827 -0.0001
vn 0.3827 -0.9239 0.0006
vn 0.3827 -0.9239 0.0001
vn 0.9238 0.3828 0.0004
vn -0.9239 0.3827 0.0003
vn -0.3827 -0.9239 0.0003
vn -0.3827 -0.9239 0.0001
vn 0.9239 -0.3827 0.0002
vn 0.0905 -0.2490 0.9643
vn 0.0906 -0.2490 0.9643
vn 0.0907 -0.2490 0.9643
vn -0.0001 -0.0000 1.0000
vn -0.0005 -0.0000 1.0000
vn -0.7073 0.7069 -0.0000
vn -0.7069 0.7073 -0.0000
vn 0.7067 -0.7075 -0.0000
vn 0.7074 -0.7069 -0.0000
vn -0.7070 0.7072 -0.0000
vn 0.3085 0.9512 0.0033
vn 0.6443 0.7644 -0.0252
vn 0.9575 0.2885 0.0019
vn 0.7070 -0.7072 -0.0000
vn -0.0000 -0.6274 0.7787
vn -0.0015 -0.0000 -1.0000
vn 0.0003 -0.0000 -1.0000
vn 0.0002 -0.0000 -1.0000
vn -0.0000 -0.6893 -0.7245
vn -0.0000 0.0001 1.0000
vn -0.0001 -0.0001 1.0000
vn 0.0005 -0.0000 -1.0000
vn 0.9969 0.0749 -0.0231
vn 0.9944 -0.1028 -0.0247
vn 0.7561 -0.6545 -0.0013
vn 0.7197 0.6942 0.0095
vn 0.9300 -0.3677 -0.0000
vn 0.3790 0.1402 -0.9147
vn 0.3781 -0.1563 0.9125
vn 0.3781 -0.1563 -0.9125
vn 0.8631 -0.3569 0.3575
vn 0.6075 -0.7534 0.2516
vn 0.6075 -0.7534 -0.2516
vn -0.0000 -0.8120 -0.5837
vn -0.2878 -0.6950 0.6589
vn 0.6364 0.7127 0.2952
vn -0.6364 -0.2952 0.7127
vn -0.6364 0.2952 0.7127
vn 0.3319 -0.1905 0.9239
vn -0.3319 0.1904 0.9239
vn -0.3319 0.1905 -0.9239
vn -0.4977 -0.8673 -0.0000
vn -0.3320 0.1905 0.9239
vn -0.0000 -0.7071 0.7071
vn -0.0000 0.7071 -0.7071
vn -0.0000 0.8126 0.5828
vn 0.7147 -0.4380 -0.5454
vn -0.0001 0.2379 0.9713
vn -0.6892 0.1960 -0.6975
vn -0.0000 0.0624 -0.9981
vn -0.0000 -0.6261 -0.7797
vn -0.0000 -0.1954 0.9807
vn -0.0000 -0.3723 0.9281
vn -0.0000 -0.8406 -0.5417
vn -0.0000 -0.7760 0.6307
vn -0.0000 -0.2746 0.9616
vn -0.0000 -0.6079 -0.7940
vn -0.0000 0.2709 -0.9626
vn -0.7661 -0.5560 -0.3225
vn 0.7664 -0.5400 -0.3480
vn -0.7147 -0.4380 -0.5454
vn 0.6901 0.0394 -0.7227
vn -0.6999 0.0446 -0.7129
vn 0.6922 0.1955 -0.6947
vn -0.6325 -0.5044 -0.5878
vn 0.5626 -0.5026 -0.6564
vn -0.6038 -0.7971 0.0033
vn 0.6238 -0.7816 -0.0000
vn 0.6654 -0.5793 0.4708
vn -0.7290 -0.5570 0.3979
vn -0.6997 -0.1919 0.6882
vn 0.7380 -0.1853 0.6489
vn 0.7402 0.1599 0.6531
vn -0.7284 0.1567 0.6670
vn -0.7232 -0.1324 0.6778
vn 0.7294 -0.1336 0.6709
vn -0.6958 -0.2674 0.6666
vn 0.7079 -0.2708 0.6523
vn -0.8008 -0.0000 0.5989
vn -0.0000 0.8249 0.5652
vn 0.8008 -0.0000 0.5989
vn -0.0000 -0.9984 -0.0570
vn -0.0000 0.9984 0.0570
vn -0.0000 -0.9268 0.3755
vn -0.0000 -0.5253 -0.8509
vn -0.0000 -0.7071 -0.7071
vn -0.0000 -0.1342 -0.9910
vn -0.0000 -0.3104 -0.9506
vn -0.0000 -0.6982 -0.7159
vn -0.0000 -0.7153 0.6988
vn -0.0000 -0.8804 0.4743
vn -0.0000 0.7626 0.6469
vn -0.8134 -0.0000 0.5817
vn 0.8134 -0.0000 0.5817
vn -0.0000 -0.4742 -0.8804
vn -0.0000 0.7071 0.7071
vn -0.7531 -0.3779 0.5386
vn 0.7531 -0.3779 0.5386
vn -0.0000 -0.7408 0.6717
vn -0.0000 -0.7408 -0.6717
vn -0.0000 -0.7722 -0.6353
vn -0.0000 -0.7723 0.6353
vn -0.0000 -0.7174 -0.6966
vn -0.0000 0.7337 -0.6795
vn -0.0000 -0.7740 0.6332
vn -0.0000 0.3447 0.9387
vn -0.0000 -0.2770 0.9609
vn -0.0000 0.2742 -0.9617
vn -0.0000 0.9239 -0.3826
vn -0.0000 0.9239 0.3828
vn -0.7616 0.3700 -0.5321
vn 0.7616 0.3700 -0.5321
vn 0.9737 -0.0872 -0.2104
vn 0.9737 -0.2104 0.0871
vn 0.9737 0.0872 0.2104
vn 0.9737 0.2104 -0.0872
vn 0.8226 0.2176 -0.5253
vn 0.8226 0.5253 -0.2176
vn 0.8226 0.2176 0.5253
vn 0.8226 -0.2176 0.5253
vn 0.8226 -0.5253 0.2176
vn 0.8226 -0.5253 -0.2176
vn 0.8226 -0.2176 -0.5253
vn 0.9737 -0.0871 0.2104
vn 0.8226 0.5253 0.2176
vn 0.9737 0.0871 -0.2104
vn 0.9737 -0.2104 -0.0871
vn 0.9737 0.2104 -0.0871
vn 0.9737 -0.2104 0.0872
vn 0.9737 0.2104 0.0872
vn 0.9737 0.2104 0.0871
vn 0.7468 -0.4064 -0.5264
vn -0.0000 0.2379 0.9713
vn -0.0000 0.2378 0.9713
vn 0.0001 0.2379 0.9713
vn -0.0000 0.2381 0.9712
vn -0.6922 0.1955 -0.6947
vn -0.0000 -0.2746 0.9615
vn -0.0001 -0.2746 0.9616
vn 0.0001 -0.2746 0.9616
vn -0.6588 -0.6324 -0.4075
vn 0.6858 -0.5914 -0.4242
vn 0.7661 -0.5560 -0.3225
vn -0.7468 -0.4064 -0.5264
vn 0.6999 0.0446 -0.7129
vn -0.6901 0.0394 -0.7227
vn 0.6892 0.1960 -0.6975
vn -0.5626 -0.5026 -0.6564
vn 0.6325 -0.5044 -0.5878
vn -0.6238 -0.7816 -0.0000
vn 0.6038 -0.7971 0.0033
vn 0.7290 -0.5570 0.3979
vn -0.6654 -0.5793 0.4708
vn -0.7380 -0.1853 0.6489
vn 0.6997 -0.1919 0.6882
vn 0.7284 0.1567 0.6670
vn -0.7402 0.1599 0.6531
vn -0.7294 -0.1336 0.6709
vn 0.7232 -0.1324 0.6778
vn -0.7079 -0.2708 0.6523
vn 0.6958 -0.2674 0.6666
vn -0.0001 1.0000 -0.0000
vn 0.0001 1.0000 -0.0000
vn -0.0000 0.9238 -0.3828
vn 1.0000 -0.0001 -0.0000
vn 1.0000 -0.0001 0.0003
vn -0.0000 -0.9240 -0.3825
vn -0.0000 0.9238 0.3829
vn -0.0000 -0.3828 -0.9238
vn -0.0000 -0.3829 -0.9238
vn 0.9737 -0.0871 -0.2104
vn 0.9737 0.0871 0.2104
vn 0.9737 -0.0872 0.2104
vn 0.9737 0.0872 -0.2104
vn 0.9737 -0.2104 -0.0872
vn -0.3366 0.8126 -0.4759
vn 0.3732 -0.9010 -0.2212
vn 0.3366 0.8126 -0.4759
vn 0.8126 -0.3366 -0.4759
vn -0.8125 -0.3366 -0.4759
vn 0.3366 -0.8126 -0.4759
vn -0.8126 0.3366 -0.4759
vn 0.8125 0.3366 -0.4759
vn -0.3366 -0.8126 -0.4759
vn -0.7311 -0.3028 -0.6114
vn -0.9010 0.3732 -0.2212
vn 0.9010 0.3732 -0.2212
vn -0.3732 -0.9010 -0.2212
vn -0.3732 0.9010 -0.2212
vn 0.3732 0.9010 -0.2212
vn 0.9010 -0.3732 -0.2212
vn -0.9010 -0.3732 -0.2212
vn 0.3692 0.8915 -0.2626
vn 0.8914 0.3693 -0.2626
vn 0.8915 -0.3693 -0.2626
vn 0.3692 -0.8915 -0.2626
vn -0.3692 -0.8915 -0.2626
vn -0.8914 -0.3693 -0.2626
vn -0.8914 0.3693 -0.2626
vn -0.3692 0.8915 -0.2626
vn -0.0001 -0.0001 -1.0000
vn 0.7311 -0.3028 -0.6114
vn 0.3028 -0.7311 -0.6114
vn 0.3028 0.7311 -0.6114
vn -0.7311 0.3028 -0.6114
vn -0.3028 -0.7311 -0.6114
vn 0.7311 0.3028 -0.6114
vn -0.3028 0.7311 -0.6114
vn -0.2184 -0.5274 0.8211
vn -0.2185 0.5274 0.8211
vn 0.2184 0.5274 0.8211
vn 0.5275 -0.2184 0.8210
vn -0.5275 -0.2184 0.8210
vn 0.2185 -0.5274 0.8211
vn -0.5273 0.2185 0.8211
vn 0.5275 0.2184 0.8210
vn 0.8125 -0.3366 -0.4759
vn -0.8126 -0.3366 -0.4759
vn -0.8125 0.3366 -0.4759
vn 0.8126 0.3366 -0.4759
vn 0.3693 0.8915 -0.2626
vn 0.8915 0.3692 -0.2626
vn 0.3693 -0.8915 -0.2626
vn -0.3693 -0.8915 -0.2626
vn -0.8915 -0.3692 -0.2626
vn -0.8915 0.3692 -0.2626
vn -0.3693 0.8915 -0.2626
vn 0.0001 -0.0001 -1.0000
vn -0.2185 -0.5274 0.8210
vn -0.2184 0.5274 0.8211
vn 0.2185 0.5274 0.8210
vn 0.5273 -0.2185 0.8211
vn -0.5273 -0.2185 0.8211
vn 0.2184 -0.5274 0.8211
vn -0.5275 0.2184 0.8210
vn 0.5273 0.2185 0.8211
vt 0.875000 0.000000
vt 0.875000 0.000398
vt 0.930643 0.000398
vt 0.875000 0.482118
vt 1.000000 0.298711
vt 0.875000 0.298710
vt 0.875000 0.289294
vt 1.000000 0.216639
vt 0.875000 0.216639
vt 1.000000 0.099643
vt 0.920324 0.110611
vt 0.920324 0.113090
vt 0.875000 0.043992
vt 0.875000 0.083608
vt 0.946341 0.083608
vt 0.946341 0.013297
vt 0.875000 0.013297
vt 0.875000 0.031615
vt 0.875000 0.500000
vt 1.000000 0.488680
vt 0.875000 0.488680
vt 0.803659 0.013297
vt 0.875000 0.208839
vt 0.875000 0.114202
vt 0.849648 0.114489
vt 0.750000 0.298710
vt 0.750000 0.482118
vt 0.750000 0.216639
vt 0.750000 0.085760
vt 0.803659 0.085760
vt 0.803659 0.083608
vt 0.750000 0.000438
vt 0.819357 0.000438
vt 0.819357 0.000398
vt 0.750000 0.500000
vt 0.750000 0.488680
vt 0.706569 0.495694
vt 0.625000 0.500000
vt 0.625000 0.000000
vt 0.750000 0.000000
vt 0.625000 0.011142
vt 0.750000 0.031615
vt 0.750000 0.011140
vt 0.625000 0.099660
vt 0.642992 0.101257
vt 0.637935 0.100600
vt 0.706569 0.475104
vt 0.706569 0.482118
vt 0.625000 0.216677
vt 0.750000 0.289294
vt 0.625000 0.044000
vt 0.750000 0.043992
vt 0.500000 0.011142
vt 0.606936 0.031621
vt 0.599180 0.118358
vt 0.573409 0.132776
vt 0.599180 0.132776
vt 0.625000 0.289346
vt 0.577450 0.216677
vt 0.625000 0.476475
vt 0.515355 0.298763
vt 0.515355 0.476584
vt 0.607333 0.085775
vt 0.625000 0.085775
vt 0.500000 0.000000
vt 0.625000 0.000438
vt 0.500000 0.500000
vt 0.625000 0.494323
vt 0.500000 0.494199
vt 0.484645 0.289338
vt 0.484645 0.216672
vt 0.422550 0.216653
vt 0.375000 0.099643
vt 0.400820 0.136740
vt 0.400820 0.132757
vt 0.408913 0.475197
vt 0.484645 0.476363
vt 0.484645 0.298756
vt 0.375000 0.085760
vt 0.394371 0.075245
vt 0.375000 0.075243
vt 0.393064 0.043993
vt 0.375000 0.043992
vt 0.375000 0.051826
vt 0.375000 0.011140
vt 0.393064 0.031616
vt 0.375000 0.000000
vt 0.500000 0.000438
vt 0.408913 0.495601
vt 0.375000 0.488680
vt 0.375000 0.500000
vt 0.250000 0.482118
vt 0.375000 0.298710
vt 0.250000 0.298710
vt 0.250000 0.099643
vt 0.375000 0.208839
vt 0.375000 0.216639
vt 0.250000 0.289294
vt 0.375000 0.289294
vt 0.364302 0.075243
vt 0.250000 0.031615
vt 0.375000 0.031615
vt 0.250000 0.000000
vt 0.375000 0.000438
vt 0.250000 0.488680
vt 0.250000 0.500000
vt 0.125000 0.482118
vt 0.125000 0.298710
vt 0.125000 0.099643
vt 0.250000 0.208839
vt 0.250000 0.216639
vt 0.125000 0.289294
vt 0.250000 0.043992
vt 0.125000 0.085760
vt 0.250000 0.085760
vt 0.250000 0.011140
vt 0.125000 0.031615
vt 0.125000 0.000000
vt 0.250000 0.000438
vt 0.125000 0.488680
vt 0.125000 0.500000
vt 0.000000 0.000438
vt 0.125000 0.000438
vt 0.000000 0.482118
vt 0.000000 0.298710
vt 0.000000 0.208839
vt 0.125000 0.208839
vt 0.125000 0.216639
vt 0.000000 0.289294
vt 0.000000 0.043992
vt 0.000000 0.085760
vt 0.125000 0.011140
vt 0.000000 0.031615
vt 0.000000 0.500000
vt 0.000000 0.488680
vt 0.580294 0.580294
vt 0.510000 0.750000
vt 0.000000 0.000000
vt 1.000000 0.000000
vt 0.750000 0.510000
vt 0.919706 0.580294
vt 0.990000 0.750000
vt 0.919706 0.919706
vt 0.750000 0.990000
vt 0.580294 0.919706
vt 0.750000 0.520352
vt 0.587614 0.587614
vt 0.912386 0.587614
vt 0.979648 0.750000
vt 0.912386 0.912386
vt 0.750000 0.979648
vt 0.587614 0.912386
vt 0.520352 0.750000
vt 0.750000 0.542669
vt 0.557555 0.833394
vt 0.375000 1.000000
vt 0.557555 0.916605
vt 0.375000 0.750000
vt 0.433821 0.691592
vt 0.561619 0.333536
vt 0.561619 0.416464
vt 0.375000 0.250000
vt 0.404143 0.070348
vt 0.147662 0.272662
vt 0.147662 0.477338
vt 0.352338 0.477338
vt 0.352338 0.272662
vt 0.125000 0.250000
vt 0.162778 0.287778
vt 0.162778 0.462222
vt 0.337222 0.462222
vt 0.337222 0.287778
vt 1.000000 0.500000
vt 0.690030 0.500000
vt 0.690030 0.000000
vt 0.423094 0.500000
vt 0.423094 0.000000
vt 0.089248 0.589247
vt 0.250000 0.522662
vt 0.250000 0.510000
vt 0.589248 0.589248
vt 0.393560 0.606440
vt 0.250000 0.546976
vt 0.080294 0.919706
vt 0.250000 0.990000
vt 0.106441 0.893559
vt 0.875000 0.359900
vt 1.000000 0.359900
vt 0.750000 0.359900
vt 0.625000 0.359900
vt 0.500000 0.359900
vt 0.375000 0.359900
vt 0.250000 0.359900
vt 0.250000 0.556538
vt 0.419706 0.580294
vt 0.125000 0.359900
vt 0.000000 0.359900
vt 0.928918 0.168252
vt 0.925307 0.245169
vt 0.824693 0.245168
vt 0.821081 0.168252
vt 0.482560 0.750000
vt 0.490000 0.750000
vt 0.444766 0.658757
vt 0.080294 0.580294
vt 0.010000 0.750000
vt 0.085555 0.585555
vt 0.414445 0.914445
vt 0.250000 0.982560
vt 0.585555 0.585555
vt 0.517440 0.750000
vt 0.953320 0.679408
vt 0.958581 0.674147
vt 0.914445 0.914445
vt 0.750000 0.982560
vt 0.625000 0.448759
vt 0.604251 0.539757
vt 0.625000 0.502776
vt 0.604251 0.750000
vt 0.625000 0.734421
vt 0.604251 0.710248
vt 0.604251 0.000000
vt 0.625000 0.047899
vt 0.604251 0.250000
vt 0.625000 0.253335
vt 0.604251 0.210243
vt 0.443860 0.039751
vt 0.397288 0.000000
vt 0.442558 0.125000
vt 0.408383 0.997252
vt 0.604251 1.000000
vt 0.875000 0.326862
vt 0.835249 0.427212
vt 0.875000 0.423138
vt 0.625000 0.301241
vt 0.664757 0.444684
vt 0.664757 0.305316
vt 0.422793 0.710249
vt 0.408396 0.750000
vt 0.604251 0.500000
vt 0.422794 0.539757
vt 0.408383 0.252725
vt 0.400308 0.750000
vt 0.429847 0.981010
vt 0.471870 0.999983
vt 0.554649 0.625000
vt 0.625000 0.750000
vt 0.471870 0.250000
vt 0.429846 0.268990
vt 0.400308 0.500000
vt 0.429846 0.250000
vt 0.471870 0.215965
vt 0.471870 0.000000
vt 0.429847 0.000000
vt 0.471870 0.034035
vt 0.875000 0.250017
vt 0.625000 0.250017
vt 0.375000 0.740576
vt 0.419483 0.509419
vt 0.419483 0.740576
vt 0.383780 0.181507
vt 0.375000 0.205912
vt 0.375000 0.181507
vt 0.165893 0.499992
vt 0.306507 0.250000
vt 0.334111 0.499992
vt 0.174942 0.250000
vt 0.383778 0.049942
vt 0.375000 0.049942
vt 0.375000 0.032150
vt 0.520414 0.181507
vt 0.376021 0.181507
vt 0.520414 0.049942
vt 0.512663 0.049942
vt 0.981967 0.111844
vt 0.981967 0.388161
vt 0.768033 0.111844
vt 0.605253 0.000000
vt 0.605253 0.500000
vt 0.394747 0.000000
vt 0.250486 0.514858
vt 0.385522 0.262907
vt 0.428825 0.000000
vt 0.410884 0.250000
vt 0.313538 0.467960
vt 0.331768 0.489510
vt 0.349364 0.489510
vt 0.125000 0.467960
vt 0.195284 0.500000
vt 0.186462 0.467960
vt 0.384935 0.251393
vt 0.375000 0.282040
vt 0.353526 0.282040
vt 0.353526 0.344598
vt 0.186462 0.344598
vt 0.146474 0.344598
vt 0.375000 0.967960
vt 0.428825 1.000000
vt 0.593402 0.999999
vt 0.749055 0.516289
vt 0.828778 0.874073
vt 0.892896 0.930811
vt 0.410884 0.500000
vt 0.563250 0.881771
vt 0.424414 0.688538
vt 0.428825 0.750000
vt 0.375000 0.467960
vt 0.590512 0.499999
vt 0.397284 0.489604
vt 0.625000 0.263448
vt 0.397284 0.263448
vt 0.375000 0.492114
vt 0.343989 0.261323
vt 0.343989 0.492114
vt 0.625000 0.263448
vt 0.625000 0.489606
vt 0.625000 0.986552
vt 0.625000 0.944133
vt 0.625000 0.817339
vt 0.625000 0.760395
vt 0.925307 0.198585
vt 0.928918 0.260928
vt 0.821082 0.260928
vt 0.838231 0.249467
vt 0.824693 0.198542
vt 0.749055 0.516289
vt 0.473784 0.771676
vt 0.192758 0.490935
vt 0.125000 0.282040
vt 0.195284 0.250000
vt 0.363422 0.250000
vt 0.349369 0.260490
vt 0.313538 0.282040
vt 0.313538 0.305975
vt 0.186462 0.305975
vt 0.593402 0.999995
vt 0.483297 0.746149
vt 0.416308 0.905575
vt 0.419706 0.919706
vt 0.018148 0.746173
vt 0.590512 0.499995
vt 0.471870 0.750000
vt 0.429847 0.769532
vt 0.400308 1.000000
vt 0.471870 0.715965
vt 0.429847 0.750000
vt 0.429847 0.500000
vt 0.471870 0.534035
vt 0.471870 0.500000
vt 0.400308 0.250000
vt 0.429847 0.480468
vt 0.471870 0.499992
vt 0.554650 0.125000
vt 0.625000 0.250000
vt 0.875000 0.250000
vt 0.625000 0.499992
vt 0.875000 0.499992
vt 0.625000 0.502776
vt 0.604251 0.539757
vt 0.625000 0.788431
vt 0.604251 0.710248
vt 0.604251 0.039752
vt 0.625000 0.047899
vt 0.625000 0.253336
vt 0.604251 0.210243
vt 0.425353 0.210243
vt 0.425353 0.039752
vt 0.408396 0.000000
vt 0.835248 0.427212
vt 0.664757 0.444684
vt 0.664757 0.305316
vt 0.454620 0.539757
vt 0.408396 0.500000
vt 0.453666 0.625000
vt 0.408396 0.250000
vt 0.375000 0.740577
vt 0.419483 0.509420
vt 0.375000 0.509420
vt 0.165893 0.499997
vt 0.334111 0.499997
vt 0.180396 0.250000
vt 0.383778 0.049942
vt 0.375000 0.032150
vt 0.375000 0.181507
vt 0.518945 0.181507
vt 0.542467 0.049942
vt 0.518945 0.049942
vt 0.508310 0.049942
vt 0.625000 0.923978
vt 0.432592 1.000000
vt 0.625000 1.000000
vt 0.625000 0.826022
vt 0.432592 0.673978
vt 0.392775 0.826021
vt 0.625000 0.423978
vt 0.418933 0.550681
vt 0.650341 0.550681
vt 0.625000 0.326022
vt 0.418933 0.199319
vt 0.392781 0.326022
vt 0.392775 0.923978
vt 0.625000 0.076022
vt 0.432592 0.076022
vt 0.481596 0.137920
vt 0.798978 0.500000
vt 0.650341 0.199319
vt 0.481596 0.612080
vt 0.392781 0.423978
vt 0.930210 0.500000
vt 0.948955 0.000000
vt 0.569789 0.500000
vt 0.551045 0.000000
vt 0.319300 0.538705
vt 0.569812 0.500000
vt 0.568714 0.500000
vt 0.930211 0.500000
vt 0.931285 0.500000
vt 0.749998 0.500000
vt 0.568715 0.500000
vt 0.555807 0.250000
vt 0.375000 0.271632
vt 0.539211 0.270377
vt 0.539211 0.255189
vt 0.337206 0.261144
vt 0.321408 0.223204
vt 0.461562 0.965598
vt 0.445167 0.972363
vt 0.445167 1.000000
vt 0.456384 0.011218
vt 0.516454 0.000000
vt 0.516365 0.011218
vt 0.456384 0.011218
vt 0.445167 0.000000
vt 0.519288 0.791565
vt 0.520156 0.969080
vt 0.461562 0.965598
vt 0.280142 0.435967
vt 0.326718 0.311434
vt 0.173282 0.311434
vt 0.555807 1.000000
vt 0.539211 0.994811
vt 0.173282 0.271632
vt 0.205388 0.291600
vt 0.205388 0.250000
vt 0.326718 0.311434
vt 0.303263 0.282948
vt 0.805266 0.382372
vt 0.805266 0.446113
vt 0.694734 0.446113
vt 0.513286 0.356025
vt 0.513286 0.250000
vt 0.513286 0.000000
vt 0.625000 0.893975
vt 0.513286 1.000000
vt 0.513286 0.893975
vt 0.625000 0.356025
vt 0.875000 0.356025
vt 0.183048 0.250000
vt 0.463534 1.000000
vt 0.596053 0.750000
vt 0.463534 0.750000
vt 0.463534 0.000000
vt 0.376841 0.058048
vt 0.446763 0.020723
vt 0.446763 0.729277
vt 0.376841 0.691952
vt 0.375000 0.975217
vt 0.549342 0.760157
vt 0.375000 0.760157
vt 0.375000 0.274783
vt 0.549342 0.489843
vt 0.590424 0.274780
vt 0.125000 0.274783
vt 0.375000 0.489843
vt 0.616639 0.955510
vt 0.375000 0.955510
vt 0.485566 0.605648
vt 0.375000 0.455510
vt 0.616639 0.500000
vt 0.616639 0.455510
vt 0.467665 0.042112
vt 0.342520 0.294490
vt 0.157480 0.294490
vt 0.453950 0.717520
vt 0.532295 0.750000
vt 0.542970 0.717520
vt 0.375000 0.794490
vt 0.616639 0.750000
vt 0.453949 0.717520
vt 0.453949 0.032480
vt 0.532295 0.000000
vt 0.453949 0.000000
vt 0.453949 1.000000
vt 0.453949 0.750000
vt 0.616639 0.294490
vt 0.616639 0.250000
vt 0.453949 0.032480
vt 0.542970 0.032480
vt 0.532295 1.000000
vt 0.981967 0.125726
vt 0.981967 0.488907
vt 0.768033 0.125726
vt 0.514879 0.000000
vt 0.514879 0.500000
vt 0.485121 0.000000
vt 0.017440 0.750000
vt 0.482560 0.749999
vt 0.085555 0.585555
vt 0.250000 0.517440
vt 0.982560 0.749999
vt 0.585555 0.914445
vt 0.729800 0.981633
vt 0.585555 0.585555
vt 0.750000 0.517440
vt 0.576231 0.500000
vt 0.576231 0.000000
vt 0.423769 0.500000
vt 0.423769 0.000000
vt 0.749162 0.516565
vt 0.356496 0.509252
vt 0.375000 0.722244
vt 0.400460 0.662572
vt 0.152756 0.250000
vt 0.152756 0.500000
vt 0.467202 0.250000
vt 0.356496 0.240748
vt 0.467202 0.750000
vt 0.596861 1.000000
vt 0.596861 0.750000
vt 0.146506 0.947131
vt 0.186714 0.799438
vt 0.085438 0.911023
vt 0.415011 0.910226
vt 0.596861 0.250000
vt 0.467202 0.500000
vt 0.596861 0.500000
vt 0.579610 0.996654
vt 0.375000 0.944476
vt 0.375000 0.996654
vt 0.375000 0.938831
vt 0.494299 0.886254
vt 0.494299 0.879439
vt 0.579610 0.253346
vt 0.375000 0.305524
vt 0.579611 0.305524
vt 0.494299 0.363746
vt 0.375000 0.311169
vt 0.494299 0.370561
vt 0.125000 0.253346
vt 0.375000 0.253346
vt 0.125000 0.499255
vt 0.125000 0.311169
vt 0.588794 1.000000
vt 0.589676 0.625000
vt 0.588794 0.500000
vt 0.589676 0.125000
vt 0.588794 0.000000
vt 0.750000 0.250000
vt 0.588794 0.250000
vt 0.588794 0.750000
vt 0.588794 0.750000
vt 0.588794 1.000000
vt 0.625000 0.625000
vt 0.588794 0.000000
vt 0.125000 0.044688
vt 0.250000 0.452410
vt 0.125000 0.452410
vt 0.750000 0.044688
vt 0.875000 0.452410
vt 0.750000 0.452410
vt 0.375000 0.044688
vt 0.375000 0.452410
vt 0.625000 0.044688
vt 0.625000 0.452410
vt 0.750000 0.957331
vt 0.500000 0.452410
vt 0.000000 0.452410
vt 0.875000 0.044688
vt 1.000000 0.452410
vt 0.386799 0.886799
vt 0.250000 0.943463
vt 0.500000 0.044688
vt 0.628048 0.628048
vt 0.077534 0.750000
vt 0.128048 0.628048
vt 0.750000 0.577534
vt 0.250000 0.577534
vt 0.900389 0.599611
vt 0.871952 0.628048
vt 0.250000 0.537318
vt 0.371952 0.628048
vt 0.962682 0.750000
vt 0.922466 0.750000
vt 0.462682 0.750000
vt 0.422466 0.750000
vt 0.900389 0.900389
vt 0.871952 0.871952
vt 0.400389 0.900389
vt 0.371952 0.871952
vt 0.750000 0.962682
vt 0.750000 0.922466
vt 0.250000 0.962682
vt 0.250000 0.922466
vt 0.628048 0.871952
vt 0.128048 0.871952
vt 0.577534 0.750000
vt 0.599611 0.900389
vt 0.099611 0.900389
vt 0.537318 0.750000
vt 0.037318 0.750000
vt 0.599611 0.599611
vt 0.875000 0.403344
vt 0.750000 0.403344
vt 0.625000 0.403344
vt 0.500000 0.403344
vt 0.375000 0.403344
vt 0.111800 0.611800
vt 0.250000 0.554556
vt 0.250000 0.403344
vt 0.125000 0.403344
vt 0.905800 0.594200
vt 0.750000 0.529665
vt 0.970335 0.750000
vt 0.905800 0.905800
vt 0.750000 0.970335
vt 0.594199 0.905800
vt 0.529665 0.750000
vt 0.594200 0.594199
vt 0.500000 0.198228
vt 0.375000 0.198228
vt 0.125000 0.198227
vt 0.000000 0.198227
vt 0.250000 0.198227
vt 0.625000 0.198228
vt 0.750000 0.198227
vt 0.875000 0.198227
vt 0.250000 0.945444
vt 0.802285 0.407096
vt 0.515602 0.250000
vt 0.515602 0.360400
vt 0.496286 0.360400
vt 0.475733 1.000000
vt 0.475733 0.889600
vt 0.496286 0.889600
vt 0.551655 0.500000
vt 0.551654 0.555197
vt 0.525000 0.572715
vt 0.375000 0.537702
vt 0.375000 0.559439
vt 0.515602 0.000000
vt 0.475733 0.250000
vt 0.475733 0.000000
vt 0.625000 0.860905
vt 0.611172 0.860905
vt 0.775499 0.389095
vt 0.775499 0.250000
vt 0.611172 0.099501
vt 0.555968 0.054777
vt 0.336136 0.265182
vt 0.163864 0.265182
vt 0.315561 0.407096
vt 0.525000 0.193685
vt 0.375000 0.038875
vt 0.375000 0.211125
vt 0.551655 0.763874
vt 0.551655 0.984764
vt 0.775499 0.347247
vt 0.875000 0.347247
vt 0.551655 0.694803
vt 0.625000 0.677285
vt 0.551655 0.193685
vt 0.551654 0.056315
vt 0.775499 0.389095
vt 0.875000 0.389095
vt 0.611172 0.650499
vt 0.555968 0.695223
vt 0.525000 0.984764
vt 0.375000 0.763874
vt 0.375000 0.984764
vt 0.555968 0.750000
vt 0.555969 0.902753
vt 0.611172 0.902753
vt 0.555968 1.000000
vt 0.555968 0.860905
vt 0.375000 0.712298
vt 0.525000 0.677285
vt 0.375000 0.690561
vt 0.551655 0.486126
vt 0.551655 0.265236
vt 0.555969 0.695223
vt 0.611172 0.650499
vt 0.625000 0.902753
vt 0.611172 0.902753
vt 0.375000 0.486126
vt 0.525000 0.265236
vt 0.375000 0.265236
vt 0.775499 0.347247
vt 0.775499 0.500000
vt 0.125000 0.485738
vt 0.407257 0.500000
vt 0.375000 0.485738
vt 0.625000 0.490492
vt 0.576614 0.750000
vt 0.625000 0.757131
vt 0.125000 0.264262
vt 0.407257 0.250000
vt 0.625000 0.259508
vt 0.576614 0.000000
vt 0.576614 0.250000
vt 0.500000 0.977853
vt 0.576614 1.000000
vt 0.538694 0.973042
vt 0.375000 0.985738
vt 0.461306 0.798021
vt 0.375000 0.764262
vt 0.500000 0.770415
vt 0.423386 0.750000
vt 0.461306 0.775571
vt 0.423386 0.000000
vt 0.875000 0.485738
vt 0.576614 0.500000
vt 0.875000 0.325430
vt 1.000000 0.325430
vt 0.750000 0.325431
vt 0.625000 0.325430
vt 0.500000 0.325430
vt 0.375000 0.325430
vt 0.250000 0.325430
vt 0.125000 0.325430
vt 0.000000 0.325430
vt 0.875000 0.325430
vt 1.000000 0.325430
vt 0.625000 0.325430
vt 0.500000 0.325430
vt 0.930643 0.000438
vt 1.000000 0.000438
vt 1.000000 0.482118
vt 1.000000 0.289294
vt 1.000000 0.208839
vt 0.900354 0.114489
vt 0.875000 0.099643
vt 0.900354 0.109212
vt 0.875000 0.109499
vt 0.946341 0.085760
vt 1.000000 0.085760
vt 1.000000 0.043992
vt 1.000000 0.031615
vt 1.000000 0.011140
vt 0.946341 0.011140
vt 0.803659 0.011140
vt 0.849648 0.109212
vt 0.750000 0.099643
vt 0.750000 0.099806
vt 0.778630 0.099765
vt 0.778630 0.101402
vt 0.750000 0.101361
vt 0.829679 0.110611
vt 0.750000 0.208839
vt 0.829678 0.113090
vt 0.706569 0.488680
vt 0.625000 0.031621
vt 0.647599 0.099819
vt 0.625000 0.208876
vt 0.647599 0.101379
vt 0.642992 0.099942
vt 0.625000 0.298764
vt 0.500000 0.031621
vt 0.599180 0.136760
vt 0.606936 0.099660
vt 0.599180 0.114374
vt 0.589114 0.099660
vt 0.565767 0.114374
vt 0.515355 0.136759
vt 0.515355 0.208875
vt 0.573409 0.118358
vt 0.515355 0.216677
vt 0.515355 0.289344
vt 0.607333 0.044000
vt 0.426591 0.132762
vt 0.426591 0.118346
vt 0.400820 0.118341
vt 0.484645 0.208871
vt 0.484645 0.136756
vt 0.424549 0.208853
vt 0.400820 0.114358
vt 0.393064 0.099645
vt 0.434233 0.114363
vt 0.410886 0.099648
vt 0.375000 0.482118
vt 0.408913 0.482118
vt 0.394371 0.085762
vt 0.394371 0.051828
vt 0.394371 0.043993
vt 0.408913 0.488680
vt 0.364302 0.051826
vt 0.125000 0.043992
vt 0.000000 0.099643
vt 0.000000 0.216639
vt 0.000000 0.011140
vt 0.542669 0.750000
vt 0.896605 0.603395
vt 0.957331 0.750000
vt 0.603395 0.603395
vt 0.598268 0.834804
vt 0.598268 0.750000
vt 0.598268 1.000000
vt 0.598268 0.915196
vt 0.448392 0.543918
vt 0.609100 0.500000
vt 0.609100 0.335165
vt 0.609100 0.250000
vt 0.609100 0.414835
vt 0.430074 0.040785
vt 0.461542 0.048562
vt 0.598268 0.000000
vt 0.448392 0.206082
vt 0.435611 0.076548
vt 0.477338 0.750000
vt 0.454203 0.805853
vt 0.456275 0.831419
vt 0.145589 0.946752
vt 0.132860 0.928817
vt 0.089248 0.910752
vt 0.410752 0.589247
vt 0.022662 0.750000
vt 0.589248 0.910752
vt 0.632860 0.928817
vt 0.645589 0.946752
vt 0.956275 0.831419
vt 0.954203 0.805853
vt 0.977338 0.750000
vt 0.522662 0.750000
vt 0.910752 0.589248
vt 0.750000 0.522662
vt 0.106441 0.606440
vt 0.453024 0.750000
vt 0.046976 0.750000
vt 0.393560 0.893559
vt 0.250000 0.953024
vt 0.113201 0.613201
vt 0.056537 0.750000
vt 0.443463 0.750000
vt 0.386799 0.613201
vt 0.944129 0.491716
vt 0.944129 0.500000
vt 0.928918 0.000000
vt 0.911772 0.168252
vt 0.911772 0.245169
vt 0.925307 0.491716
vt 0.838231 0.245168
vt 0.838231 0.168252
vt 0.821082 0.000000
vt 0.805871 0.491716
vt 0.824693 0.491716
vt 0.805871 0.500000
vt 0.450027 0.653497
vt 0.250000 0.517440
vt 0.341243 0.555234
vt 0.346504 0.549973
vt 0.085555 0.914445
vt 0.017440 0.750000
vt 0.585555 0.914445
vt 0.825853 0.541419
vt 0.820592 0.546680
vt 0.750000 0.517440
vt 0.982560 0.750000
vt 0.604251 0.039751
vt 0.397288 0.250000
vt 0.443860 0.210243
vt 0.397276 0.997254
vt 0.397288 1.000000
vt 0.625000 0.923138
vt 0.835249 0.322788
vt 0.408396 0.500000
vt 0.397276 0.252725
vt 0.625000 0.999983
vt 0.400308 0.981010
vt 0.429847 1.000000
vt 0.400308 0.268990
vt 0.375000 0.509419
vt 0.157150 0.250000
vt 0.330912 0.250000
vt 0.365581 0.500000
vt 0.134424 0.499992
vt 0.512663 0.181507
vt 0.541847 0.181507
vt 0.544167 0.181507
vt 0.376019 0.049942
vt 0.544167 0.049942
vt 0.541847 0.049942
vt 0.875000 0.388161
vt 0.875000 0.111844
vt 0.768033 0.388161
vt 0.394747 0.500000
vt 0.416308 0.905576
vt 0.395884 0.878603
vt 0.392896 0.930811
vt 0.107104 0.930811
vt 0.086962 0.905951
vt 0.122570 0.871978
vt 0.483297 0.746150
vt 0.018148 0.746173
vt 0.414980 0.582733
vt 0.086082 0.582739
vt 0.363422 0.500000
vt 0.149389 0.251393
vt 0.146474 0.282040
vt 0.313538 0.344598
vt 0.593402 0.750001
vt 0.375000 0.782040
vt 0.582150 0.910388
vt 0.595409 0.905765
vt 0.607104 0.930811
vt 0.911495 0.910764
vt 0.874418 0.906603
vt 0.869662 0.899395
vt 0.516020 0.748278
vt 0.981169 0.748301
vt 0.584520 0.584296
vt 0.913417 0.584302
vt 0.413862 0.541504
vt 0.541956 0.787225
vt 0.594079 0.902783
vt 0.590512 0.250001
vt 0.375000 0.261323
vt 0.625000 0.489606
vt 0.625000 0.986552
vt 0.625000 0.760394
vt 0.911772 0.249459
vt 0.908723 0.260928
vt 0.928918 0.392061
vt 0.875000 0.392061
vt 0.911772 0.198542
vt 0.944129 0.000000
vt 0.944129 0.006569
vt 0.925307 0.006569
vt 0.805871 0.006569
vt 0.805871 0.000000
vt 0.821082 0.392061
vt 0.824693 0.006569
vt 0.838231 0.198542
vt 0.841277 0.260928
vt 0.582150 0.910388
vt 0.595409 0.905764
vt 0.911495 0.910764
vt 0.868722 0.899140
vt 0.516020 0.748278
vt 0.913417 0.584302
vt 0.528418 0.623657
vt 0.805034 0.859591
vt 0.577272 0.865112
vt 0.332974 0.490935
vt 0.186462 0.282040
vt 0.331772 0.260490
vt 0.593402 0.750005
vt 0.394509 0.834827
vt 0.413862 0.208496
vt 0.458581 0.674147
vt 0.453970 0.675999
vt 0.396200 0.881269
vt 0.321099 0.543995
vt 0.325853 0.541419
vt 0.424414 0.061462
vt 0.193221 0.686106
vt 0.319604 0.384038
vt 0.128169 0.859017
vt 0.086962 0.905951
vt 0.086082 0.582739
vt 0.590512 0.250005
vt 0.400308 0.769532
vt 0.625000 0.750008
vt 0.400308 0.480468
vt 0.400308 0.000000
vt 0.625000 0.734421
vt 0.425353 0.203180
vt 0.425353 0.046820
vt 0.408396 1.000000
vt 0.835248 0.322788
vt 0.454620 0.710248
vt 0.419483 0.740577
vt 0.157150 0.250000
vt 0.134423 0.500000
vt 0.365580 0.499997
vt 0.174942 0.250000
vt 0.301056 0.250000
vt 0.174942 0.250000
vt 0.542467 0.181507
vt 0.539264 0.181507
vt 0.508310 0.181507
vt 0.539264 0.049942
vt 0.625000 0.673978
vt 0.392775 0.826022
vt 0.875000 0.423978
vt 0.875000 0.326022
vt 0.798978 0.250000
vt 0.432592 0.673978
vt 0.319300 0.961295
vt 0.555807 0.000000
vt 0.375000 0.080388
vt 0.328780 0.301544
vt 0.529861 0.837294
vt 0.541008 0.837290
vt 0.540965 0.793493
vt 0.521471 0.793495
vt 0.541135 0.967436
vt 0.541103 0.934810
vt 0.530098 0.934817
vt 0.514804 0.787599
vt 0.514790 0.781672
vt 0.461562 0.781672
vt 0.522239 0.967445
vt 0.516454 1.000000
vt 0.515894 0.972438
vt 0.450030 0.965598
vt 0.516365 0.011218
vt 0.445167 0.972363
vt 0.450030 0.965598
vt 0.514804 0.787599
vt 0.280142 0.500000
vt 0.326718 0.500000
vt 0.173282 0.500000
vt 0.219858 0.435967
vt 0.219858 0.500000
vt 0.539211 0.979623
vt 0.375000 0.978368
vt 0.173282 0.303606
vt 0.125000 0.271632
vt 0.694734 0.382372
vt 0.717862 0.284596
vt 0.782138 0.284596
vt 0.183048 0.500000
vt 0.596053 1.000000
vt 0.550453 0.005992
vt 0.596053 0.000000
vt 0.471698 0.089767
vt 0.526115 0.030376
vt 0.471698 0.660233
vt 0.550453 0.744008
vt 0.526115 0.719624
vt 0.590424 0.975220
vt 0.125000 0.489843
vt 0.616639 1.000000
vt 0.522386 0.605648
vt 0.485566 0.644352
vt 0.522386 0.644352
vt 0.579069 0.042112
vt 0.616639 0.000000
vt 0.467665 0.207888
vt 0.579069 0.207888
vt 0.157480 0.455510
vt 0.125000 0.455510
vt 0.342520 0.455510
vt 0.375000 0.294490
vt 0.125000 0.294490
vt 0.616639 0.794490
vt 0.542970 0.032480
vt 0.875000 0.488907
vt 0.875000 0.125726
vt 0.768033 0.488907
vt 0.485121 0.500000
vt 0.229800 0.981633
vt 0.229800 0.974193
vt 0.085555 0.914445
vt 0.414445 0.914445
vt 0.270200 0.974193
vt 0.270200 0.981633
vt 0.414445 0.585555
vt 0.914445 0.585555
vt 0.770200 0.981633
vt 0.914445 0.914445
vt 0.770200 0.974193
vt 0.517440 0.750000
vt 0.729800 0.974193
vt 0.583260 0.912273
vt 0.620366 0.910930
vt 0.646505 0.947131
vt 0.853494 0.947131
vt 0.912833 0.913070
vt 0.811239 0.894862
vt 0.516220 0.748738
vt 0.981413 0.748822
vt 0.584638 0.584598
vt 0.913548 0.584622
vt 0.485997 0.684519
vt 0.448156 0.687704
vt 0.409719 0.622332
vt 0.467202 1.000000
vt 0.017814 0.747281
vt 0.324950 0.316990
vt 0.375000 0.027756
vt 0.467202 0.000000
vt 0.353494 0.947131
vt 0.085879 0.583418
vt 0.354807 0.182361
vt 0.250312 0.515449
vt 0.365437 0.209988
vt 0.366994 0.281736
vt 0.414789 0.583394
vt 0.483007 0.747195
vt 0.579611 0.944476
vt 0.579611 0.938831
vt 0.579611 0.886254
vt 0.579613 0.750942
vt 0.375000 0.750745
vt 0.579612 0.879439
vt 0.579611 0.363746
vt 0.579611 0.311169
vt 0.375000 0.499418
vt 0.579613 0.499220
vt 0.579612 0.370561
vt 0.125000 0.305524
vt 0.625000 0.125000
vt 0.250000 0.044688
vt 0.603395 0.896605
vt 0.896605 0.896605
vt 0.000000 0.044688
vt 1.000000 0.044688
vt 0.113201 0.886799
vt 0.750000 0.537318
vt 0.400389 0.599611
vt 0.099611 0.599611
vt 1.000000 0.403343
vt 0.054556 0.750000
vt 0.445444 0.750000
vt 0.388200 0.611800
vt 0.000000 0.403343
vt 1.000000 0.198227
vt 0.388200 0.888200
vt 0.111800 0.888200
vt 0.697715 0.407096
vt 0.697715 0.500000
vt 0.802285 0.500000
vt 0.475733 0.360400
vt 0.515602 0.889600
vt 0.515602 1.000000
vt 0.525000 0.555197
vt 0.625000 0.572715
vt 0.555968 0.860905
vt 0.555968 0.000000
vt 0.625000 0.099501
vt 0.125000 0.265236
vt 0.125000 0.486126
vt 0.184439 0.407096
vt 0.162627 0.485864
vt 0.162702 0.500000
vt 0.184439 0.500000
vt 0.336125 0.250000
vt 0.163875 0.250000
vt 0.315561 0.500000
vt 0.337373 0.485864
vt 0.337298 0.500000
vt 0.525000 0.056315
vt 0.525000 0.763874
vt 0.551655 1.000000
vt 0.551655 0.750000
vt 0.525000 0.694803
vt 0.551655 0.250000
vt 0.551655 0.000000
vt 0.775499 0.250000
vt 0.625000 0.650499
vt 0.525000 0.486126
vt 0.375000 0.264262
vt 0.461306 0.973125
vt 0.423386 1.000000
vt 0.625000 0.985738
vt 0.554722 0.961405
vt 0.538694 0.949820
vt 0.538694 0.773900
vt 0.554722 0.784369
vt 0.538694 0.796192
vt 0.500000 0.945175
vt 0.500000 0.801898
vt 0.461306 0.950116
vt 0.445278 0.961668
vt 0.445278 0.787010
vt 0.875000 0.264262
vt 0.000000 0.325430
vt 0.555618 0.750000
vt 0.625000 0.715224
vt 0.625000 0.784691
vt 0.177476 0.319382
vt 0.125000 0.319382
vt 0.177476 0.430618
vt 0.125000 0.430618
vt 0.555618 1.000000
vt 0.444382 1.000000
vt 0.439528 0.697524
vt 0.444382 0.750000
vt 0.396964 0.433344
vt 0.490139 0.412361
vt 0.375000 0.427263
vt 0.625000 0.380695
vt 0.597304 0.466844
vt 0.443586 0.243232
vt 0.551290 0.198555
vt 0.376072 0.768741
vt 0.422032 0.779141
vt 0.625000 0.051445
vt 0.625000 0.000000
vt 0.375000 0.276228
vt 0.125000 0.246390
vt 0.125000 0.276228
vt 0.375000 0.243232
vt 0.375000 0.006768
vt 0.125000 0.457361
vt 0.375000 0.457361
vt 0.376105 0.797694
vt 0.376868 0.787492
vt 0.623662 0.783644
vt 0.624172 0.776718
vt 0.624531 0.483660
vt 0.597304 0.783156
vt 0.422033 0.470859
vt 0.376072 0.481259
vt 0.375000 0.792639
vt 0.376674 0.954454
vt 0.376674 0.295546
vt 0.377145 0.267906
vt 0.375000 0.250000
vt 0.375000 0.973772
vt 0.377145 0.982094
vt 0.417549 0.982532
vt 0.417549 0.267468
vt 0.575940 0.975075
vt 0.616929 0.979723
vt 0.616929 0.270277
vt 0.623461 0.984079
vt 0.623461 0.265921
vt 0.551244 0.750000
vt 0.551244 0.500000
vt 0.496057 0.500000
vt 0.543857 0.750000
vt 0.542695 0.500000
vt 0.585448 0.750000
vt 0.584881 0.500000
vt 0.125000 0.491913
vt 0.381869 0.500000
vt 0.375000 0.491913
vt 0.606165 0.466948
vt 0.585460 0.478863
vt 0.441619 0.750000
vt 0.385304 0.750000
vt 0.438991 0.500000
vt 0.497879 0.750000
vt 0.179222 0.250000
vt 0.320778 0.250000
vt 0.472912 0.880626
vt 0.497656 0.867298
vt 0.464012 0.873972
vt 0.484745 0.743433
vt 0.497656 0.730206
vt 0.432349 0.727550
vt 0.311604 0.250000
vt 0.331406 0.250000
vt 0.321733 0.250000
vt 0.191838 0.250000
vt 0.182165 0.250000
vt 0.464012 0.796499
vt 0.447087 0.765086
vt 0.484745 0.766766
vt 0.204690 0.250000
vt 0.484745 0.743433
vt 0.432349 0.727550
vt 0.497656 0.730206
vt 0.338421 0.458391
vt 0.375000 0.498101
vt 0.339748 0.298885
vt 0.161579 0.458391
vt 0.179739 0.298884
vt 0.160252 0.298884
vt 0.550367 0.915677
vt 0.625000 0.959007
vt 0.625000 0.839273
vt 0.486310 0.807759
vt 0.484149 0.782639
vt 0.375000 0.751899
vt 0.570925 0.229300
vt 0.570925 0.250000
vt 0.570925 0.000000
vt 0.625000 0.020700
vt 0.875000 0.360456
vt 0.875000 0.332792
vt 0.785994 0.287214
vt 0.625000 0.356184
vt 0.570925 0.230513
vt 0.649732 0.302970
vt 0.511834 0.339459
vt 0.480031 0.301650
vt 0.486310 0.442240
vt 0.625000 0.410727
vt 0.625000 0.290993
vt 0.550367 0.334323
vt 0.473679 1.000000
vt 0.473679 0.250000
vt 0.125000 0.478970
vt 0.154389 0.497429
vt 0.152141 0.478970
vt 0.375000 0.478970
vt 0.367726 0.497429
vt 0.397115 0.497429
vt 0.625000 0.217570
vt 0.587206 0.250000
vt 0.625000 0.264020
vt 0.486209 0.394659
vt 0.444356 0.406970
vt 0.541468 0.400767
vt 0.543121 0.847298
vt 0.445960 0.842055
vt 0.459937 0.867673
vt 0.625000 0.327673
vt 0.668984 0.328574
vt 0.668983 0.310415
vt 0.875000 0.271030
vt 0.831017 0.269796
vt 0.831016 0.314058
vt 0.668984 0.328574
vt 0.831016 0.331892
vt 0.506028 1.000000
vt 0.570923 0.250000
vt 0.482370 0.250000
vt 0.506028 0.250000
vt 0.448322 0.250000
vt 0.349327 0.314371
vt 0.375000 0.314371
vt 0.150673 0.314371
vt 0.158202 0.250000
vt 0.375000 0.477515
vt 0.125000 0.477515
vt 0.150673 0.477515
vt 0.375000 0.935629
vt 0.484982 1.000000
vt 0.589649 1.000000
vt 0.452086 0.224327
vt 0.580393 0.250000
vt 0.581382 0.224327
vt 0.484982 0.000000
vt 0.588660 0.025673
vt 0.589649 0.000000
vt 0.589300 0.477515
vt 0.502312 0.831180
vt 0.503825 0.475941
vt 0.484149 0.467361
vt 0.875000 0.410727
vt 0.875000 0.290993
vt 0.854300 0.250000
vt 0.502312 0.418819
vt 0.496047 0.258094
vt 0.505585 0.312847
vt 0.625000 0.473494
vt 0.479779 0.283567
vt 0.570925 0.016431
vt 0.570925 0.233569
vt 0.625000 0.776506
vt 0.503825 0.774059
vt 0.480030 0.948350
vt 0.479779 0.966433
vt 0.570925 1.000000
vt 0.505585 0.937152
vt 0.496047 0.991906
vt 0.625000 0.046450
vt 0.587206 0.000000
vt 0.587206 0.043983
vt 0.625000 0.198555
vt 0.490139 0.837639
vt 0.396964 0.816656
vt 0.347859 0.474824
vt 0.347859 0.478970
vt 0.125000 0.456247
vt 0.140559 0.465604
vt 0.140180 0.456247
vt 0.606631 0.762692
vt 0.581247 0.734820
vt 0.581247 0.750000
vt 0.141322 0.265550
vt 0.141952 0.250000
vt 0.593915 0.000000
vt 0.625000 0.016952
vt 0.375000 0.456247
vt 0.359820 0.300974
vt 0.359820 0.456247
vt 0.599316 0.950804
vt 0.602281 0.966059
vt 0.625000 0.956247
vt 0.404169 0.250000
vt 0.571281 0.234820
vt 0.405055 0.234820
vt 0.625000 0.452437
vt 0.640180 0.280054
vt 0.625000 0.279169
vt 0.581247 0.500000
vt 0.409652 0.515180
vt 0.581247 0.515180
vt 0.125000 0.370378
vt 0.250000 0.129622
vt 0.250000 0.370378
vt 0.250000 0.112982
vt 0.375000 0.387018
vt 0.250000 0.387018
vt 0.625000 0.112982
vt 0.750000 0.387018
vt 0.625000 0.387018
vt 0.000000 0.112982
vt 0.125000 0.387018
vt 0.000000 0.387018
vt 0.125000 0.300974
vt 0.140180 0.300974
vt 0.500000 0.112982
vt 0.500000 0.387018
vt 0.125000 0.112982
vt 0.593915 0.242752
vt 0.625000 0.262217
vt 0.634891 0.129622
vt 0.750000 0.112982
vt 0.634891 0.370378
vt 0.500000 0.129622
vt 0.625000 0.370378
vt 0.500000 0.370378
vt 0.378714 0.285501
vt 0.379447 0.278258
vt 0.572006 0.015180
vt 0.418753 0.000000
vt 0.417868 0.015180
vt 0.875000 0.112982
vt 1.000000 0.387018
vt 0.875000 0.387018
vt 0.154102 0.370378
vt 0.154103 0.129622
vt 0.375000 0.112982
vt 0.375000 0.370378
vt 0.500000 0.129622
vt 0.500000 0.370378
vt 0.875000 0.112982
vt 0.875000 0.387018
vt 0.426960 0.977480
vt 0.602100 0.276168
vt 0.598871 0.291508
vt 0.422993 0.750000
vt 0.422131 0.734820
vt 0.657384 0.370378
vt 0.657384 0.129622
vt 0.875000 0.440652
vt 0.859820 0.292868
vt 0.859820 0.441368
vt 0.369932 0.129622
vt 0.369932 0.370378
vt 0.606631 0.483077
vt 0.606631 0.500056
vt 0.823077 0.370378
vt 0.750000 0.129622
vt 0.761173 0.129622
vt 0.750000 0.387018
vt 0.489935 0.370378
vt 0.489935 0.129622
vt 0.875000 0.370378
vt 1.000000 0.129622
vt 1.000000 0.370378
vt 0.750000 0.129622
vt 0.750000 0.370378
vt 0.380181 0.468902
vt 0.482152 0.370378
vt 0.375000 0.129622
vt 0.831336 0.129622
vt 0.831336 0.370378
vt 0.541649 0.370378
vt 0.541649 0.129622
vt 0.393802 0.265550
vt 0.387217 0.250000
vt 0.377480 0.265550
vt 0.381238 0.465604
vt 0.365679 0.465604
vt 0.625000 0.129622
vt 0.000000 0.129622
vt 0.000000 0.370378
vt 0.125000 0.129622
vt 0.625000 0.129623
vt 0.625000 0.370378
vt 1.000000 0.129622
vt 0.459679 0.250000
vt 0.587206 0.206017
vt 0.468281 0.206017
vt 0.339748 0.250000
vt 0.363244 0.250000
vt 0.558671 0.871427
vt 0.375002 0.871427
vt 0.136756 0.250000
vt 0.558671 0.378573
vt 0.618880 0.250000
vt 0.574847 0.238244
vt 0.375000 0.238244
vt 0.574847 0.011756
vt 0.618880 0.000000
vt 0.473536 0.043983
vt 0.470821 0.000000
vt 0.530014 0.866632
vt 0.464018 0.866632
vt 0.469180 0.750000
vt 0.152141 0.474824
vt 0.168983 0.327535
vt 0.187353 0.332092
vt 0.213136 0.327535
vt 0.540474 0.750000
vt 0.477420 0.832706
vt 0.465100 0.834569
vt 0.465100 0.893965
vt 0.502869 0.965539
vt 0.540474 0.500000
vt 0.540474 0.325263
vt 0.477420 0.359472
vt 0.502869 0.284461
vt 0.457056 0.408224
vt 0.465100 0.415431
vt 0.502868 1.000000
vt 0.475719 1.000000
vt 0.502869 0.250000
vt 0.502869 1.000000
vt 0.475719 0.250000
vt 0.475719 0.250000
vt 0.463326 0.681877
vt 0.463326 0.568123
vt 0.469180 0.500001
vt 0.469180 0.500000
vt 0.453132 0.489685
vt 0.553104 0.415092
vt 0.352882 0.500000
vt 0.308024 0.429207
vt 0.316693 0.429207
vt 0.194314 0.500000
vt 0.191976 0.429207
vt 0.204620 0.500000
vt 0.625000 0.707827
vt 0.554207 0.683024
vt 0.625000 0.696293
vt 0.625000 0.541908
vt 0.554207 0.558307
vt 0.625000 0.530374
vt 0.183307 0.320793
vt 0.204620 0.250000
vt 0.191976 0.320793
vt 0.316693 0.320793
vt 0.342575 0.250000
vt 0.352882 0.250000
vt 0.606034 0.208319
vt 0.625000 0.217575
vt 0.625000 0.227882
vt 0.554207 0.058307
vt 0.625000 0.079620
vt 0.554207 0.066976
vt 0.183307 0.429207
vt 0.308024 0.320793
vt 0.554207 0.191693
vt 0.428517 0.183024
vt 0.554207 0.183024
vt 0.439471 0.066976
vt 0.440289 0.058307
vt 0.691976 0.303517
vt 0.683307 0.447301
vt 0.683307 0.302699
vt 0.808024 0.435529
vt 0.816693 0.315289
vt 0.816693 0.434711
vt 0.554207 0.691693
vt 0.439471 0.683024
vt 0.427699 0.558307
vt 0.554207 0.566976
vt 0.428517 0.566976
vt 0.875000 0.319382
vt 0.822524 0.435472
vt 0.822524 0.314528
vt 0.444382 0.000000
vt 0.555618 0.052476
vt 0.439528 0.052476
vt 0.555618 0.000000
vt 0.625000 0.062185
vt 0.187185 0.500000
vt 0.192699 0.250000
vt 0.625000 0.718788
vt 0.183686 0.250000
vt 0.189002 0.382601
vt 0.512981 0.706529
vt 0.625000 0.718316
vt 0.164462 0.250000
vt 0.174484 0.500000
vt 0.375000 0.684049
vt 0.189002 0.382598
vt 0.183686 0.250000
vt 0.512980 0.706529
vt 0.164462 0.250000
vt 0.844534 0.250000
vt 0.849144 0.250000
vt 0.625000 0.718791
vt 0.375000 0.684052
vt 0.188997 0.382527
vt 0.183684 0.250000
vt 0.625000 0.718319
vt 0.512953 0.706529
vt 0.164460 0.250000
vt 0.183685 0.250000
vt 0.188997 0.382524
vt 0.512951 0.706529
vt 0.164461 0.250000
vt 0.174483 0.500000
vt 0.125000 0.474913
vt 0.391724 0.500000
vt 0.375000 0.474913
vt 0.625000 0.483276
vt 0.599913 0.750000
vt 0.625000 0.762543
vt 0.375000 0.275087
vt 0.125000 0.275087
vt 0.599913 0.250000
vt 0.625000 0.266724
vt 0.625000 0.974913
vt 0.375000 0.974913
vt 0.400087 0.000000
vt 0.391724 0.250000
vt 0.875000 0.474913
vt 0.400087 0.750000
vt 0.603028 0.375000
vt 0.572117 0.299782
vt 0.395806 0.375000
vt 0.423702 0.301804
vt 0.916128 0.122312
vt 0.932505 0.189605
vt 0.750000 0.243536
vt 0.743413 0.250000
vt 0.416138 0.122304
vt 0.432513 0.189598
vt 0.250000 0.250000
vt 0.250000 0.243516
vt 0.243392 0.250000
vt 0.119345 0.250000
vt 0.000000 0.250000
vt 0.000000 0.465523
vt 0.250000 0.465523
vt 0.233379 0.278728
vt 0.180868 0.312829
vt 0.380655 0.250000
vt 0.375000 0.465523
vt 0.500000 0.465523
vt 0.619344 0.250000
vt 0.500000 0.250000
vt 0.750000 0.465523
vt 0.733379 0.278783
vt 0.680871 0.312885
vt 0.819129 0.312884
vt 0.766620 0.278783
vt 0.880655 0.250000
vt 0.875000 0.271566
vt 0.875000 0.465523
vt 0.854606 0.250000
vt 0.844534 0.455235
vt 0.583872 0.122313
vt 0.607586 0.060527
vt 0.444694 0.691860
vt 0.055334 0.691860
vt 0.615492 0.030466
vt 0.388550 0.067699
vt 0.581414 0.030466
vt 0.608235 0.027011
vt 0.581416 0.030466
vt 0.608234 0.027012
vt 0.319132 0.312830
vt 0.266621 0.278728
vt 0.600496 0.030466
vt 0.413255 0.056484
vt 0.615510 0.030466
vt 0.388568 0.067699
vt 0.853202 0.250000
vt 0.844534 0.426618
vt 0.600496 0.030466
vt 0.413256 0.056484
vt 0.843316 0.500000
vt 0.844534 0.426620
vt 0.083863 0.122304
vt 0.107576 0.060518
vt 0.853211 0.250000
vt 0.844534 0.426799
vt 0.875000 0.162680
vt 0.875000 0.075302
vt 0.822857 0.250000
vt 0.854754 0.011757
vt 0.792824 0.000000
vt 0.756587 0.250000
vt 0.204940 0.244989
vt 0.232740 0.250000
vt 0.207176 0.000000
vt 0.177143 0.250000
vt 0.125000 0.162680
vt 0.149341 0.241818
vt 0.581386 0.030466
vt 0.608207 0.027011
vt 0.843319 0.500000
vt 0.844534 0.426797
vt 0.704943 0.245009
vt 0.732739 0.250000
vt 0.707175 0.000000
vt 0.677143 0.250000
vt 0.625000 0.162681
vt 0.649345 0.241839
vt 0.843569 0.250000
vt 0.843788 0.500000
vt 0.844534 0.455056
vt 0.843791 0.500000
vt 0.844534 0.455232
vt 0.854597 0.250000
vt 0.844534 0.455053
vt 0.375000 0.162681
vt 0.375000 0.075304
vt 0.322857 0.250000
vt 0.354765 0.011737
vt 0.292825 0.000000
vt 0.256608 0.250000
vt 0.600474 0.030466
vt 0.413234 0.056484
vt 0.615511 0.030466
vt 0.388568 0.067699
vt 0.615493 0.030466
vt 0.388550 0.067699
vt 0.600474 0.030466
vt 0.413233 0.056484
vt 0.581388 0.030466
vt 0.608206 0.027012
vt 0.555618 0.697524
vt 0.187185 0.250000
vt 0.375000 0.930618
vt 0.375000 0.819382
vt 0.625000 0.930618
vt 0.542599 0.388571
vt 0.542599 0.380695
vt 0.125000 0.427263
vt 0.875000 0.380695
vt 0.623663 0.466355
vt 0.551289 0.051445
vt 0.443586 0.006768
vt 0.454658 0.974935
vt 0.429124 0.977964
vt 0.515800 0.968064
vt 0.455626 0.974542
vt 0.505118 0.847265
vt 0.500778 0.845520
vt 0.517417 0.842058
vt 0.622633 0.949056
vt 0.620891 0.875356
vt 0.523463 0.828174
vt 0.613423 0.855983
vt 0.516284 0.812132
vt 0.490846 0.805191
vt 0.439051 0.798653
vt 0.473938 0.818296
vt 0.472170 0.812618
vt 0.380181 0.781098
vt 0.380742 0.783910
vt 0.377777 0.778763
vt 0.377669 0.818661
vt 0.377606 0.950982
vt 0.378014 0.943591
vt 0.377992 0.811144
vt 0.377145 0.802233
vt 0.624680 0.762078
vt 0.624172 0.473282
vt 0.376105 0.452306
vt 0.575940 0.274926
vt 0.375000 0.750000
vt 0.607209 0.454829
vt 0.548365 0.460939
vt 0.590428 0.450554
vt 0.484745 0.766766
vt 0.484745 0.750000
vt 0.447087 0.765086
vt 0.432349 0.750000
vt 0.497656 0.773381
vt 0.491360 0.773381
vt 0.472912 0.882872
vt 0.497656 0.743433
vt 0.573313 0.730206
vt 0.573314 0.727550
vt 0.320778 0.250000
vt 0.188396 0.250000
vt 0.472912 0.880626
vt 0.472912 0.882872
vt 0.464012 0.873972
vt 0.497656 0.867298
vt 0.491360 0.773381
vt 0.311604 0.250000
vt 0.305396 0.250000
vt 0.295310 0.250000
vt 0.188396 0.250000
vt 0.196179 0.250000
vt 0.573314 0.727550
vt 0.573314 0.730206
vt 0.375000 0.758087
vt 0.338421 0.498101
vt 0.320261 0.298885
vt 0.320261 0.458391
vt 0.160252 0.250000
vt 0.125000 0.498101
vt 0.161579 0.498101
vt 0.179739 0.458391
vt 0.539615 0.920372
vt 0.522921 0.917987
vt 0.538200 0.855917
vt 0.521463 0.854745
vt 0.549382 0.863226
vt 0.510863 0.860351
vt 0.511834 0.910541
vt 0.625000 0.752242
vt 0.625000 0.229300
vt 0.570925 0.020700
vt 0.570925 0.019487
vt 0.625000 0.497758
vt 0.522922 0.332013
vt 0.510863 0.389649
vt 0.521464 0.395255
vt 0.538200 0.394083
vt 0.539615 0.329628
vt 0.549382 0.386774
vt 0.125000 0.497429
vt 0.529348 0.293281
vt 0.541238 0.301107
vt 0.575272 0.299129
vt 0.461465 0.274700
vt 0.475081 0.282661
vt 0.516228 0.284645
vt 0.435233 0.446202
vt 0.375000 0.386555
vt 0.476931 0.328579
vt 0.462582 0.336228
vt 0.506239 0.344223
vt 0.457432 0.379855
vt 0.470231 0.368650
vt 0.552859 0.382488
vt 0.509997 0.327272
vt 0.467928 0.387059
vt 0.537036 0.391548
vt 0.470821 1.000000
vt 0.587206 1.000000
vt 0.625000 0.978970
vt 0.625000 0.917208
vt 0.625000 0.889544
vt 0.375000 0.771030
vt 0.375000 0.863661
vt 0.438475 0.803337
vt 0.408173 0.752571
vt 0.668983 0.265253
vt 0.482370 1.000000
vt 0.570923 1.000000
vt 0.415119 0.250000
vt 0.125000 0.314371
vt 0.349327 0.477515
vt 0.589649 0.772485
vt 0.375000 0.772485
vt 0.481218 0.025673
vt 0.645700 0.250000
vt 0.643865 0.421565
vt 0.856135 0.421566
vt 0.875000 0.497758
vt 0.875000 0.473494
vt 0.375000 0.822737
vt 0.625000 0.869305
vt 0.542599 0.861429
vt 0.542599 0.869305
vt 0.331017 0.327535
vt 0.286864 0.327535
vt 0.312647 0.332092
vt 0.286864 0.332092
vt 0.349679 0.320711
vt 0.331017 0.320670
vt 0.349678 0.384717
vt 0.335174 0.344280
vt 0.335174 0.474824
vt 0.125000 0.465604
vt 0.606631 0.745713
vt 0.125000 0.265550
vt 0.593915 0.015693
vt 0.375000 0.300974
vt 0.384721 0.788238
vt 0.384358 0.784396
vt 0.375000 0.793753
vt 0.375000 0.949026
vt 0.377100 0.941546
vt 0.389656 0.931549
vt 0.398196 0.790905
vt 0.403082 0.935928
vt 0.413051 0.779711
vt 0.411479 0.953149
vt 0.422401 0.761266
vt 0.412122 0.974054
vt 0.403203 0.984450
vt 0.418753 1.000000
vt 0.572056 1.000000
vt 0.570973 0.984941
vt 0.577246 0.963966
vt 0.607005 0.774808
vt 0.625000 0.789571
vt 0.616397 0.788821
vt 0.588596 0.950077
vt 0.593915 0.987332
vt 0.571231 0.250000
vt 0.640180 0.451721
vt 0.408789 0.500000
vt 0.125000 0.129622
vt 0.593915 0.258445
vt 0.634891 0.112982
vt 0.634891 0.387018
vt 0.426806 0.271235
vt 0.429124 0.272036
vt 0.377606 0.299018
vt 0.377446 0.297752
vt 0.377114 0.286928
vt 0.426960 0.272520
vt 0.428182 0.273125
vt 0.378943 0.286198
vt 0.572056 0.000000
vt 1.000000 0.112982
vt 0.154102 0.387018
vt 0.154103 0.112982
vt 0.375000 0.129622
vt 0.377446 0.952248
vt 0.426806 0.978765
vt 0.428182 0.976875
vt 0.379447 0.971742
vt 0.377114 0.963072
vt 0.378943 0.963802
vt 0.378714 0.964499
vt 0.376783 0.308438
vt 0.381944 0.461744
vt 0.392760 0.459023
vt 0.387301 0.318353
vt 0.398212 0.313913
vt 0.404022 0.296695
vt 0.404108 0.470201
vt 0.402302 0.275858
vt 0.410125 0.488689
vt 0.569774 0.263793
vt 0.576091 0.282726
vt 0.587780 0.294285
vt 0.616211 0.454308
vt 0.606818 0.470233
vt 0.657384 0.387018
vt 0.657384 0.112982
vt 0.875000 0.293753
vt 0.369932 0.112982
vt 0.369932 0.387018
vt 0.823077 0.129622
vt 0.823077 0.112982
vt 0.823077 0.387018
vt 0.761173 0.370378
vt 0.489935 0.387018
vt 0.489935 0.112982
vt 0.875000 0.129622
vt 0.377145 0.447766
vt 0.377993 0.438856
vt 0.377670 0.431339
vt 0.378014 0.306409
vt 0.613423 0.394017
vt 0.620891 0.374645
vt 0.517417 0.407942
vt 0.490846 0.444808
vt 0.523463 0.421826
vt 0.516284 0.437868
vt 0.454658 0.275065
vt 0.455626 0.275458
vt 0.515800 0.281936
vt 0.500778 0.404480
vt 0.505118 0.402735
vt 0.472170 0.437382
vt 0.473938 0.431704
vt 0.439051 0.451347
vt 0.376868 0.462508
vt 0.377777 0.471237
vt 0.380742 0.466090
vt 0.482152 0.129622
vt 0.500000 0.129622
vt 0.875000 0.129622
vt 0.831336 0.387018
vt 0.831337 0.112982
vt 0.541649 0.387018
vt 0.541649 0.112982
vt 0.000000 0.129622
vt 0.618880 1.000000
vt 0.375002 0.378573
vt 0.375000 0.011756
vt 0.464018 0.750000
vt 0.553104 0.750000
vt 0.553104 0.834908
vt 0.164826 0.474824
vt 0.164826 0.386332
vt 0.125000 0.386339
vt 0.164826 0.344280
vt 0.213136 0.332092
vt 0.457056 0.890322
vt 0.540474 0.924738
vt 0.485465 0.837108
vt 0.477420 0.890528
vt 0.485465 0.882743
vt 0.457056 0.841776
vt 0.483310 0.365191
vt 0.485465 0.367257
vt 0.457056 0.359678
vt 0.465100 0.356035
vt 0.485465 0.412892
vt 0.477420 0.417294
vt 0.475719 1.000000
vt 0.502868 0.250000
vt 0.502869 0.250000
vt 0.502868 0.250000
vt 0.404375 0.750000
vt 0.404375 0.681877
vt 0.404375 0.568123
vt 0.404375 0.500000
vt 0.404375 0.489684
vt 0.464018 0.383368
vt 0.530014 0.383368
vt 0.553104 0.500000
vt 0.342575 0.500000
vt 0.194314 0.250000
vt 0.625000 0.069314
vt 0.427699 0.191693
vt 0.691976 0.446483
vt 0.808024 0.314471
vt 0.440289 0.691693
vt 0.875000 0.430618
vt 0.540631 0.494435
vt 0.529241 0.490751
vt 0.532124 0.475141
vt 0.375000 0.684049
vt 0.190951 0.500000
vt 0.375000 0.700516
vt 0.190951 0.500000
vt 0.375000 0.700516
vt 0.174484 0.500000
vt 0.843571 0.250000
vt 0.849144 0.250000
vt 0.190948 0.500000
vt 0.375000 0.700517
vt 0.174483 0.500000
vt 0.375000 0.684052
vt 0.190948 0.500000
vt 0.375000 0.700517
vt 0.599913 0.500000
vt 0.599913 0.000000
vt 0.375000 0.775087
vt 0.400087 1.000000
vt 0.599913 1.000000
vt 0.875000 0.275087
vt 0.572117 0.450218
vt 0.496402 0.271389
vt 0.423702 0.448196
vt 0.496402 0.478611
vt 1.000000 0.250000
vt 0.892413 0.060527
vt 0.875000 0.024855
vt 0.392425 0.060519
vt 0.375000 0.024826
vt 0.125000 0.465523
vt 0.125000 0.271567
vt 0.200441 0.250000
vt 0.128215 0.304117
vt 0.142725 0.250000
vt 0.375000 0.271569
vt 0.625000 0.465523
vt 0.625000 0.271569
vt 0.700461 0.250000
vt 0.628220 0.304172
vt 0.642745 0.250000
vt 0.871780 0.304172
vt 0.857255 0.250000
vt 0.799539 0.250000
vt 0.767260 0.250000
vt 1.000000 0.465523
vt 0.567495 0.189606
vt 0.625000 0.075304
vt 0.625000 0.024855
vt 0.465917 0.808141
vt 0.444694 0.808141
vt 0.465918 0.691860
vt 0.055334 0.808141
vt 0.034083 0.808141
vt 0.034082 0.691860
vt 0.625000 0.025856
vt 0.375000 0.067699
vt 0.375000 0.039462
vt 0.625000 0.021798
vt 0.625000 0.021798
vt 0.375000 0.039462
vt 0.371785 0.304117
vt 0.357275 0.250000
vt 0.299559 0.250000
vt 0.267261 0.250000
vt 0.625000 0.020403
vt 0.375000 0.058686
vt 0.625000 0.025865
vt 0.843316 0.500000
vt 0.375000 0.058686
vt 0.625000 0.020403
vt 0.853202 0.250000
vt 0.067487 0.189597
vt 0.125000 0.075302
vt 0.125000 0.024826
vt 0.843319 0.500000
vt 0.850655 0.241838
vt 0.795057 0.245009
vt 0.145236 0.011737
vt 0.625000 0.021789
vt 0.375000 0.039460
vt 0.853211 0.250000
vt 0.645245 0.011757
vt 0.849135 0.250000
vt 0.849135 0.250000
vt 0.844534 0.250000
vt 0.854597 0.250000
vt 0.854606 0.250000
vt 0.350659 0.241818
vt 0.295060 0.244989
vt 0.625000 0.020394
vt 0.375000 0.058684
vt 0.625000 0.025865
vt 0.625000 0.025856
vt 0.375000 0.058685
vt 0.625000 0.020394
vt 0.375000 0.039461
vt 0.625000 0.021789
vt 0.100814 0.750000
vt 0.144510 0.644510
vt 0.399186 0.750000
vt 0.355490 0.855490
vt 0.951641 0.842608
vt 0.548359 0.657392
vt 0.750000 0.510000
vt 0.580294 0.580294
vt 0.121030 0.878970
vt 0.067608 0.750000
vt 0.121030 0.621029
vt 0.250000 0.932392
vt 0.378970 0.878971
vt 0.378970 0.621030
vt 0.432392 0.750000
vt 0.250000 0.567608
vt 0.121030 0.621029
vt 0.211426 0.583586
vt 0.166311 0.635826
vt 0.211426 0.619579
vt 0.211426 0.619579
vt 0.288574 0.583586
vt 0.288574 0.583586
vt 0.211426 0.583586
vt 0.131646 0.682328
vt 0.288574 0.619579
vt 0.368354 0.682328
vt 0.333689 0.635826
vt 0.211426 0.619579
vt 0.548059 0.250000
vt 0.333689 0.635826
vt 0.883821 0.883821
vt 0.750000 0.939252
vt 0.560748 0.750000
vt 0.616179 0.616179
vt 0.750000 0.560748
vt 0.883821 0.616179
vt 0.939252 0.750000
vt 0.616179 0.883821
vt 0.451941 0.999995
vt 0.421880 0.750000
vt 0.578120 0.500000
vt 0.585620 0.625000
vt 0.414380 0.625000
vt 0.578120 0.750000
vt 0.421880 0.500000
vt 0.250000 0.638713
vt 0.328692 0.671308
vt 0.171308 0.828692
vt 0.138713 0.750000
vt 0.375000 0.000000
vt 0.250000 0.600814
vt 0.144510 0.855490
vt 0.250000 0.899186
vt 0.355490 0.644510
vt 0.892581 0.930941
vt 0.607419 0.569059
vt 0.409603 0.576110
vt 0.475712 0.715506
vt 0.090397 0.923890
vt 0.024288 0.784494
vt 0.451942 0.000000
vt 0.451941 0.750001
vt 0.548059 0.250005
vt 0.548059 0.499999
vt 0.548059 0.750001
vt 0.548059 1.000000
vt 0.451941 0.499999
vt 0.451942 0.250000
vt 0.361287 0.750000
vt 0.171308 0.671308
vt 0.250000 0.861287
vt 0.328692 0.828692
s 0
usemtl 9K32M_Strela-2M_1_Material_1
f 1/1/1 2/2/1 3/3/1
f 4/4/1 5/5/1 6/6/1
f 7/7/1 8/8/1 9/9/1
s 1
f 10/10/1 11/11/1 12/12/1
s 0
f 13/13/1 14/14/1 15/15/1
f 16/16/1 17/17/1 18/18/1
f 19/19/1 20/20/1 21/21/1
f 18/18/2 17/17/2 22/22/2
f 23/23/2 24/24/2 25/25/2
f 4/4/2 26/26/2 27/27/2
f 28/28/2 7/7/2 9/9/2
f 29/29/2 30/30/2 31/31/2
f 32/32/3 33/33/3 34/34/3
f 35/35/2 21/21/2 36/36/2
f 37/37/4 38/38/4 35/35/4
f 39/39/4 32/32/4 40/40/4
f 41/41/4 42/42/4 43/43/4
f 44/44/4 45/45/4 46/46/4
f 47/47/4 48/48/4 27/27/4
f 49/49/4 50/50/4 28/28/4
f 51/51/4 29/29/4 52/52/4
f 53/53/5 54/54/5 41/41/5
f 55/55/5 56/56/5 57/57/5
f 58/58/5 49/49/5 59/59/5
f 60/60/5 61/61/5 62/62/5
f 51/51/5 63/63/5 64/64/5
f 65/65/5 66/66/5 39/39/5
f 67/67/5 68/68/5 69/69/5
f 70/70/6 71/71/6 72/72/6
f 73/73/6 74/74/6 75/75/6
f 76/76/6 77/77/6 78/78/6
f 79/79/6 80/80/6 81/81/6
f 82/82/6 83/83/6 84/84/6
f 85/85/6 86/86/6 53/53/6
f 87/87/6 88/88/6 65/65/6
f 89/89/6 90/90/6 91/91/6
f 92/92/7 93/93/7 94/94/7
f 95/95/7 96/96/7 73/73/7
f 97/97/7 98/98/7 99/99/7
f 79/79/7 81/81/7 100/100/7
f 85/85/7 101/101/7 102/102/7
f 103/103/7 104/104/7 87/87/7
f 91/91/7 105/105/7 106/106/7
f 1/1/8 107/40/8 40/40/8
f 108/107/9 94/94/9 109/108/9
f 110/109/9 111/110/9 95/95/9
f 112/111/9 113/112/9 98/98/9
f 114/113/9 115/114/9 116/115/9
f 117/116/9 118/117/9 101/101/9
s 1
f 119/118/9 120/119/9 103/103/9
s 0
f 106/106/9 121/120/9 122/121/9
f 119/118/10 123/122/10 124/123/10
f 125/124/10 109/108/10 5/125/10
f 110/109/10 126/126/10 127/127/10
f 128/128/10 129/129/10 113/112/10
f 115/114/10 130/130/10 131/131/10
f 132/132/10 133/133/10 118/117/10
f 134/134/10 121/120/10 20/135/10
f 135/136/9 136/137/9 137/137/9
f 138/39/5 139/65/5 140/65/5
f 87/87/11 140/65/11 141/87/11
f 119/118/12 142/138/12 143/138/12
f 143/139/13 144/1/13 1/1/13
f 39/39/14 107/40/14 138/39/14
f 103/103/15 141/87/15 145/103/15
f 65/65/16 138/39/16 140/65/16
f 103/103/17 146/118/17 119/118/17
f 147/118/18 148/103/18 149/118/18
f 107/40/2 150/1/2 151/40/2
f 145/103/9 147/118/9 146/118/9
f 140/65/6 152/87/6 141/87/6
f 138/39/4 151/40/4 153/39/4
f 142/139/1 150/1/1 144/1/1
f 146/118/10 154/138/10 142/138/10
f 141/87/7 155/103/7 145/103/7
f 156/140/19 19/141/19 157/141/19
f 158/142/19 19/141/19 35/142/19
f 158/142/19 38/143/19 159/143/19
f 160/144/19 38/143/19 67/144/19
f 160/144/19 91/145/19 161/145/19
f 137/137/19 91/145/19 106/137/19
f 137/137/19 122/136/19 135/136/19
f 156/140/19 122/136/19 134/140/19
f 162/146/20 163/147/21 164/147/22
f 161/145/6 165/144/6 160/144/6
f 159/143/4 166/142/4 158/142/4
f 157/141/1 167/140/1 156/140/1
f 156/140/10 168/136/10 135/136/10
f 137/137/7 169/145/7 161/145/7
f 160/144/5 170/143/5 159/143/5
f 158/142/2 171/141/2 157/141/2
f 162/146/23 171/141/23 172/148/23
f 172/148/24 166/142/24 173/149/24
f 173/149/25 170/143/25 1683/150/25
f 1683/150/26 165/144/26 1684/151/26
f 1684/151/23 169/145/23 1685/152/23
f 1685/152/23 136/137/23 174/153/23
f 174/153/24 168/136/24 164/147/24
f 164/147/23 167/140/23 162/146/23
f 163/147/23 175/146/23 176/154/23
f 174/153/27 177/152/27 1685/152/27
f 1684/151/28 178/150/28 1683/150/28
f 172/148/29 179/149/29 180/148/30
f 164/147/31 181/153/32 174/153/32
f 1685/152/33 182/151/33 1684/151/33
f 173/149/34 178/150/35 179/149/35
f 172/148/36 175/146/36 162/146/36
f 183/155/37 184/156/37 185/157/37
f 186/91/38 187/158/38 69/159/38
s 1
f 188/160/39 186/91/39 189/161/39
s 0
f 184/87/40 190/162/40 191/163/40
f 192/164/41 187/121/41 193/165/41
f 193/165/41 186/91/41 194/166/41
f 194/166/41 190/162/41 195/167/41
f 195/167/41 184/168/41 192/164/41
f 196/169/42 197/165/42 198/170/42
f 198/170/43 199/166/43 200/171/43
f 200/171/44 201/167/44 202/172/44
f 196/169/45 201/167/45 203/164/45
f 193/165/46 203/164/46 192/164/46
f 200/171/41 196/169/41 198/170/41
f 192/164/47 201/167/47 195/167/47
s 1
f 193/165/48 199/166/48 197/165/48
s 0
f 195/167/49 199/166/49 194/166/49
f 204/139/1 205/19/1 206/173/1
f 207/1/2 208/35/2 205/19/2
f 189/174/4 209/40/4 188/175/4
f 210/87/6 183/176/6 185/177/6
f 211/91/7 212/103/7 213/106/7
f 108/178/19 125/179/19 204/180/19
f 213/106/9 214/118/9 215/121/9
f 215/121/10 204/138/10 206/134/10
f 215/136/23 206/140/23 121/181/23
f 148/103/9 216/118/9 149/118/9
f 154/139/50 217/1/50 150/1/50
f 151/40/51 218/39/51 153/39/51
f 155/103/52 219/87/52 148/103/52
f 153/39/53 220/65/53 139/65/53
f 154/138/54 149/118/54 221/138/54
f 150/1/55 222/40/55 151/40/55
f 152/87/56 220/65/56 219/87/56
f 223/182/19 224/180/19 225/183/19
f 226/184/19 227/185/19 228/186/19
f 217/1/1 224/139/1 229/1/1
f 218/39/4 230/40/4 231/39/4
f 219/87/7 232/103/7 148/103/7
f 149/118/10 224/138/10 221/138/10
f 222/40/2 229/1/2 230/40/2
f 220/65/6 226/87/6 219/87/6
f 220/65/5 231/39/5 227/65/5
f 233/139/1 223/187/1 225/188/1
f 234/1/2 235/189/2 223/187/2
f 236/40/4 237/190/4 235/189/4
f 238/39/5 239/191/5 237/190/5
s 1
f 240/87/6 239/191/57 241/65/57
s 0
f 228/192/7 242/103/7 243/193/7
f 244/194/19 234/195/19 233/180/19
f 243/193/9 245/118/9 246/196/9
f 246/196/10 233/138/10 225/197/10
f 247/173/1 248/198/1 249/199/1
f 250/200/2 251/201/2 252/35/2
f 253/40/4 254/38/4 252/35/4
f 255/39/5 256/67/5 254/38/5
f 257/65/6 258/91/6 256/67/6
f 258/91/7 259/103/7 260/106/7
f 32/202/58 253/203/58 33/204/58
f 261/205/58 259/206/58 124/207/58
f 257/185/19 66/208/19 88/209/19
f 260/106/9 261/118/9 262/121/9
f 262/121/10 263/138/10 247/134/10
f 132/210/24 117/211/24 260/137/24
f 264/212/24 265/213/24 252/142/24
f 41/214/23 256/144/23 53/215/23
f 266/216/59 267/217/59 268/218/59
f 269/219/59 270/220/59 271/221/59
f 272/222/60 273/223/60 274/39/60
f 275/224/61 276/225/61 277/226/61
f 278/227/19 3/228/19 2/229/19
f 269/219/62 279/230/62 272/231/62
f 274/232/63 270/233/63 280/234/63
f 281/235/63 268/236/63 276/237/63
f 269/219/23 282/238/23 248/239/23
f 283/240/23 284/241/23 267/217/23
f 275/224/64 285/242/64 283/240/64
f 16/243/62 286/244/62 287/245/62
f 17/246/23 288/247/23 289/38/23
f 290/248/64 265/249/64 22/250/64
f 291/251/65 290/248/65 292/252/65
f 287/253/66 293/254/66 294/255/66
f 289/38/63 295/256/63 296/257/63
f 287/258/19 296/259/19 295/260/19
f 297/261/23 250/262/23 298/263/23
f 294/264/63 298/265/63 292/266/63
f 298/265/67 278/267/67 299/265/67
f 300/268/23 301/269/23 249/270/23
f 267/271/62 284/272/62 299/263/62
f 271/273/64 302/274/64 278/269/64
f 303/275/1 304/276/1 305/173/1
f 306/40/2 307/35/2 308/277/2
f 306/40/4 309/38/4 307/35/4
f 309/38/5 310/278/5 311/279/5
f 312/91/6 313/280/6 314/87/6
f 312/91/7 315/103/7 316/106/7
f 316/106/9 317/118/9 318/121/9
f 318/121/10 319/138/10 305/134/10
f 320/195/19 319/180/19 133/281/19
f 321/282/19 322/283/19 323/284/19
f 324/285/68 325/286/68 326/287/68
f 327/288/68 328/289/68 329/290/68
f 330/291/69 323/284/69 322/168/69
f 331/292/70 332/293/70 333/294/70
f 329/290/70 334/295/70 335/296/70
f 336/297/71 322/298/71 313/299/71
f 318/136/23 305/140/23 130/300/23
f 337/301/23 311/302/23 338/303/23
f 339/304/23 328/305/23 340/306/23
f 341/307/72 338/303/72 311/308/72
f 342/309/73 337/310/73 343/311/73
f 344/312/70 325/313/70 345/314/70
f 346/315/72 337/310/72 347/316/72
f 339/317/71 348/318/71 349/318/71
f 80/319/71 350/320/71 351/319/71
f 350/320/70 352/319/70 351/319/70
f 339/317/70 353/318/70 354/317/70
f 355/321/1 356/322/1 357/139/1
f 358/323/2 359/324/2 360/325/2
f 361/40/4 362/38/4 363/35/4
f 362/38/5 364/278/5 365/279/5
f 366/91/6 367/280/6 368/87/6
f 366/91/7 369/103/7 370/106/7
f 370/106/9 371/118/9 372/121/9
f 372/121/10 357/138/10 373/134/10
f 372/136/23 373/140/23 10/326/23
f 374/303/26 375/306/26 376/327/26
f 377/328/74 375/121/74 374/303/74
f 378/329/75 379/330/75 380/168/75
f 381/284/75 342/331/75 344/332/75
f 382/292/70 383/333/70 384/334/70
f 385/288/70 386/290/70 387/335/70
f 378/297/71 380/298/71 367/336/71
f 29/337/19 64/338/19 388/339/19
f 369/206/19 368/184/19 116/340/19
f 389/307/72 374/303/72 365/341/72
f 390/342/62 391/343/62 15/344/62
f 390/342/26 392/345/26 393/346/26
f 394/347/24 395/348/24 396/349/24
f 31/350/64 397/351/64 396/352/64
f 14/353/19 398/354/19 399/39/19
f 399/355/63 400/356/63 401/357/63
f 402/358/59 403/240/59 404/359/59
f 405/360/59 406/361/59 407/219/59
f 408/39/60 409/362/60 410/363/60
f 411/224/60 412/364/60 413/365/60
f 411/224/19 413/365/19 414/366/19
f 415/367/19 416/222/19 356/368/19
f 407/219/62 417/239/62 416/231/62
f 408/232/63 418/369/63 405/234/63
f 419/235/63 402/370/63 412/371/63
f 420/372/23 421/373/23 422/374/23
f 411/224/64 358/375/64 421/373/64
f 390/376/23 400/377/23 396/378/23
f 423/261/19 424/263/19 360/262/19
f 424/265/63 392/379/63 395/380/63
f 420/265/76 425/267/76 426/381/76
f 427/269/77 428/382/77 355/383/77
f 424/263/62 423/261/62 359/384/62
f 420/263/62 414/263/62 413/385/62
f 410/386/64 409/387/64 406/388/64
s 1
f 428/382/64 427/269/64 429/269/64
s 0
f 430/389/78 431/390/78 432/391/78
f 433/392/79 434/393/79 12/394/79
f 435/395/80 25/396/80 436/397/80
f 437/398/81 438/399/81 439/400/81
f 433/392/82 11/401/82 430/389/82
f 432/402/83 431/403/83 440/404/83
f 436/397/63 441/405/63 442/406/63
f 436/397/84 25/396/84 24/407/84
f 435/395/85 439/400/85 443/408/85
f 444/1/86 445/409/86 446/410/86
f 447/19/87 448/40/87 449/35/87
f 448/40/88 450/38/88 449/35/88
s 1
f 451/411/89 452/39/89 453/412/89
s 0
f 448/203/90 444/195/90 446/413/90
f 454/38/91 451/414/91 455/415/91
f 447/19/92 456/35/92 457/19/92
f 445/416/93 457/19/93 458/417/93
f 450/38/94 456/35/94 449/35/94
f 456/35/95 459/38/95 46/418/95
f 458/417/96 457/19/96 45/19/96
f 459/38/97 454/38/97 455/419/97
f 45/19/98 456/35/98 46/418/98
f 460/162/19 330/420/19 461/87/19
f 462/421/72 333/422/72 332/423/72
f 463/424/64 460/162/64 464/425/64
f 465/426/71 466/427/71 467/428/71
f 462/429/23 468/430/23 333/431/23
f 469/432/23 334/430/23 467/433/23
f 345/434/72 325/435/72 470/436/72
f 471/437/70 470/438/70 465/439/70
f 461/156/71 472/440/71 473/441/71
f 467/442/99 474/443/99 475/444/99
f 476/439/23 470/438/23 477/445/23
f 478/446/70 475/444/70 474/443/70
f 466/447/100 476/448/100 477/449/100
f 479/354/71 480/450/71 471/451/71
f 481/39/23 471/451/23 482/452/23
f 483/453/72 482/454/72 484/455/72
f 485/456/70 481/355/70 483/457/70
f 486/121/101 487/458/101 488/168/101
f 488/459/71 100/460/71 486/461/71
f 488/462/19 487/463/19 349/464/19
f 351/465/23 489/466/23 486/461/23
f 376/467/102 490/468/102 491/469/102
f 492/470/103 493/471/103 494/472/103
f 376/473/70 495/474/70 492/470/70
f 496/156/71 497/475/71 498/476/71
f 499/477/23 500/91/23 501/158/23
f 502/478/72 503/479/72 57/480/72
f 491/481/19 496/87/19 504/162/19
f 505/482/70 496/168/70 506/483/70
f 507/484/19 508/485/19 75/486/19
f 507/487/71 74/488/71 501/158/71
f 56/485/19 502/489/19 57/486/19
f 498/490/23 509/491/23 506/492/23
f 506/493/71 508/485/71 510/494/71
f 504/162/72 55/495/72 511/496/72
f 512/497/23 513/491/23 55/498/23
f 505/493/72 56/485/72 513/499/72
f 514/500/1 515/501/1 516/173/1
f 517/40/2 518/35/2 519/502/2
f 517/40/4 520/38/4 518/35/4
f 520/38/5 521/503/5 522/504/5
f 523/91/6 524/505/6 525/87/6
f 523/91/7 526/103/7 527/106/7
f 98/506/19 526/206/19 525/184/19
f 517/203/19 528/195/19 50/507/19
f 529/180/19 113/508/19 129/509/19
f 527/106/9 530/118/9 531/121/9
f 531/121/10 529/138/10 516/134/10
f 532/141/23 518/142/23 26/510/23
f 523/145/23 93/511/23 533/512/23
f 109/513/23 531/136/23 5/514/23
f 534/139/1 535/19/1 536/173/1
f 537/1/2 538/35/2 535/19/2
f 539/40/4 540/38/4 538/35/4
f 541/515/5 542/39/5 543/516/5
f 544/87/6 545/517/6 546/518/6
f 547/91/7 548/103/7 549/106/7
f 549/106/9 550/118/9 551/121/9
f 551/121/10 534/138/10 536/134/10
f 551/136/23 536/140/23 8/519/23
f 552/520/23 553/521/23 554/522/23
f 555/523/104 556/121/104 553/524/104
f 552/520/105 557/525/105 558/526/105
f 552/520/70 555/523/70 553/524/70
f 556/527/71 546/528/71 545/529/71
f 546/530/19 559/531/19 96/532/19
f 560/533/19 542/339/19 539/203/19
f 543/534/72 561/535/72 541/536/72
f 562/537/71 563/538/71 564/539/71
f 554/540/71 524/541/71 533/542/71
f 565/543/72 566/544/72 567/545/72
f 521/546/72 568/547/72 522/548/72
f 564/549/70 566/544/70 499/550/70
f 569/551/70 568/547/70 554/552/70
f 570/247/62 514/553/62 571/391/62
f 572/554/23 573/38/23 574/555/23
f 575/354/64 574/555/64 573/38/64
f 576/556/19 571/39/19 514/557/19
f 570/19/106 577/558/106 578/35/106
f 578/35/107 575/354/107 573/38/107
f 575/354/19 576/556/19 519/559/19
f 570/247/23 572/554/23 515/560/23
f 579/391/62 304/561/62 303/562/62
f 580/38/23 581/554/23 582/563/23
f 583/354/64 584/555/64 580/38/64
f 585/556/19 579/39/19 303/564/19
f 586/19/106 587/558/106 582/35/106
f 582/35/107 583/354/107 580/38/107
f 583/354/19 585/556/19 308/559/19
f 586/247/23 581/554/23 304/561/23
f 588/565/4 589/566/4 590/567/4
f 591/568/7 592/569/7 593/570/7
f 589/566/2 594/571/2 595/572/2
f 596/573/9 593/570/9 597/574/9
f 598/575/23 178/150/23 182/151/23
f 598/576/10 596/573/10 597/574/10
f 176/577/5 588/565/5 590/567/5
f 599/578/6 176/579/6 592/569/6
f 241/185/19 596/580/19 600/581/19
f 595/572/1 600/582/1 598/576/1
f 601/65/108 602/39/108 603/65/108
f 604/118/109 605/103/109 606/118/109
f 607/40/110 608/1/110 609/1/110
f 610/87/111 603/65/111 611/87/111
f 612/138/112 606/118/112 613/138/112
f 609/1/113 612/139/113 613/139/113
f 614/39/114 607/40/114 602/39/114
f 605/103/115 610/87/115 611/87/115
f 615/583/7 616/584/7 617/585/7
f 618/586/6 617/585/6 619/587/6
f 620/588/23 618/586/23 621/589/23
f 622/590/19 623/591/19 619/587/19
f 624/592/23 621/589/23 625/593/23
f 623/591/19 626/594/19 627/595/19
f 628/596/23 625/593/23 629/597/23
f 627/595/19 630/598/19 631/599/19
f 632/600/23 629/597/23 633/601/23
f 631/599/19 634/602/19 635/603/19
f 636/604/23 632/600/23 633/601/23
f 634/602/19 637/605/19 635/603/19
f 638/606/23 639/607/23 636/604/23
f 640/608/19 616/584/19 637/605/19
f 615/583/23 641/609/23 638/606/23
f 642/610/19 617/585/19 616/584/19
f 618/586/23 643/611/23 615/583/23
f 617/585/19 622/590/19 619/587/19
f 638/606/9 637/605/9 616/584/9
f 636/604/10 635/603/10 637/605/10
f 633/601/1 631/599/1 635/603/1
f 629/597/2 627/595/2 631/599/2
f 625/593/4 623/591/4 627/595/4
f 621/589/5 619/587/5 623/591/5
f 644/173/1 630/612/1 645/19/1
f 645/19/2 626/613/2 646/35/2
f 646/35/4 647/614/4 648/38/4
f 648/38/5 622/615/5 649/67/5
f 622/615/6 650/91/6 649/67/6
f 651/616/7 652/106/7 650/91/7
f 653/180/19 604/617/19 612/618/19
f 642/619/9 654/121/9 652/106/9
f 640/620/116 644/134/116 654/121/116
f 654/121/117 655/106/117 652/106/117
f 656/121/9 657/106/9 655/106/9
f 645/19/118 658/35/118 659/19/118
f 650/91/119 660/67/119 649/67/119
f 644/134/120 656/121/120 654/121/120
f 645/19/121 661/173/121 644/173/121
f 646/35/122 662/38/122 658/35/122
f 652/106/123 663/91/123 650/91/123
f 649/67/124 662/38/124 648/38/124
f 664/621/1 665/622/1 666/622/1
f 663/91/6 667/67/6 660/67/6
f 662/38/4 668/35/4 658/35/4
f 659/19/1 669/173/1 661/173/1
f 661/134/10 670/121/10 656/121/10
f 655/106/7 671/91/7 663/91/7
f 660/67/5 672/38/5 662/38/5
f 658/35/2 673/19/2 659/19/2
f 666/622/23 673/141/23 664/621/23
f 664/621/23 668/142/23 674/623/23
f 674/623/23 672/143/23 675/624/23
f 676/625/23 672/143/23 667/144/23
f 676/625/23 671/145/23 677/626/23
f 677/626/23 657/137/23 678/627/23
f 679/628/23 657/137/23 670/136/23
f 679/628/23 669/140/23 666/622/23
f 680/628/125 681/627/125 682/627/125
f 666/622/10 680/628/10 679/628/10
f 678/627/7 683/626/7 677/626/7
f 676/625/5 684/624/5 675/624/5
f 674/623/2 685/621/2 664/621/2
f 679/628/9 682/627/9 678/627/9
f 677/626/6 686/625/6 676/625/6
f 675/624/4 687/623/4 674/623/4
f 688/626/23 681/627/23 689/628/23
f 683/626/126 690/625/126 686/625/126
f 687/623/127 691/624/127 692/623/127
f 685/621/128 693/622/128 665/622/128
f 680/628/129 693/622/129 689/628/129
f 682/627/130 688/626/130 683/626/130
f 684/624/131 690/625/131 691/624/131
f 685/621/132 692/623/132 694/621/132
f 695/629/6 696/87/6 643/630/6
f 639/631/10 653/138/10 632/632/10
f 641/633/9 697/118/9 639/631/9
f 620/634/4 698/40/4 699/39/4
f 643/630/7 700/103/7 641/633/7
f 624/635/2 701/1/2 698/40/2
f 695/629/5 699/39/5 702/65/5
f 628/636/1 653/139/1 701/1/1
f 601/637/19 696/184/19 702/185/19
f 703/638/90 704/355/90 705/354/90
f 706/639/71 707/640/71 708/641/71
f 709/642/72 710/643/72 711/644/72
f 712/38/23 713/645/23 714/646/23
f 708/647/23 715/648/23 716/649/23
f 703/650/23 717/651/23 709/652/23
f 718/391/71 719/653/71 720/654/71
f 721/355/70 713/655/70 722/656/70
f 721/39/23 723/657/23 724/658/23
f 725/659/70 726/660/70 717/661/70
f 727/662/19 728/663/19 729/664/19
f 730/247/71 731/665/71 732/666/71
f 733/19/70 734/667/70 735/668/70
f 719/669/23 730/247/23 736/670/23
f 735/671/19 705/354/19 737/672/19
f 718/39/23 738/658/23 739/657/23
f 718/355/70 740/673/70 719/674/70
f 741/247/19 742/675/19 743/676/19
f 742/677/133 738/678/133 743/679/133
f 726/680/71 728/681/71 744/682/71
f 745/683/72 715/684/72 746/654/72
f 747/685/23 711/686/23 710/687/23
f 722/688/72 712/38/72 748/689/72
f 733/247/19 749/690/19 750/691/19
f 733/247/72 735/692/72 727/693/72
f 724/694/134 750/695/134 749/696/134
f 741/19/70 751/697/70 732/698/70
f 752/40/135 753/1/135 754/40/135
f 755/39/136 754/40/136 756/39/136
f 757/65/137 756/39/137 758/65/137
f 759/87/138 758/65/138 760/87/138
f 761/103/139 760/87/139 762/103/139
f 763/118/140 762/103/140 764/118/140
f 762/103/141 765/118/141 764/118/141
f 766/138/142 764/118/142 767/138/142
f 768/139/137 769/1/137 770/139/137
f 771/203/72 772/180/72 773/206/72
f 754/40/143 774/1/143 771/40/143
f 758/65/144 775/87/144 760/87/144
f 767/138/145 765/118/145 772/138/145
f 767/139/146 774/1/146 753/1/146
f 754/40/147 776/39/147 756/39/147
f 762/103/148 775/87/148 773/103/148
f 758/65/149 776/39/149 777/65/149
f 778/118/150 761/103/150 763/118/150
f 779/206/71 778/205/71 780/180/71
f 752/40/151 781/1/151 782/1/151
f 783/87/152 757/65/152 759/87/152
f 766/138/153 778/118/153 763/118/153
f 781/1/154 766/139/154 782/1/154
f 784/39/155 752/40/155 755/39/155
f 761/103/156 783/87/156 759/87/156
f 757/65/157 784/39/157 755/39/157
f 785/1/136 786/40/136 769/1/136
f 787/40/135 788/39/135 786/40/135
f 789/39/158 790/65/158 788/39/158
f 791/65/142 792/87/142 790/65/142
f 793/87/140 794/103/140 792/87/140
f 795/103/139 796/118/139 794/103/139
f 797/118/148 794/103/148 796/118/148
f 798/118/138 770/138/138 796/118/138
f 799/206/72 797/205/72 800/180/72
f 786/40/147 801/1/147 769/1/147
f 802/87/159 790/65/159 792/87/159
f 770/138/160 797/118/160 796/118/160
f 801/1/161 770/139/161 769/1/161
f 803/39/143 786/40/143 788/39/143
f 794/103/141 802/87/141 792/87/141
f 790/65/162 803/39/162 788/39/162
f 795/103/163 804/118/163 798/118/163
f 805/203/71 806/180/71 807/206/71
f 787/40/155 808/1/155 805/40/155
f 791/65/164 809/87/164 793/87/164
f 768/138/152 804/118/152 806/138/152
f 768/139/157 808/1/157 785/1/157
f 787/40/151 810/39/151 789/39/151
f 795/103/165 809/87/165 807/103/165
f 791/65/154 810/39/154 811/65/154
f 782/1/158 767/139/158 753/1/158
f 812/87/142 813/65/142 814/65/142
f 815/1/136 816/40/136 817/1/136
f 818/118/150 819/103/150 820/103/150
f 821/203/71 822/185/71 819/206/71
f 821/40/151 823/1/151 824/40/151
f 825/87/152 826/65/152 827/87/152
f 828/138/153 829/118/153 818/118/153
f 830/1/154 828/139/154 823/1/154
f 831/39/155 821/40/155 824/40/155
f 819/103/163 827/87/163 820/103/163
f 826/65/157 832/39/157 831/39/157
f 833/139/137 817/1/137 834/139/137
s 1
f 827/87/139 835/103/139 820/103/139
f 836/118/139 837/103/139 838/103/139
s 0
f 826/65/138 839/87/138 827/87/138
f 840/138/72 835/103/72 841/65/72
f 818/118/142 840/138/142 828/138/142
f 837/103/72 842/118/72 834/138/72
f 831/39/136 843/40/136 844/39/136
f 828/139/158 845/1/158 823/1/158
f 833/138/138 842/118/138 836/118/138
f 846/39/135 816/40/135 847/40/135
f 820/103/140 848/118/140 818/118/140
f 826/65/137 844/39/137 841/65/137
f 814/65/158 849/39/158 846/39/158
f 838/103/140 850/87/140 812/87/140
f 823/1/135 843/40/135 824/40/135
f 836/118/163 851/103/163 852/118/163
f 853/339/71 854/203/71 851/206/71
f 815/1/155 854/40/155 847/40/155
f 814/65/153 855/87/153 812/87/153
f 833/138/152 852/118/152 856/138/152
s 1
f 833/139/157 857/1/157 815/1/157
s 0
f 846/39/151 854/40/151 853/39/151
f 812/87/150 851/103/150 838/103/150
f 814/65/166 853/39/166 858/65/166
f 859/699/167 860/700/167 861/701/167
f 862/702/168 863/703/168 864/704/168
f 865/705/169 866/706/169 867/168/169
f 868/707/170 869/708/170 870/709/170
f 861/701/171 865/705/171 859/699/171
f 871/710/172 869/711/172 872/712/172
f 865/713/172 873/714/172 859/715/172
f 874/716/172 875/717/172 876/718/172
f 870/709/19 867/719/19 866/706/19
f 864/720/173 868/707/173 862/702/173
f 875/717/23 877/721/23 860/700/23
f 862/702/174 868/707/174 861/701/174
f 878/722/175 879/173/175 880/723/175
f 881/724/176 882/19/176 878/722/176
f 883/38/177 881/724/177 884/725/177
f 885/67/178 884/725/178 871/726/178
f 886/91/179 871/726/179 872/727/179
f 887/106/180 872/727/180 888/728/180
f 889/729/181 887/106/181 888/728/181
f 879/134/182 889/729/182 880/730/182
f 886/145/172 887/137/172 890/142/172
f 891/173/178 873/731/178 892/732/178
f 893/19/177 894/724/177 873/731/177
f 895/38/183 894/724/183 896/35/183
f 897/67/184 876/733/184 895/38/184
f 897/67/182 898/727/182 874/734/182
f 899/106/181 898/727/181 900/91/181
f 899/106/180 901/729/180 902/728/180
f 891/134/179 901/729/179 903/121/179
f 896/142/172 891/140/172 899/137/172
f 904/139/185 905/19/185 906/173/185
f 907/1/186 908/35/186 905/19/186
f 909/40/187 910/38/187 908/35/187
f 910/38/188 911/65/188 912/67/188
f 912/67/189 913/87/189 914/91/189
f 914/91/190 915/103/190 916/106/190
f 911/185/64 917/339/64 909/203/64
f 916/106/191 918/118/191 919/121/191
f 918/118/192 906/134/192 919/121/192
f 910/143/62 914/145/62 919/136/62
f 920/139/185 921/19/185 922/173/185
f 923/1/186 924/35/186 921/19/186
f 925/40/187 926/38/187 924/35/187
f 926/38/188 927/65/188 928/67/188
f 928/67/189 929/87/189 930/91/189
f 930/91/190 931/103/190 932/106/190
f 920/180/64 931/206/64 927/185/64
f 932/106/191 933/118/191 934/121/191
f 933/118/192 922/134/192 934/121/192
f 930/145/62 932/137/62 934/136/62
s 1
f 3/3/193 935/735/193 123/736/193
s 0
f 123/736/1 143/139/1 3/3/1
f 143/139/1 1/1/1 3/3/1
f 4/4/1 125/737/1 5/5/1
f 7/7/1 129/738/1 8/8/1
f 23/23/1 126/739/1 434/740/1
f 126/739/1 10/10/1 12/12/1
f 10/10/1 936/741/1 431/742/1
f 936/741/1 440/743/1 431/742/1
f 434/740/1 24/24/1 23/23/1
f 12/12/1 434/740/1 126/739/1
f 10/10/1 431/742/1 11/11/1
s 1
f 15/15/1 937/744/1 131/745/1
s 0
f 131/745/1 130/746/1 15/15/1
f 130/746/1 13/13/1 15/15/1
f 18/18/1 133/747/1 16/16/1
f 133/747/1 938/748/1 16/16/1
f 938/748/1 939/749/1 16/16/1
f 19/19/1 134/173/1 20/20/1
f 22/22/2 264/750/2 43/43/2
f 43/43/2 42/42/2 22/22/2
f 42/42/2 18/18/2 22/22/2
f 438/751/2 440/743/2 936/741/2
f 940/752/2 451/753/2 453/754/2
f 446/755/2 445/756/2 439/757/2
f 445/756/2 941/758/2 443/759/2
f 936/741/194 940/752/194 453/754/194
f 445/756/2 443/759/2 439/757/2
f 941/758/2 23/23/2 25/25/2
f 443/759/2 941/758/2 25/25/2
s 1
f 936/741/2 453/754/2 446/755/2
s 0
f 439/757/2 438/751/2 446/755/2
f 438/751/2 936/741/2 446/755/2
f 4/4/2 6/6/2 26/26/2
f 28/28/2 50/50/2 7/7/2
f 31/31/2 14/14/2 13/13/2
f 13/13/2 52/52/2 31/31/2
f 52/52/2 29/29/2 31/31/2
f 34/34/2 2/2/2 1/1/2
f 1/1/2 40/40/2 34/34/2
f 40/40/2 32/32/2 34/34/2
f 35/35/2 19/19/2 21/21/2
f 37/37/4 68/68/4 38/38/4
f 35/35/4 36/36/4 37/37/4
f 36/36/4 942/760/4 37/37/4
f 39/39/195 66/66/195 32/32/195
f 41/41/4 943/761/4 42/42/4
f 455/762/196 451/753/196 940/752/196
f 44/44/4 560/763/4 45/45/4
f 560/763/4 941/758/4 458/764/4
s 1
f 45/45/4 560/763/4 458/764/4
s 0
f 941/758/4 445/756/4 458/764/4
f 455/762/4 940/752/4 44/44/4
f 459/765/195 455/762/195 44/44/195
f 46/46/4 459/765/4 44/44/4
f 27/27/4 26/26/4 47/47/4
f 26/26/4 944/766/4 47/47/4
f 944/766/4 60/60/4 47/47/4
f 49/49/4 58/58/4 50/50/4
f 51/51/4 64/64/4 29/29/4
f 321/767/5 54/54/5 53/53/5
f 54/54/5 943/761/5 41/41/5
f 560/763/5 44/44/5 503/768/5
f 44/44/5 945/769/5 511/770/5
f 945/769/5 494/771/5 511/770/5
f 494/771/5 493/772/5 511/770/5
f 565/773/5 567/774/5 503/768/5
f 567/774/5 560/763/5 503/768/5
f 44/44/5 511/770/5 55/55/5
f 55/55/5 513/775/5 56/56/5
f 44/44/5 55/55/5 57/57/5
f 57/57/5 503/768/5 44/44/5
f 946/776/5 947/777/5 59/59/5
f 947/777/5 58/58/5 59/59/5
f 60/60/5 944/766/5 61/61/5
f 51/51/5 948/778/5 63/63/5
f 65/65/5 88/88/5 66/66/5
f 67/67/5 38/38/5 68/68/5
f 72/72/6 97/97/6 99/99/6
f 99/99/6 70/70/6 72/72/6
f 75/75/6 508/779/6 509/780/6
f 75/75/6 509/780/6 497/781/6
f 949/782/6 562/783/6 559/784/6
f 562/783/6 74/74/6 559/784/6
f 75/75/6 497/781/6 73/73/6
f 497/781/6 950/785/6 73/73/6
f 96/96/6 559/784/6 74/74/6
f 951/786/6 73/73/6 950/785/6
f 73/73/6 96/96/6 74/74/6
f 490/787/6 952/788/6 950/785/6
f 952/788/6 951/786/6 950/785/6
f 78/78/6 93/93/6 76/76/6
f 93/93/6 953/789/6 76/76/6
f 953/789/6 954/790/6 76/76/6
f 79/79/6 955/791/6 80/80/6
f 84/84/6 348/792/6 82/82/6
f 348/792/6 956/793/6 82/82/6
f 102/102/6 86/86/6 85/85/6
f 86/86/6 321/767/6 53/53/6
f 87/87/6 104/104/6 88/88/6
f 89/89/6 957/794/6 90/90/6
f 91/91/6 67/67/6 89/89/6
f 67/67/6 69/69/6 89/89/6
f 92/92/7 953/789/7 93/93/7
f 95/95/7 111/110/7 96/96/7
f 97/97/7 112/111/7 98/98/7
f 958/795/7 84/84/7 83/83/7
f 83/83/7 114/113/7 958/795/7
f 114/113/7 116/115/7 100/100/7
f 958/795/7 114/113/7 100/100/7
f 116/115/7 79/79/7 100/100/7
f 85/85/7 117/116/7 101/101/7
f 103/103/197 120/119/197 104/104/197
f 91/91/7 90/90/7 105/105/7
f 1/1/8 144/1/8 107/40/8
f 108/107/9 92/92/9 94/94/9
f 110/109/9 127/127/9 111/110/9
f 112/111/9 128/128/9 113/112/9
f 114/113/9 959/796/9 115/114/9
f 117/116/9 132/132/9 118/117/9
f 119/118/9 124/123/9 120/119/9
f 106/106/9 105/105/9 121/120/9
f 119/118/10 143/138/10 123/122/10
f 125/124/10 108/107/10 109/108/10
f 110/109/10 10/797/10 126/126/10
f 128/128/10 8/798/10 129/129/10
f 115/114/10 959/796/10 130/130/10
f 132/132/10 938/799/10 133/133/10
f 134/134/10 122/121/10 121/120/10
f 135/136/9 168/136/9 136/137/9
f 138/39/5 153/39/5 139/65/5
f 87/87/11 65/65/11 140/65/11
f 119/118/12 146/118/12 142/138/12
f 143/139/13 142/139/13 144/1/13
f 39/39/14 40/40/14 107/40/14
f 103/103/15 87/87/15 141/87/15
f 65/65/16 39/39/16 138/39/16
f 103/103/198 145/103/198 146/118/198
f 147/118/18 155/103/18 148/103/18
f 107/40/2 144/1/2 150/1/2
f 145/103/9 155/103/9 147/118/9
f 140/65/6 139/65/6 152/87/6
f 138/39/4 107/40/4 151/40/4
f 142/139/1 154/139/1 150/1/1
f 146/118/10 147/118/10 154/138/10
f 141/87/7 152/87/7 155/103/7
f 156/140/19 134/140/19 19/141/19
f 158/142/19 157/141/19 19/141/19
f 158/142/19 35/142/19 38/143/19
f 160/144/19 159/143/19 38/143/19
f 160/144/19 67/144/19 91/145/19
f 137/137/19 161/145/19 91/145/19
f 137/137/19 106/137/19 122/136/19
f 156/140/19 135/136/19 122/136/19
f 162/146/10 175/146/10 163/147/10
f 161/145/6 169/145/6 165/144/6
f 159/143/4 170/143/4 166/142/4
f 157/141/1 171/141/1 167/140/1
f 156/140/10 167/140/10 168/136/10
f 137/137/7 136/137/7 169/145/7
f 160/144/5 165/144/5 170/143/5
f 158/142/2 166/142/2 171/141/2
f 162/146/199 167/140/199 171/141/199
f 172/148/24 171/141/24 166/142/24
f 173/149/23 166/142/23 170/143/23
f 1683/150/23 170/143/23 165/144/23
f 1684/151/26 165/144/26 169/145/26
f 1685/152/25 169/145/25 136/137/25
f 174/153/25 136/137/25 168/136/25
f 164/147/23 168/136/23 167/140/23
f 589/800/23 181/153/23 163/147/23
f 180/148/23 179/149/23 592/801/23
f 179/149/23 593/802/23 592/801/23
f 590/803/23 589/800/23 163/147/23
f 180/148/23 592/801/23 175/146/23
f 592/801/23 176/154/23 175/146/23
f 176/154/23 590/803/23 163/147/23
f 174/153/200 181/153/7 177/152/7
f 1684/151/201 182/151/201 178/150/202
f 172/148/203 173/149/203 179/149/203
f 164/147/204 163/147/204 181/153/204
f 1685/152/205 177/152/205 182/151/206
f 173/149/35 1683/150/207 178/150/35
f 172/148/36 180/148/36 175/146/36
f 183/155/37 957/804/37 89/805/37
f 89/805/37 187/158/37 183/155/37
f 187/158/37 184/156/37 183/155/37
f 184/156/37 76/806/37 185/157/37
f 76/806/37 954/807/37 185/157/37
f 68/808/38 37/809/38 186/91/38
f 187/158/38 89/805/38 69/159/38
f 69/159/38 68/808/38 186/91/38
f 188/160/39 48/810/39 47/811/39
f 47/811/39 190/162/39 188/160/39
f 190/162/39 186/91/39 188/160/39
f 186/91/39 37/809/39 189/161/39
f 37/809/39 942/812/39 189/161/39
f 569/813/208 77/814/208 184/87/208
f 77/814/209 76/815/209 184/87/209
f 190/162/210 47/811/210 60/816/210
f 60/816/209 62/817/209 191/163/209
s 1
f 190/162/209 60/816/209 191/163/209
s 0
f 191/163/40 569/813/40 184/87/40
f 192/164/41 184/168/41 187/121/41
f 193/165/41 187/121/41 186/91/41
f 194/166/41 186/91/41 190/162/41
f 195/167/41 190/162/41 184/168/41
f 196/169/42 203/164/42 197/165/42
f 198/170/43 197/165/43 199/166/43
f 200/171/44 199/166/44 201/167/44
f 196/169/45 202/172/45 201/167/45
f 193/165/46 197/165/46 203/164/46
f 200/171/41 202/172/41 196/169/41
f 192/164/47 203/164/47 201/167/47
f 193/165/48 194/166/48 199/166/48
f 195/167/49 201/167/49 199/166/49
f 204/139/1 207/1/1 205/19/1
f 207/1/2 209/40/2 208/35/2
f 189/174/4 208/35/4 209/40/4
s 1
f 210/87/6 211/91/6 183/176/6
s 0
f 211/91/7 210/87/7 212/103/7
f 27/818/19 48/819/19 209/203/19
f 48/819/211 188/820/211 209/203/211
f 210/184/19 185/821/19 954/822/19
f 210/184/19 954/822/19 953/823/19
f 4/824/19 27/818/19 207/195/19
f 27/818/19 209/203/19 207/195/19
f 212/206/19 210/184/19 953/823/19
f 212/206/19 953/823/19 92/825/19
f 125/179/19 4/824/19 204/180/19
f 4/824/19 207/195/19 204/180/19
f 214/205/19 212/206/19 92/825/19
f 214/205/58 92/825/58 108/178/58
f 214/205/19 108/178/19 204/180/19
f 213/106/9 212/103/9 214/118/9
f 215/121/10 214/118/10 204/138/10
f 90/826/23 957/827/23 211/145/23
f 957/827/23 183/828/23 211/145/23
f 208/142/23 189/829/23 942/830/23
f 208/142/23 942/830/23 36/831/23
f 105/832/24 90/826/24 213/137/24
f 90/826/23 211/145/23 213/137/23
f 205/141/23 208/142/23 36/831/23
f 205/141/23 36/831/23 21/833/23
f 121/181/24 105/832/24 215/136/24
f 105/832/25 213/137/25 215/136/25
f 206/140/23 205/141/23 21/833/23
f 206/140/23 21/833/23 20/834/23
f 206/140/23 20/834/23 121/181/23
f 148/103/9 232/103/9 216/118/9
f 154/139/50 221/139/50 217/1/50
f 151/40/51 222/40/51 218/39/51
f 155/103/52 152/87/52 219/87/52
f 153/39/53 218/39/53 220/65/53
f 154/138/54 147/118/54 149/118/54
f 150/1/55 217/1/55 222/40/55
f 152/87/56 139/65/56 220/65/56
f 223/182/19 229/195/19 224/180/19
f 246/835/19 225/183/19 224/180/19
f 230/203/19 229/195/19 235/836/19
f 229/195/19 223/182/19 235/836/19
f 246/835/19 224/180/19 216/205/19
f 243/837/19 246/835/19 216/205/19
f 231/339/19 230/203/19 237/838/19
f 230/203/19 235/836/19 237/838/19
f 243/837/19 216/205/19 232/206/19
f 228/186/19 243/837/19 232/206/19
f 227/185/19 231/339/19 239/839/19
f 231/339/19 237/838/19 239/839/19
f 228/186/19 232/206/19 226/184/19
f 227/185/19 239/839/19 228/186/19
f 217/1/1 221/139/1 224/139/1
f 218/39/4 222/40/4 230/40/4
f 219/87/7 226/87/7 232/103/7
f 149/118/10 216/118/10 224/138/10
f 222/40/2 217/1/2 229/1/2
f 220/65/6 227/65/6 226/87/6
f 220/65/5 218/39/5 231/39/5
f 233/139/1 234/1/1 223/187/1
f 234/1/2 236/40/2 235/189/2
f 236/40/4 238/39/4 237/190/4
s 1
f 238/39/5 241/65/57 239/191/57
s 0
f 240/87/6 228/192/6 239/191/6
f 228/192/7 240/87/7 242/103/7
f 245/205/19 242/206/19 588/840/19
f 242/206/19 960/841/19 588/840/19
f 591/842/19 236/203/19 599/843/19
f 236/203/19 234/195/19 599/843/19
f 233/180/19 245/205/19 244/194/19
f 245/205/19 588/840/19 244/194/19
f 244/194/19 599/843/19 234/195/19
f 243/193/9 242/103/9 245/118/9
f 246/196/10 245/118/10 233/138/10
f 293/844/1 286/845/1 247/173/1
f 247/173/1 263/139/1 248/198/1
f 263/139/1 279/846/1 248/198/1
f 248/198/1 282/847/1 249/199/1
f 282/847/1 300/848/1 249/199/1
f 249/199/1 294/849/1 293/844/1
f 293/844/1 247/173/1 249/199/1
f 250/200/2 297/850/2 284/851/2
s 1
f 251/201/2 285/852/2 253/40/2
s 0
f 250/200/2 284/851/2 251/201/2
f 291/853/2 292/854/2 250/200/2
f 252/35/2 265/855/2 291/853/2
f 251/201/2 253/40/2 252/35/2
f 291/853/2 250/200/2 252/35/2
f 253/40/4 255/39/4 254/38/4
f 255/39/5 257/65/5 256/67/5
f 257/65/6 961/87/6 258/91/6
f 258/91/7 961/87/7 259/103/7
f 32/202/19 66/208/19 255/339/19
f 253/203/19 285/856/19 33/204/19
f 32/202/211 255/339/211 253/203/211
f 123/857/19 935/858/19 279/859/19
f 961/184/19 257/185/19 104/860/19
f 257/185/19 88/209/19 104/860/19
f 123/857/19 279/859/19 263/180/19
f 124/207/19 123/857/19 261/205/19
f 123/857/19 263/180/19 261/205/19
f 259/206/19 961/184/19 120/861/19
f 961/184/58 104/860/58 120/861/58
f 259/206/211 120/861/211 124/207/211
f 257/185/19 255/339/19 66/208/19
f 260/106/9 259/103/9 261/118/9
f 262/121/10 261/118/10 263/138/10
f 85/862/23 53/215/23 256/144/23
f 247/140/24 286/863/24 939/864/24
f 247/140/23 939/864/23 938/865/23
f 85/862/23 256/144/23 258/145/23
f 117/211/25 85/862/25 258/145/25
f 262/136/23 247/140/23 938/865/23
f 262/136/23 938/865/23 132/210/23
f 117/211/23 258/145/23 260/137/23
f 262/136/23 132/210/23 260/137/23
f 252/142/23 254/143/23 43/866/23
f 254/143/23 41/214/23 43/866/23
f 43/866/23 264/212/23 252/142/23
f 41/214/23 254/143/23 256/144/23
f 266/216/59 283/240/59 267/217/59
f 269/219/59 280/360/59 270/220/59
f 272/222/60 302/867/60 273/223/60
f 275/224/60 281/235/60 276/225/60
f 278/227/19 302/867/19 272/222/19
f 34/868/19 275/224/19 299/869/19
f 275/224/19 277/226/19 299/869/19
f 2/229/19 34/868/19 299/869/19
f 278/227/19 272/222/19 3/228/19
f 2/229/212 299/869/212 278/227/212
f 279/230/213 935/870/213 3/871/213
f 272/231/62 274/872/62 280/360/62
f 280/360/62 269/219/62 272/231/62
f 269/219/62 248/239/62 279/230/62
f 279/230/214 3/871/214 272/231/214
f 274/232/63 273/873/63 270/233/63
f 281/235/63 266/216/63 268/236/63
f 269/219/23 271/221/23 282/238/23
f 283/240/23 251/874/23 284/241/23
f 283/240/64 266/216/64 275/224/64
f 266/216/64 281/235/64 275/224/64
f 275/224/215 34/868/215 285/242/215
f 34/868/216 33/875/216 285/242/216
f 285/242/64 251/874/64 283/240/64
f 287/245/62 295/876/62 288/247/62
f 288/247/62 16/243/62 287/245/62
f 16/243/62 939/877/62 286/244/62
f 286/244/217 293/878/217 287/245/217
f 17/246/23 16/243/23 288/247/23
f 289/38/23 22/250/23 17/246/23
f 290/248/64 291/251/64 265/249/64
f 265/249/64 264/879/64 22/250/64
f 22/250/64 289/38/64 290/248/64
f 289/38/64 296/257/64 290/248/64
f 289/38/63 288/19/63 295/256/63
f 287/258/19 290/880/19 296/259/19
f 294/264/63 249/881/63 301/267/63
f 298/265/63 250/882/63 292/266/63
f 294/264/63 301/267/63 298/265/63
s 1
f 290/883/218 287/884/64 292/266/219
f 287/884/64 294/264/220 292/266/219
s 0
f 298/265/67 301/267/67 278/267/67
f 284/272/62 297/261/62 298/263/62
f 299/263/62 277/885/62 267/271/62
f 277/885/62 276/886/62 267/271/62
f 276/886/62 268/887/62 267/271/62
f 284/272/62 298/263/62 299/263/62
f 301/269/64 300/268/64 282/888/64
f 282/888/64 271/273/64 278/269/64
f 271/273/64 270/889/64 302/274/64
f 270/889/64 273/890/64 302/274/64
f 278/269/221 301/269/221 282/888/221
f 304/276/1 581/891/1 962/19/1
f 319/139/1 320/1/1 303/275/1
f 320/1/1 585/892/1 303/275/1
f 304/276/1 962/19/1 305/173/1
f 319/139/1 303/275/1 305/173/1
f 585/892/2 320/1/2 308/277/2
f 320/1/2 306/40/2 308/277/2
f 307/35/2 962/19/2 584/893/2
f 962/19/2 581/891/2 584/893/2
f 307/35/2 584/893/2 308/277/2
f 306/40/4 963/39/4 309/38/4
f 309/38/5 963/39/5 310/278/5
f 312/91/6 964/894/6 313/280/6
f 312/91/7 314/87/7 315/103/7
f 316/106/9 315/103/9 317/118/9
f 318/121/10 317/118/10 319/138/10
f 943/895/19 54/896/19 310/897/19
f 314/184/19 313/898/19 102/899/19
f 313/898/19 86/900/19 102/899/19
f 943/895/19 310/897/19 963/339/19
f 42/901/19 943/895/19 963/339/19
f 315/206/58 314/184/58 101/902/58
f 314/184/211 102/899/211 101/902/211
f 42/901/211 963/339/211 306/203/211
f 18/903/19 42/901/19 306/203/19
f 317/205/58 315/206/58 118/904/58
f 315/206/211 101/902/211 118/904/211
f 18/903/19 306/203/19 320/195/19
f 317/205/19 118/904/19 133/281/19
f 133/281/19 18/903/19 320/195/19
f 319/180/19 317/205/19 133/281/19
f 321/282/19 86/900/19 313/898/19
f 323/284/19 310/897/19 321/282/19
f 310/897/19 54/896/19 321/282/19
f 321/282/19 313/898/19 322/283/19
f 326/287/68 343/905/68 341/307/68
f 343/905/68 338/303/68 341/307/68
f 341/307/68 324/285/68 326/287/68
f 327/288/68 340/121/68 328/289/68
f 330/291/222 332/293/222 331/292/222
f 322/168/222 336/329/222 472/906/222
f 336/329/222 473/907/222 472/906/222
f 330/291/222 331/292/222 323/284/222
f 322/168/222 472/906/222 330/291/222
f 333/294/70 468/908/70 324/285/70
f 324/285/70 341/307/70 333/294/70
f 341/307/70 331/292/70 333/294/70
f 335/296/70 473/907/70 336/329/70
f 336/329/70 327/288/70 335/296/70
f 327/288/70 329/290/70 335/296/70
f 313/299/71 964/909/71 327/910/71
f 964/909/71 340/306/71 327/910/71
f 327/910/71 336/297/71 313/299/71
f 83/911/23 82/912/23 964/913/23
f 309/143/23 311/302/23 51/914/23
f 311/302/223 346/915/223 948/916/223
f 51/914/23 311/302/23 948/916/23
f 83/911/23 964/913/23 312/145/23
f 114/917/24 83/911/24 312/145/24
f 307/142/24 309/143/24 52/918/24
f 309/143/23 51/914/23 52/918/23
f 114/917/25 312/145/25 316/137/25
f 959/919/24 114/917/24 316/137/24
f 962/141/23 307/142/23 13/920/23
f 307/142/25 52/918/25 13/920/25
f 959/919/23 316/137/23 318/136/23
f 962/141/23 13/920/23 130/300/23
f 130/300/23 959/919/23 318/136/23
f 305/140/23 962/141/23 130/300/23
f 337/301/224 346/915/224 311/302/224
f 338/303/23 343/921/23 337/301/23
f 339/304/23 354/922/23 328/305/23
f 340/306/225 964/913/225 339/304/225
f 964/913/23 82/912/23 956/923/23
f 339/304/23 964/913/23 956/923/23
f 311/308/72 310/924/72 331/292/72
f 310/924/72 323/284/72 331/292/72
f 331/292/72 341/307/72 311/308/72
f 342/309/73 347/316/73 337/310/73
f 343/311/73 326/925/73 342/309/73
f 326/925/73 344/312/73 342/309/73
f 344/312/70 326/925/70 325/313/70
f 347/316/72 63/926/72 346/315/72
f 63/926/72 948/310/72 346/315/72
f 339/317/71 956/927/71 348/318/71
f 80/319/71 955/928/71 350/320/71
f 350/320/70 965/320/70 352/319/70
f 339/317/70 349/318/70 353/318/70
f 429/929/1 426/930/1 356/322/1
f 417/931/1 422/932/1 966/19/1
f 428/933/1 429/929/1 355/321/1
f 429/929/1 356/322/1 355/321/1
f 417/931/1 966/19/1 373/173/1
f 356/322/1 417/931/1 373/173/1
f 373/173/1 357/139/1 356/322/1
f 357/139/1 391/934/1 393/935/1
f 393/935/1 392/936/1 355/321/1
f 357/139/1 393/935/1 355/321/1
f 394/937/2 397/938/2 361/40/2
f 363/35/2 966/19/2 421/939/2
f 966/19/2 422/932/2 421/939/2
f 394/937/2 361/40/2 360/325/2
f 361/40/2 363/35/2 358/323/2
f 360/325/2 361/40/2 358/323/2
f 360/325/2 395/940/2 394/937/2
f 359/324/2 423/941/2 360/325/2
f 358/323/2 967/942/2 359/324/2
f 363/35/2 421/939/2 358/323/2
f 361/40/4 388/39/4 362/38/4
f 362/38/5 388/39/5 364/278/5
f 366/91/6 968/894/6 367/280/6
f 366/91/7 368/87/7 369/103/7
f 370/106/9 369/103/9 371/118/9
f 372/121/10 371/118/10 357/138/10
f 73/943/23 951/944/23 968/913/23
f 362/143/23 365/302/23 44/945/23
f 365/302/23 945/946/23 44/945/23
f 73/943/23 968/913/23 366/145/23
f 95/947/23 73/943/23 366/145/23
f 363/142/23 362/143/23 940/918/23
f 362/143/23 44/945/23 940/918/23
f 95/947/23 366/145/23 370/137/23
f 110/919/24 95/947/24 370/137/24
f 966/141/23 363/142/23 936/948/23
f 363/142/25 940/918/25 936/948/25
f 110/919/23 370/137/23 372/136/23
f 966/141/23 936/948/23 10/326/23
f 10/326/23 110/919/23 372/136/23
f 373/140/23 966/141/23 10/326/23
f 492/949/23 494/950/23 365/302/23
f 494/950/23 945/946/23 365/302/23
f 365/302/23 374/303/23 492/949/23
f 375/306/23 968/913/23 376/327/23
f 968/913/23 951/944/23 952/951/23
f 376/327/23 968/913/23 952/951/23
f 376/327/26 492/949/26 374/303/26
s 1
f 377/328/74 386/290/74 385/288/74
s 0
f 374/303/74 389/307/74 969/952/74
f 389/307/74 970/285/74 969/952/74
f 377/328/74 385/288/74 375/121/74
f 374/303/226 969/952/226 377/328/226
f 378/329/75 971/953/75 379/330/75
f 344/332/75 345/954/75 383/333/75
f 383/333/75 382/292/75 344/332/75
f 382/292/75 381/284/75 344/332/75
f 384/334/70 970/285/70 389/307/70
f 389/307/70 382/292/70 384/334/70
f 387/335/70 971/953/70 378/329/70
f 378/329/70 385/288/70 387/335/70
f 367/336/71 968/955/71 385/910/71
f 968/955/71 375/306/71 385/910/71
f 385/910/71 378/297/71 367/336/71
f 347/956/227 342/957/227 381/284/227
f 347/956/227 381/284/227 364/897/227
f 397/958/211 30/959/211 361/203/211
f 30/959/58 29/337/58 361/203/58
f 63/960/19 347/956/19 364/897/19
f 64/338/19 63/960/19 364/897/19
f 64/338/19 364/897/19 388/339/19
f 361/203/19 29/337/19 388/339/19
f 131/281/19 937/961/19 391/962/19
f 380/283/19 379/963/19 350/964/19
f 379/963/227 965/965/227 350/964/227
f 367/898/66 380/283/66 350/964/66
f 131/281/19 391/962/19 357/180/19
f 367/898/211 350/964/211 955/966/211
f 367/898/19 955/966/19 79/967/19
f 131/281/19 357/180/19 371/205/19
f 115/968/19 131/281/19 371/205/19
f 368/184/19 367/898/19 79/967/19
f 116/340/211 115/968/211 369/206/211
f 115/968/19 371/205/19 369/206/19
f 368/184/211 79/967/211 116/340/211
f 365/341/72 364/969/72 382/292/72
f 364/969/72 381/284/72 382/292/72
f 382/292/72 389/307/72 365/341/72
f 390/342/62 393/346/62 391/343/62
f 391/343/62 937/970/62 15/344/62
f 15/344/62 399/391/62 390/342/62
f 399/391/62 401/971/62 390/342/62
f 396/352/64 400/356/64 398/354/64
f 398/354/64 31/350/64 396/352/64
f 31/350/64 30/972/64 397/351/64
f 397/351/64 394/347/64 396/352/64
f 14/353/19 31/350/19 398/354/19
f 399/39/19 15/973/19 14/353/19
f 399/355/63 398/354/63 400/356/63
f 402/358/59 972/216/59 403/240/59
f 405/360/59 418/974/59 406/361/59
f 408/39/60 416/222/60 409/362/60
f 411/224/60 419/235/60 412/364/60
f 414/366/19 967/975/19 358/375/19
f 358/375/19 411/224/19 414/366/19
f 415/367/19 409/362/19 416/222/19
f 356/368/228 426/976/228 415/367/228
f 417/239/62 356/977/62 416/231/62
f 416/231/62 408/872/62 405/360/62
s 1
f 405/360/62 407/219/62 416/231/62
s 0
f 408/232/63 410/978/63 418/369/63
f 419/235/63 972/216/63 402/370/63
f 420/372/23 404/359/23 403/240/23
f 417/239/23 407/219/23 425/979/23
f 407/219/23 406/361/23 425/979/23
f 422/374/23 417/239/23 425/979/23
f 420/372/23 403/240/23 421/373/23
s 1
f 422/374/229 425/979/229 420/372/229
s 0
f 421/373/64 403/240/64 411/224/64
f 403/240/64 972/216/64 411/224/64
f 972/216/64 419/235/64 411/224/64
f 390/376/23 401/980/23 400/377/23
f 427/267/63 355/981/63 392/379/63
s 1
f 392/379/230 390/982/231 396/983/232
s 0
f 395/380/63 360/882/63 424/265/63
s 1
f 392/379/230 396/983/232 395/380/233
s 0
f 424/265/63 427/267/63 392/379/63
f 426/381/76 429/984/76 427/267/76
f 427/267/76 424/265/76 967/985/76
f 424/265/76 359/265/76 967/985/76
f 967/985/76 414/265/76 420/265/76
f 425/267/76 415/986/76 426/381/76
f 426/381/76 427/267/76 967/985/76
f 967/985/76 420/265/76 426/381/76
f 413/385/62 412/987/62 402/988/62
f 402/988/62 404/989/62 413/385/62
f 404/989/62 420/263/62 413/385/62
f 415/269/64 425/269/64 409/387/64
f 425/269/64 406/388/64 409/387/64
f 406/388/64 418/990/64 410/386/64
f 430/389/78 11/401/78 431/390/78
f 433/392/79 441/991/79 434/393/79
f 435/395/80 443/408/80 25/396/80
f 437/398/81 442/406/81 438/399/81
f 433/392/82 12/992/82 11/401/82
f 440/404/83 438/399/83 442/406/83
f 442/406/83 432/402/83 440/404/83
f 441/405/63 433/993/63 430/994/63
f 430/994/63 432/995/63 441/405/63
f 432/995/63 442/406/63 441/405/63
f 442/406/63 437/398/63 435/395/63
f 435/395/63 436/397/63 442/406/63
f 24/407/84 434/996/84 441/991/84
f 441/991/84 436/397/84 24/407/84
f 435/395/234 437/398/234 439/400/234
f 444/1/235 447/19/235 445/409/235
f 447/19/87 444/1/87 448/40/87
f 448/40/88 452/39/88 450/38/88
f 451/411/89 450/38/89 452/39/89
f 446/413/90 453/997/90 448/203/90
f 453/997/90 452/339/90 448/203/90
f 454/38/236 450/38/236 451/414/236
f 447/19/92 449/35/92 456/35/92
f 445/416/237 447/19/237 457/19/237
f 450/38/238 454/38/238 456/35/238
f 456/35/239 454/38/239 459/38/239
f 45/19/240 457/19/240 456/35/240
f 330/420/19 472/998/19 461/87/19
f 461/87/19 475/999/19 464/425/19
f 464/425/19 460/162/19 461/87/19
f 332/423/72 330/420/72 460/162/72
f 460/162/72 462/421/72 332/423/72
f 463/424/64 462/421/64 460/162/64
f 464/425/64 478/446/64 463/424/64
f 478/446/64 973/1000/64 463/424/64
f 489/1001/71 352/1002/71 965/1003/71
f 489/1001/71 965/1003/71 379/1004/71
f 354/1005/71 353/1006/71 487/1007/71
f 487/1007/71 489/1001/71 465/426/71
f 489/1001/71 379/1004/71 971/1008/71
f 971/1008/71 387/1009/71 974/1010/71
f 489/1001/71 971/1008/71 974/1010/71
f 328/1011/71 354/1005/71 487/1007/71
f 467/428/71 334/1012/71 465/426/71
f 334/1012/71 329/1013/71 465/426/71
f 329/1013/71 328/1011/71 487/1007/71
f 489/1001/71 974/1010/71 465/426/71
f 465/426/71 476/1014/71 466/427/71
f 329/1013/71 487/1007/71 465/426/71
f 462/429/23 463/433/23 468/430/23
f 469/432/23 335/1015/23 334/430/23
f 324/1013/72 468/1012/72 470/436/72
f 468/1012/72 463/428/72 470/436/72
f 463/428/72 973/1016/72 470/436/72
f 973/1016/72 477/1017/72 470/436/72
f 470/436/72 975/1010/72 345/434/72
f 975/1010/72 384/1009/72 383/1018/72
f 325/435/72 324/1013/72 470/436/72
f 383/1018/72 345/434/72 975/1010/72
f 471/437/70 480/1019/70 975/1020/70
f 465/439/70 974/1021/70 482/1022/70
f 974/1021/70 484/1023/70 482/1022/70
f 471/437/70 975/1020/70 470/438/70
f 465/439/70 482/1022/70 471/437/70
f 473/441/71 335/1024/71 469/1025/71
f 469/1025/71 461/156/71 473/441/71
f 467/442/99 466/1026/99 474/443/99
f 475/444/99 461/168/99 467/442/99
f 461/168/99 469/1027/99 467/442/99
f 476/439/23 465/439/23 470/438/23
f 478/446/70 464/425/70 475/444/70
f 477/449/100 973/1028/100 466/447/100
s 1
f 973/1028/100 478/1029/100 466/447/100
s 0
f 478/1029/241 474/1030/241 466/447/241
f 479/354/71 485/456/71 480/450/71
f 481/39/23 479/354/23 471/451/23
f 483/453/72 481/391/72 482/454/72
f 485/456/70 479/354/70 481/355/70
f 486/121/101 489/1031/101 487/458/101
f 488/459/71 958/1032/71 100/460/71
f 84/1033/19 958/1034/19 488/462/19
f 487/463/19 353/1035/19 349/464/19
f 349/464/19 348/1036/19 488/462/19
f 348/1036/19 84/1033/19 488/462/19
f 351/465/23 352/1037/23 489/466/23
f 486/461/25 100/460/25 81/1038/25
f 81/1038/23 80/1039/23 486/461/23
f 80/1039/23 351/465/23 486/461/23
f 376/467/102 952/1040/102 490/468/102
f 492/470/103 495/474/103 493/471/103
f 376/473/70 491/1041/70 495/474/70
f 496/156/71 950/1042/71 497/475/71
f 499/477/23 565/1043/23 503/479/23
f 501/158/23 74/488/23 564/1044/23
f 74/488/23 562/1045/23 564/1044/23
f 499/477/23 503/479/23 500/91/23
f 501/158/23 564/1044/23 499/477/23
f 502/478/72 500/91/72 503/479/72
f 491/481/19 490/1046/19 950/1047/19
f 504/162/19 511/496/19 495/1048/19
f 511/496/19 493/1049/19 495/1048/19
f 491/481/19 950/1047/19 496/87/19
f 504/162/19 495/1048/19 491/481/19
f 510/1050/70 507/1051/70 501/121/70
f 501/121/70 500/91/70 976/1052/70
f 500/91/70 502/478/70 976/1052/70
f 510/1050/70 501/121/70 976/1052/70
f 505/482/70 512/1053/70 504/162/70
f 510/1050/70 976/1052/70 505/482/70
f 496/168/70 498/1054/70 506/483/70
f 506/483/70 510/1050/70 505/482/70
f 505/482/70 504/162/70 496/168/70
f 507/484/19 510/494/19 508/485/19
f 507/487/71 75/1055/71 74/488/71
f 56/485/19 976/494/19 502/489/19
f 498/490/23 497/1056/23 509/491/23
f 506/493/71 509/499/71 508/485/71
f 504/162/72 512/1053/72 55/495/72
f 512/497/23 505/492/23 513/491/23
f 505/493/72 976/494/72 56/485/72
f 515/501/1 572/1057/1 532/19/1
f 529/139/1 528/1/1 514/500/1
f 528/1/1 576/1058/1 514/500/1
f 515/501/1 532/19/1 516/173/1
f 529/139/1 514/500/1 516/173/1
f 576/1058/2 528/1/2 519/502/2
f 528/1/2 517/40/2 519/502/2
f 518/35/2 532/19/2 574/1059/2
f 532/19/2 572/1057/2 574/1059/2
f 518/35/2 574/1059/2 519/502/2
f 517/40/4 977/39/4 520/38/4
f 520/38/5 977/39/5 521/503/5
f 523/91/6 533/1060/6 524/505/6
f 523/91/7 525/87/7 526/103/7
f 98/506/19 113/508/19 530/205/19
f 525/184/19 524/1061/19 70/1062/19
f 525/184/19 70/1062/19 99/1063/19
f 98/506/19 530/205/19 526/206/19
f 525/184/19 99/1063/19 98/506/19
f 58/1064/19 947/1065/19 521/1066/19
f 528/195/19 529/180/19 129/509/19
f 528/195/19 129/509/19 7/1067/19
f 58/1064/19 521/1066/19 977/339/19
f 528/195/19 7/1067/19 50/507/19
f 50/507/19 58/1064/19 517/203/19
f 58/1064/19 977/339/19 517/203/19
f 529/180/19 530/205/19 113/508/19
f 527/106/9 526/103/9 530/118/9
f 531/121/10 530/118/10 529/138/10
f 6/1068/23 5/514/23 516/140/23
f 520/143/23 522/1069/23 944/1070/23
f 522/1069/23 61/1071/23 944/1070/23
f 6/1068/23 516/140/23 532/141/23
f 520/143/23 944/1070/23 518/142/23
f 944/1070/23 26/510/23 518/142/23
f 26/510/23 6/1068/23 532/141/23
f 523/145/23 527/137/23 93/511/23
f 527/137/23 94/1072/23 93/511/23
f 93/511/23 78/1073/23 533/512/23
f 109/513/23 94/1072/23 531/136/23
f 94/1072/23 527/137/23 531/136/23
f 531/136/23 516/140/23 5/514/23
f 534/139/1 537/1/1 535/19/1
f 537/1/2 539/40/2 538/35/2
f 539/40/4 542/39/4 540/38/4
f 541/515/5 540/38/5 542/39/5
f 544/87/6 547/91/6 545/517/6
f 547/91/7 544/87/7 548/103/7
f 549/106/9 548/103/9 550/118/9
f 551/121/10 550/118/10 534/138/10
f 97/1074/23 72/1075/23 545/1076/23
f 540/143/23 541/1077/23 49/1078/23
f 541/1077/23 59/1079/23 49/1078/23
f 97/1074/23 545/1076/23 547/145/23
f 112/1080/23 97/1074/23 547/145/23
f 538/142/23 540/143/23 49/1078/23
f 538/142/23 49/1078/23 28/1081/23
f 112/1080/23 547/145/23 549/137/23
f 128/1082/23 112/1080/23 549/137/23
f 535/141/23 538/142/23 28/1081/23
f 535/141/23 28/1081/23 9/1083/23
f 128/1082/23 549/137/23 551/136/23
f 535/141/23 9/1083/23 8/519/23
f 8/519/23 128/1082/23 551/136/23
f 536/140/23 535/141/23 8/519/23
f 946/1084/23 59/1079/23 541/1077/23
f 541/1077/23 561/535/23 552/520/23
f 553/521/23 556/527/23 545/1076/23
f 545/1076/23 72/1075/23 71/1085/23
f 545/1076/23 71/1085/23 553/521/23
f 71/1085/23 554/522/23 553/521/23
f 946/1084/23 541/1077/23 552/520/23
f 568/1086/23 946/1084/23 552/520/23
f 554/522/23 568/1086/23 552/520/23
f 555/523/104 978/168/104 556/121/104
f 552/520/105 561/535/105 557/525/105
f 552/520/70 558/526/70 555/523/70
f 556/527/71 978/1087/71 546/528/71
f 96/532/19 111/1088/19 544/184/19
f 111/1088/19 548/206/19 544/184/19
f 544/184/19 546/530/19 96/532/19
f 949/1089/19 559/531/19 555/1090/19
f 559/531/19 546/530/19 978/1091/19
f 555/1090/19 559/531/19 978/1091/19
f 558/526/19 557/525/19 543/1092/19
f 550/205/19 548/206/19 127/1093/19
f 548/206/19 111/1088/19 127/1093/19
f 563/1094/19 949/1089/19 555/1090/19
f 534/180/19 550/205/19 127/1093/19
f 534/180/19 127/1093/19 126/1095/19
f 563/1094/19 555/1090/19 558/526/19
f 566/1096/19 563/1094/19 558/526/19
f 566/1096/19 558/526/19 567/1097/19
f 558/526/19 543/1092/19 567/1097/19
f 534/180/19 126/1095/19 537/195/19
f 126/1095/19 23/1098/19 537/195/19
f 560/533/19 567/1097/19 543/1092/19
f 537/195/19 23/1098/19 941/1099/19
f 560/533/19 543/1092/19 542/339/19
f 539/203/19 537/195/19 941/1099/19
f 941/1099/19 560/533/19 539/203/19
f 543/534/72 557/525/72 561/535/72
f 562/537/71 949/1100/71 563/538/71
f 554/540/71 71/1101/71 524/541/71
f 71/1101/71 70/1102/71 524/541/71
f 77/1103/71 569/1104/71 533/542/71
f 569/1104/71 554/540/71 533/542/71
f 533/542/71 78/1105/71 77/1103/71
f 565/543/72 499/550/72 566/544/72
f 521/546/72 947/1106/72 946/1107/72
f 568/547/72 191/1108/72 522/548/72
f 191/1108/72 62/1109/72 522/548/72
f 62/1109/72 61/1110/72 522/548/72
f 521/546/72 946/1107/72 568/547/72
f 564/549/70 563/1111/70 566/544/70
f 569/551/70 191/1108/70 568/547/70
f 570/247/62 515/560/62 514/553/62
f 572/554/23 578/563/23 573/38/23
f 575/354/64 519/559/64 574/555/64
f 576/556/19 577/1112/19 571/39/19
f 570/19/106 571/355/106 577/558/106
f 578/35/107 577/558/107 575/354/107
f 575/354/19 577/1112/19 576/556/19
f 570/247/23 578/563/23 572/554/23
f 579/391/62 586/247/62 304/561/62
f 580/38/25 584/555/25 581/554/25
f 583/354/64 308/559/64 584/555/64
f 585/556/19 587/1112/19 579/39/19
f 586/19/106 579/355/106 587/558/106
f 582/35/107 587/558/107 583/354/107
f 583/354/19 587/1112/19 585/556/19
f 586/247/23 582/563/23 581/554/23
f 588/565/4 960/1113/4 589/566/4
f 591/568/7 599/578/7 592/569/7
f 589/566/2 960/1113/2 594/571/2
f 596/573/9 591/568/9 593/570/9
f 181/153/23 589/800/23 595/1114/23
f 177/152/23 181/153/23 595/1114/23
f 593/802/23 179/149/23 597/1115/23
f 179/149/23 178/150/23 597/1115/23
f 182/151/23 177/152/23 595/1114/23
f 598/575/23 597/1115/23 178/150/23
f 182/151/23 595/1114/23 598/575/23
f 598/576/10 600/582/10 596/573/10
f 176/577/5 244/1116/5 588/565/5
f 599/578/6 244/1117/6 176/579/6
f 238/339/19 236/203/19 591/842/19
f 238/339/19 591/842/19 596/580/19
f 960/841/19 242/206/19 240/184/19
f 594/1118/19 960/841/19 240/184/19
f 241/185/19 238/339/19 596/580/19
f 600/581/19 594/1118/19 241/185/19
f 594/1118/19 240/184/19 241/185/19
f 595/572/1 594/571/1 600/582/1
f 601/65/108 614/39/108 602/39/108
f 604/118/109 979/103/109 605/103/109
s 1
f 607/40/110 980/40/110 608/1/110
s 0
f 610/87/111 601/65/111 603/65/111
f 612/138/112 604/118/112 606/118/112
f 609/1/242 608/1/242 612/139/242
f 614/39/114 980/40/114 607/40/114
f 605/103/115 979/103/115 610/87/115
f 615/583/7 638/606/7 616/584/7
f 618/586/6 615/583/6 617/585/6
f 620/588/23 695/1119/23 618/586/23
f 622/590/19 647/1120/19 623/591/19
f 624/592/23 620/588/23 621/589/23
f 623/591/19 647/1120/19 626/594/19
f 628/596/23 624/592/23 625/593/23
f 627/595/19 626/594/19 630/598/19
f 632/600/23 628/596/23 629/597/23
f 631/599/19 630/598/19 634/602/19
f 636/604/23 639/607/23 632/600/23
f 634/602/19 640/608/19 637/605/19
f 638/606/23 641/609/23 639/607/23
f 640/608/19 642/610/19 616/584/19
f 615/583/23 643/611/23 641/609/23
f 642/610/19 651/1121/19 617/585/19
f 618/586/23 695/1119/23 643/611/23
f 617/585/19 651/1121/19 622/590/19
f 638/606/9 636/604/9 637/605/9
f 636/604/10 633/601/10 635/603/10
f 633/601/1 629/597/1 631/599/1
f 629/597/2 625/593/2 627/595/2
f 625/593/4 621/589/4 623/591/4
f 621/589/5 618/586/5 619/587/5
f 644/173/1 634/1122/1 630/612/1
f 645/19/2 630/612/2 626/613/2
f 646/35/4 626/613/4 647/614/4
f 648/38/5 647/614/5 622/615/5
f 622/615/6 651/616/6 650/91/6
f 651/616/7 642/619/7 652/106/7
f 697/205/19 700/206/19 979/1123/19
f 697/205/19 979/1123/19 604/617/19
f 980/1124/19 698/203/19 701/195/19
f 608/1125/19 980/1124/19 701/195/19
f 653/180/19 697/205/19 604/617/19
f 612/618/19 608/1125/19 653/180/19
f 608/1125/19 701/195/19 653/180/19
f 642/619/9 640/620/9 654/121/9
f 640/620/10 634/1126/10 644/134/10
f 654/121/117 656/121/117 655/106/117
f 656/121/9 670/121/9 657/106/9
f 645/19/118 646/35/118 658/35/118
f 650/91/119 663/91/119 660/67/119
f 644/134/120 661/134/120 656/121/120
f 645/19/121 659/19/121 661/173/121
f 646/35/122 648/38/122 662/38/122
f 652/106/123 655/106/123 663/91/123
f 649/67/124 660/67/124 662/38/124
f 664/621/1 685/621/1 665/622/1
f 663/91/6 671/91/6 667/67/6
f 662/38/4 672/38/4 668/35/4
f 659/19/1 673/19/1 669/173/1
f 661/134/10 669/134/10 670/121/10
f 655/106/7 657/106/7 671/91/7
f 660/67/5 667/67/5 672/38/5
f 658/35/2 668/35/2 673/19/2
f 666/622/23 669/140/23 673/141/23
f 664/621/23 673/141/23 668/142/23
f 674/623/23 668/142/23 672/143/23
f 676/625/23 675/624/23 672/143/23
f 676/625/23 667/144/23 671/145/23
f 677/626/23 671/145/23 657/137/23
f 679/628/23 678/627/23 657/137/23
f 679/628/23 670/136/23 669/140/23
f 680/628/125 689/628/125 681/627/125
f 666/622/10 665/622/10 680/628/10
f 678/627/7 682/627/7 683/626/7
f 676/625/5 686/625/5 684/624/5
f 674/623/2 687/623/2 685/621/2
f 679/628/9 680/628/9 682/627/9
f 677/626/6 683/626/6 686/625/6
f 675/624/4 684/624/4 687/623/4
f 689/628/23 693/622/23 691/624/23
f 693/622/23 694/621/23 691/624/23
f 694/621/23 692/623/23 691/624/23
f 691/624/23 690/625/23 689/628/23
f 690/625/23 688/626/23 689/628/23
f 683/626/126 688/626/126 690/625/126
f 687/623/127 684/624/127 691/624/127
f 685/621/128 694/621/128 693/622/128
f 680/628/129 665/622/129 693/622/129
f 682/627/130 681/627/130 688/626/130
f 684/624/131 686/625/131 690/625/131
f 685/621/132 687/623/132 692/623/132
f 695/629/6 702/65/6 696/87/6
f 639/631/10 697/118/10 653/138/10
f 641/633/9 700/103/9 697/118/9
f 620/634/4 624/635/4 698/40/4
f 643/630/7 696/87/7 700/103/7
f 624/635/2 628/636/2 701/1/2
f 695/629/5 620/634/5 699/39/5
f 628/636/1 632/1127/1 653/139/1
f 699/339/19 698/203/19 614/1128/19
f 698/203/19 980/1124/19 614/1128/19
f 979/1123/19 700/206/19 610/1129/19
f 700/206/19 696/184/19 610/1129/19
f 702/185/19 699/339/19 601/637/19
f 699/339/19 614/1128/19 601/637/19
f 601/637/19 610/1129/19 696/184/19
f 705/354/90 712/38/90 706/1130/90
f 712/38/90 707/1131/90 706/1130/90
f 736/1132/90 730/19/90 703/638/90
f 730/19/90 704/355/90 703/638/90
f 705/354/90 706/1130/90 703/638/90
f 716/1133/71 717/651/71 708/641/71
f 717/651/71 706/639/71 708/641/71
f 736/1134/72 703/1135/72 711/644/72
f 703/1135/72 709/642/72 711/644/72
f 746/1136/23 708/647/23 714/646/23
f 708/647/23 707/1137/23 714/646/23
f 707/1137/23 712/38/23 714/646/23
f 708/647/23 746/1136/23 715/648/23
f 703/650/23 706/639/23 717/651/23
f 747/1138/71 981/683/71 720/654/71
f 981/683/71 718/391/71 720/654/71
f 721/355/70 714/674/70 713/655/70
f 724/658/23 745/1139/23 721/39/23
f 721/39/23 722/1140/23 723/657/23
f 743/1141/70 738/1142/70 709/1143/70
f 738/1142/70 981/1144/70 709/1143/70
f 981/1144/70 747/1145/70 710/1146/70
f 981/1144/70 710/1146/70 709/1143/70
f 726/660/70 743/1141/70 709/1143/70
f 729/1147/70 728/1148/70 726/660/70
f 724/694/70 749/696/70 717/661/70
f 749/696/70 725/659/70 717/661/70
f 725/659/70 729/1147/70 726/660/70
f 717/661/70 716/1149/70 745/1150/70
f 716/1149/70 715/1151/70 745/1150/70
f 726/660/70 709/1143/70 717/661/70
f 745/1150/70 724/694/70 717/661/70
f 727/662/19 744/1152/19 728/663/19
f 739/1153/71 742/677/71 732/666/71
f 732/666/71 751/1154/71 704/391/71
f 704/391/71 730/247/71 732/666/71
f 730/247/71 740/1155/71 731/665/71
f 731/665/71 739/1153/71 732/666/71
f 733/19/70 748/698/70 734/667/70
f 711/686/23 720/1156/23 719/669/23
f 719/669/23 740/1155/23 730/247/23
f 736/670/23 711/686/23 719/669/23
f 744/1152/227 727/662/227 735/671/227
f 735/671/19 734/1157/19 705/354/19
f 705/354/19 704/39/19 737/672/19
f 704/39/19 751/1158/19 737/672/19
f 737/672/227 744/1152/227 735/671/227
f 739/657/23 731/1140/23 718/39/23
f 718/39/23 981/1139/23 738/658/23
f 718/355/70 731/1159/70 740/673/70
f 743/676/19 726/680/19 741/247/19
f 741/247/19 732/1160/19 742/675/19
f 742/677/133 739/1153/133 738/678/133
f 744/682/71 737/692/71 741/247/71
f 741/247/71 726/680/71 744/682/71
f 746/654/72 714/653/72 721/391/72
f 721/391/72 745/683/72 746/654/72
f 747/685/23 720/1156/23 711/686/23
f 750/695/72 723/1161/72 722/688/72
f 722/688/72 713/645/72 712/38/72
f 712/38/72 705/354/72 748/689/72
f 705/354/72 734/1157/72 748/689/72
f 748/689/72 750/695/72 722/688/72
f 750/691/19 748/1160/19 733/247/19
f 733/247/19 725/680/19 749/690/19
f 729/681/72 725/680/72 727/693/72
f 725/680/72 733/247/72 727/693/72
f 724/694/134 723/1161/134 750/695/134
f 741/19/70 737/668/70 751/697/70
f 752/40/135 782/1/135 753/1/135
f 755/39/136 752/40/136 754/40/136
f 757/65/137 755/39/137 756/39/137
f 759/87/138 757/65/138 758/65/138
f 761/103/139 759/87/139 760/87/139
f 763/118/140 761/103/140 762/103/140
f 762/103/141 773/103/141 765/118/141
f 766/138/142 763/118/142 764/118/142
f 768/139/137 785/1/137 769/1/137
f 771/203/72 774/195/72 772/180/72
f 772/180/72 765/205/72 773/206/72
f 773/206/72 775/184/72 777/185/72
f 777/185/72 776/339/72 773/206/72
f 776/339/72 771/203/72 773/206/72
f 754/40/143 753/1/143 774/1/143
f 758/65/160 777/65/160 775/87/160
f 767/138/145 764/118/145 765/118/145
f 767/139/146 772/139/146 774/1/146
f 754/40/147 771/40/147 776/39/147
f 762/103/243 760/87/243 775/87/243
f 758/65/161 756/39/161 776/39/161
f 778/118/165 779/103/165 761/103/165
f 780/180/71 781/195/71 982/203/71
f 982/203/71 784/339/71 780/180/71
f 784/339/71 983/185/71 780/180/71
f 983/185/71 783/184/71 780/180/71
f 783/184/71 779/206/71 780/180/71
f 752/40/151 982/40/151 781/1/151
f 783/87/152 983/65/152 757/65/152
f 766/138/164 780/138/164 778/118/164
f 781/1/166 780/139/166 766/139/166
f 784/39/155 982/40/155 752/40/155
f 761/103/163 779/103/163 783/87/163
f 757/65/244 983/65/244 784/39/244
f 785/1/136 787/40/136 786/40/136
f 787/40/135 789/39/135 788/39/135
f 789/39/158 791/65/158 790/65/158
f 791/65/142 793/87/142 792/87/142
f 793/87/140 795/103/140 794/103/140
f 795/103/139 798/118/139 796/118/139
f 797/118/148 799/103/148 794/103/148
f 798/118/138 768/138/138 770/138/138
f 800/180/72 801/195/72 984/203/72
f 984/203/72 803/339/72 800/180/72
f 803/339/72 985/185/72 800/180/72
f 985/185/72 802/184/72 800/180/72
f 802/184/72 799/206/72 800/180/72
f 786/40/147 984/40/147 801/1/147
f 802/87/145 985/65/145 790/65/145
f 770/138/160 800/138/160 797/118/160
f 801/1/161 800/139/161 770/139/161
f 803/39/143 984/40/143 786/40/143
f 794/103/141 799/103/141 802/87/141
f 790/65/146 985/65/146 803/39/146
f 795/103/163 807/103/163 804/118/163
f 805/203/71 808/195/71 806/180/71
f 806/180/71 804/205/71 807/206/71
f 807/206/71 809/184/71 811/185/71
f 811/185/71 810/339/71 807/206/71
f 810/339/71 805/203/71 807/206/71
f 787/40/155 785/1/155 808/1/155
f 791/65/153 811/65/153 809/87/153
f 768/138/152 798/118/152 804/118/152
f 768/139/157 806/139/157 808/1/157
f 787/40/151 805/40/151 810/39/151
f 795/103/150 793/87/150 809/87/150
f 791/65/166 789/39/166 810/39/166
f 782/1/158 766/139/158 767/139/158
f 812/87/142 850/87/142 813/65/142
f 815/1/136 847/40/136 816/40/136
f 818/118/150 829/118/150 819/103/150
f 986/180/71 830/195/71 821/203/71
f 821/203/71 832/339/71 822/185/71
f 822/185/71 825/184/71 819/206/71
f 819/206/71 829/205/71 986/180/71
f 986/180/71 821/203/71 819/206/71
f 821/40/151 830/1/151 823/1/151
f 825/87/245 822/65/245 826/65/245
f 828/138/164 986/138/164 829/118/164
f 830/1/166 986/139/166 828/139/166
f 831/39/155 832/39/155 821/40/155
f 819/103/163 825/87/163 827/87/163
f 826/65/244 822/65/244 832/39/244
f 833/139/137 815/1/137 817/1/137
f 827/87/139 839/87/139 835/103/139
f 836/118/139 842/118/139 837/103/139
f 826/65/138 841/65/138 839/87/138
f 843/40/72 845/1/72 840/138/72
f 840/138/72 848/118/72 835/103/72
f 835/103/72 839/87/72 841/65/72
f 841/65/72 844/39/72 843/40/72
f 843/40/72 840/138/72 841/65/72
f 818/118/142 848/118/142 840/138/142
f 834/138/72 817/1/72 813/65/72
f 817/1/72 816/40/72 813/65/72
f 816/40/72 849/39/72 813/65/72
f 813/65/72 850/87/72 834/138/72
f 850/87/72 837/103/72 834/138/72
f 831/39/136 824/40/136 843/40/136
f 828/139/158 840/139/158 845/1/158
f 833/138/138 834/138/138 842/118/138
f 846/39/135 849/39/135 816/40/135
f 820/103/140 835/103/140 848/118/140
f 826/65/137 831/39/137 844/39/137
f 814/65/158 813/65/158 849/39/158
f 838/103/140 837/103/140 850/87/140
f 823/1/135 845/1/135 843/40/135
f 836/118/163 838/103/163 851/103/163
f 854/203/71 857/195/71 856/180/71
f 856/180/71 852/205/71 854/203/71
f 852/205/71 851/206/71 854/203/71
f 851/206/71 855/184/71 858/185/71
f 858/185/71 853/339/71 851/206/71
f 815/1/155 857/1/155 854/40/155
f 814/65/164 858/65/164 855/87/164
f 833/138/245 836/118/245 852/118/245
f 833/139/157 856/139/157 857/1/157
f 846/39/151 847/40/151 854/40/151
f 812/87/150 855/87/150 851/103/150
s 1
f 814/65/154 846/39/154 853/39/154
f 859/699/167 875/121/167 860/700/167
s 0
f 862/702/168 877/721/168 863/703/168
f 865/705/169 987/1162/169 866/706/169
f 868/707/170 988/39/170 869/708/170
f 861/701/171 987/1162/171 865/705/171
f 871/710/172 884/1163/172 867/1164/172
f 867/1164/172 869/711/172 871/710/172
f 869/711/172 988/1165/172 872/712/172
f 888/1166/172 872/712/172 988/1165/172
f 988/1165/172 864/704/172 889/1167/172
f 864/704/172 863/703/172 898/1168/172
f 902/1169/172 864/704/172 898/1168/172
f 864/704/172 902/1169/172 901/1170/172
f 889/1167/172 864/704/172 901/1170/172
f 889/1167/172 888/1166/172 988/1165/172
f 880/1171/172 889/1167/172 901/1170/172
f 880/1171/172 901/1170/172 892/1172/172
f 878/1173/172 880/1171/172 892/1172/172
f 878/1173/172 892/1172/172 873/714/172
f 867/1164/172 884/1163/172 865/713/172
f 884/1163/172 881/1174/172 865/713/172
f 881/1174/172 878/1173/172 865/713/172
f 878/1173/172 873/714/172 865/713/172
f 894/1175/172 876/718/172 859/715/172
f 873/714/172 894/1175/172 859/715/172
f 874/716/172 898/1168/172 863/703/172
f 863/703/172 875/717/172 874/716/172
f 875/717/172 859/715/172 876/718/172
f 870/709/19 869/708/19 867/719/19
f 864/720/173 988/1176/173 868/707/173
f 875/717/23 863/703/23 877/721/23
f 868/707/174 870/709/174 866/706/174
s 1
f 866/706/174 987/1162/174 868/707/174
s 0
f 987/1162/174 861/701/174 868/707/174
f 861/701/174 860/700/174 877/721/174
f 877/721/174 862/702/174 861/701/174
f 878/722/184 882/19/184 879/173/184
f 881/724/176 890/35/176 882/19/176
f 883/38/177 890/35/177 881/724/177
f 885/67/246 883/38/246 884/725/246
f 886/91/247 885/67/247 871/726/247
f 887/106/180 886/91/180 872/727/180
f 889/729/181 989/121/181 887/106/181
f 879/134/248 989/121/248 889/729/248
f 887/137/172 989/136/172 890/142/172
s 1
f 989/136/249 879/140/249 890/142/249
s 0
f 879/140/172 882/141/172 890/142/172
f 890/142/172 883/143/172 885/144/172
f 885/144/172 886/145/172 890/142/172
f 891/173/246 893/19/246 873/731/246
f 893/19/177 896/35/177 894/724/177
f 895/38/176 876/733/176 894/724/176
f 897/67/175 874/734/175 876/733/175
f 897/67/248 900/91/248 898/727/248
f 899/106/181 902/728/181 898/727/181
f 899/106/180 903/121/180 901/729/180
f 891/134/250 892/1177/250 901/729/250
f 897/144/172 895/143/172 896/142/172
f 896/142/249 893/141/249 891/140/249
f 891/140/172 903/136/172 899/137/172
f 899/137/172 900/145/172 897/144/172
f 897/144/172 896/142/172 899/137/172
f 904/139/185 907/1/185 905/19/185
f 907/1/186 909/40/186 908/35/186
f 909/40/187 917/39/187 910/38/187
s 1
f 910/38/188 917/39/188 911/65/188
s 0
f 912/67/189 911/65/189 913/87/189
f 914/91/190 913/87/190 915/103/190
f 909/203/64 907/195/64 904/180/64
f 904/180/64 918/205/64 909/203/64
f 918/205/64 915/206/64 909/203/64
f 915/206/64 913/184/64 909/203/64
f 913/184/64 911/185/64 909/203/64
f 916/106/191 915/103/191 918/118/191
f 918/118/192 904/138/192 906/134/192
f 919/136/62 906/140/62 905/141/62
f 905/141/62 908/142/62 910/143/62
f 910/143/62 912/144/62 914/145/62
f 914/145/62 916/137/62 919/136/62
f 919/136/62 905/141/62 910/143/62
f 920/139/185 923/1/185 921/19/185
f 923/1/186 925/40/186 924/35/186
f 925/40/187 990/39/187 926/38/187
f 926/38/188 990/39/188 927/65/188
f 928/67/189 927/65/189 929/87/189
f 930/91/190 929/87/190 931/103/190
f 925/203/64 923/195/64 920/180/64
f 920/180/64 933/205/64 931/206/64
f 931/206/64 929/184/64 927/185/64
f 927/185/64 990/339/64 925/203/64
f 925/203/64 920/180/64 927/185/64
f 932/106/191 931/103/191 933/118/191
f 933/118/192 920/138/192 922/134/192
f 934/136/62 922/140/62 926/143/62
f 922/140/62 921/141/62 926/143/62
f 921/141/62 924/142/62 926/143/62
f 926/143/62 928/144/62 934/136/62
f 928/144/62 930/145/62 934/136/62
f 991/1178/251 992/1179/251 993/1180/251
f 994/168/252 995/1181/252 996/1182/252
f 996/1182/90 997/1183/90 998/1184/90
f 999/1185/72 994/1186/72 991/1178/72
f 1000/1187/19 991/1178/19 1001/1188/19
f 1002/91/19 1003/247/19 1004/158/19
f 1002/91/71 1005/1189/71 1006/1190/71
f 1004/121/253 1007/1191/253 1002/91/253
f 1008/1192/70 1003/19/70 1009/38/70
f 1010/38/254 1011/1193/254 1012/38/254
f 1013/1194/255 1014/354/255 1007/1195/255
f 1015/158/256 1016/1196/256 1017/1197/256
f 1018/247/257 1019/91/257 1015/158/257
f 1018/247/258 1010/38/258 1012/38/258
f 1020/1198/259 1021/39/259 1022/39/259
f 1023/1199/260 1024/1198/260 1025/1198/260
f 1026/247/261 1027/38/261 1010/38/261
f 1028/1200/262 1029/1201/262 1030/1202/262
f 1031/1203/263 1032/1204/263 1029/87/263
f 1033/1205/264 1034/91/264 1035/1206/264
f 1035/1206/70 1030/1202/70 1033/1205/70
f 1019/91/265 1036/158/265 1015/158/265
f 1016/1196/71 1037/1207/71 1038/1208/71
f 1026/247/266 1039/1209/266 1040/1210/266
f 1010/38/267 1027/38/267 1041/1211/267
f 1042/1212/268 1026/247/268 1018/247/268
f 1043/1213/269 1012/38/269 1011/1193/269
f 1017/1197/270 1018/247/270 1015/158/270
f 1019/91/271 1044/1214/271 1034/91/271
f 1016/1196/272 1033/1215/272 1037/1207/272
f 1044/1214/273 1035/1206/273 1034/91/273
f 1033/1215/274 1045/1216/274 1037/1207/274
f 1035/1206/275 1046/1217/275 1028/1200/275
f 1028/1200/276 1047/1218/276 1048/1219/276
f 1030/1220/277 1049/1221/277 1045/1216/277
f 1029/156/278 1050/1222/278 1049/1221/278
f 1048/1219/279 1051/1223/279 1052/162/279
f 1051/1223/280 1014/354/280 1052/162/280
f 1050/1222/281 1022/391/281 1053/1224/281
f 1022/391/282 1054/1225/282 1053/1224/282
f 1014/354/283 1055/1226/283 1056/354/283
f 1057/1227/284 1021/391/284 1023/391/284
f 1058/1228/285 1056/354/285 1055/1226/285
f 1059/391/286 1060/158/286 1061/156/286
f 1062/19/287 1013/38/287 1063/19/287
f 1064/91/288 1065/354/288 1066/162/288
f 1065/354/19 1061/87/19 1066/162/19
f 1064/91/289 1061/168/289 1060/121/289
f 1062/19/290 1065/354/290 1067/38/290
f 1062/247/71 1063/247/71 1068/1229/71
f 1064/91/72 1031/91/72 1069/1230/72
f 1060/121/291 1031/91/291 1064/91/291
f 1070/1231/292 1071/1232/292 1072/1233/292
f 1073/1234/23 1074/38/23 1075/1235/23
f 1076/1236/293 1077/1237/293 1078/1238/293
f 1078/1238/70 1079/168/70 1076/1236/70
f 992/1239/72 1080/1240/72 1074/38/72
f 1081/1241/294 1077/1237/294 1082/1242/294
f 1083/1243/295 1084/1244/295 1070/1231/295
f 1071/1232/296 1075/1235/296 1072/1233/296
s 1
f 1085/1245/297 1079/168/297 1086/1246/297
s 0
f 1087/1247/71 1088/1248/71 1089/1249/71
f 1090/1250/19 1091/1251/19 1092/1252/19
f 1093/1253/251 1094/1254/251 1095/1255/251
f 1089/1245/251 1096/1256/251 1097/1257/251
f 1098/1258/72 1099/1259/72 1100/1260/72
f 1101/1261/70 1102/1245/70 1098/1246/70
f 1103/1245/298 1098/1246/298 1102/1245/298
f 1104/1262/19 1105/1263/19 1106/1264/19
f 1084/1244/71 1079/156/71 1107/391/71
f 1108/1265/70 1106/1266/70 1109/1267/70
f 1110/1268/70 1088/1269/70 1111/1270/70
f 1112/1271/71 1113/1272/71 1114/1273/71
f 1115/1274/71 1116/1275/71 1091/1276/71
f 1117/354/299 1118/1277/299 1119/1278/299
f 1120/1279/299 1121/1280/299 1122/39/299
f 1123/1281/90 1124/1282/90 1125/1283/90
f 1126/1284/90 1127/1285/90 1128/1286/90
f 1129/1287/72 1130/1288/72 1131/1289/72
f 1132/1290/72 1133/1291/72 1134/1292/72
f 1135/156/300 1136/1293/300 1137/1293/300
f 1138/1294/301 1139/162/301 1140/162/301
f 1141/1295/302 1088/1296/302 1087/1297/302
f 1142/1298/302 1143/1299/302 1109/1300/302
f 1144/1301/303 1145/1302/303 1146/1303/303
f 1147/1304/72 1148/1305/72 1149/1306/72
f 1150/1307/71 1151/1308/71 1152/1309/71
f 1153/1310/90 1154/1311/90 1155/1312/90
f 1156/1313/90 1157/1314/90 1158/1315/90
f 1153/1310/19 1159/1316/19 1154/1311/19
f 1160/1282/19 1161/1317/19 1124/1282/19
f 1137/1293/304 1136/1293/304 1162/1318/304
s 1
f 1126/1319/305 1149/1320/305 1163/1321/305
s 0
f 1164/1322/251 1100/1323/251 1165/1324/251
f 1166/168/251 1167/1325/251 1168/1326/251
f 1100/1323/70 1104/1327/70 1165/1324/70
f 1167/1325/70 1090/1328/70 1169/1329/70
f 1170/1330/71 1166/1331/71 1110/1332/71
f 1171/1333/19 1108/1334/19 1172/1335/19
f 1166/1336/19 1173/1337/19 1110/1338/19
f 1165/1324/72 1104/1327/72 1174/1339/72
f 1175/1340/306 1176/1274/306 1115/1274/306
f 1177/1341/307 1178/1342/307 1179/1342/307
f 1114/1343/90 1113/1344/90 1121/1345/90
f 1180/1346/72 1181/1289/72 1178/1342/72
f 1119/1278/72 1182/1278/72 1183/1347/72
f 1184/1348/308 1185/1288/308 1130/1288/308
f 1186/1349/23 1187/1341/23 1177/1341/23
f 1130/1288/70 1188/1350/70 1189/1350/70
f 1189/1350/309 1183/1347/309 1190/1347/309
f 1190/1347/19 1182/1278/19 1191/1278/19
f 1192/1346/19 1193/1290/19 1132/1290/19
f 1131/1289/306 1180/1346/306 1192/1346/306
f 1194/1279/90 1195/1279/90 1196/1351/90
f 1197/1352/90 1191/1278/90 1118/1277/90
f 1179/1342/70 1181/1289/70 1131/1289/70
f 1133/1291/23 1198/1348/23 1184/1348/23
f 1199/1273/71 1200/1353/71 1201/1354/71
f 1202/1355/71 1203/1356/71 1120/1357/71
f 1115/1274/70 1204/1275/70 1116/1275/70
f 1205/1358/23 1206/1272/23 1113/1272/23
f 1116/1275/307 1201/1354/307 1207/1354/307
f 1208/1355/308 1209/1358/308 1205/1358/308
f 1207/1354/23 1200/1353/23 1210/1353/23
f 1211/1356/70 1202/1355/70 1208/1355/70
f 1212/1359/309 1203/1356/309 1211/1356/309
f 1194/1357/19 1213/1359/19 1212/1359/19
f 1114/1273/19 1214/1340/19 1175/1340/19
f 1157/1360/303 1215/1361/303 1216/1362/303
f 1217/1363/260 1056/354/260 1218/354/260
f 1006/1363/259 1014/354/259 1056/354/259
f 1024/1364/72 1020/1365/72 1004/158/72
f 1094/1366/70 1219/1367/70 1142/1298/70
f 1220/1368/310 1221/1369/310 1222/1370/310
f 1223/1371/311 1224/1372/311 1225/1373/311
f 1226/168/312 1227/1374/312 1228/1375/312
f 1229/1376/313 1230/1377/313 1231/39/313
f 1232/1378/70 1233/1379/70 1234/1380/70
f 1235/1381/71 1236/1382/71 1231/1383/71
f 1237/1384/314 1238/1385/314 1239/1386/314
f 1240/1387/90 1241/1388/90 1242/1389/90
f 1243/1390/315 1244/1391/315 1245/1392/315
f 1246/1393/136 1247/1394/136 1248/1395/136
f 1249/1396/135 1250/1397/135 1251/1398/135
f 1252/1399/140 1253/1400/140 1254/1401/140
f 1255/1402/137 1235/1403/137 1256/1404/137
f 1257/1405/70 1222/1370/70 1258/1406/70
f 1259/1397/158 1260/1407/158 1261/1408/158
f 1262/1409/136 1251/1398/136 1263/1403/136
f 1264/1410/313 1242/1389/313 1241/1411/313
f 1265/1409/136 1236/1398/136 1235/1403/136
f 1238/1412/140 1266/1413/140 1267/1414/140
f 1268/1415/142 1269/1416/142 1270/1417/142
f 1047/1218/72 1268/1418/72 1239/1419/72
f 1267/1420/314 1226/1421/314 1228/1422/314
f 1271/1423/138 1272/1424/138 1273/1425/138
f 1274/1426/136 1244/1427/136 1275/1396/136
f 1276/1398/135 1277/1428/135 1259/1397/135
f 1278/1429/158 1279/1430/158 1280/1431/158
f 1281/1432/138 1256/1424/138 1282/1433/138
f 1050/1222/71 1283/1434/71 1049/1221/71
f 1284/1435/72 1265/1436/72 1242/1389/72
f 1285/1437/315 1224/1372/315 1274/1438/315
f 1221/1439/316 1286/1401/316 1287/1440/316
f 1288/1441/90 1230/1442/90 1289/1443/90
f 1264/1444/135 1290/1445/135 1236/1398/135
f 1291/1446/311 1245/1392/311 1292/1447/311
f 1258/1448/317 1293/1449/317 1294/1450/317
f 1266/1413/139 1282/1433/139 1295/1451/139
f 1227/1452/158 1250/1397/158 1296/1453/158
f 1038/1454/138 1297/1455/138 1298/1456/138
f 1299/1457/139 1038/1454/139 1300/1458/139
f 1044/1214/72 1043/1213/72 1301/1459/72
f 1247/1394/135 1278/1429/135 1248/1395/135
f 1302/1460/158 1303/1429/158 1304/1461/158
f 1260/1407/142 1286/1401/142 1261/1408/142
f 1305/1402/137 1263/1403/137 1272/1404/137
f 1292/1462/139 1306/1463/139 1307/1413/139
f 1289/1464/142 1308/1465/142 1252/1399/142
f 1309/1466/312 1239/1467/312 1296/1468/312
f 1310/1469/310 1234/1380/310 1287/1470/310
f 1311/1471/140 1312/1458/140 1269/1416/140
f 1313/1472/137 1246/1393/137 1314/1473/137
f 1298/1473/137 1301/1474/137 1315/1393/137
f 1316/1431/142 1317/1475/142 1283/1476/142
f 1318/1454/138 1313/1477/138 1314/1456/138
f 1319/1478/19 1320/1479/19 1321/1480/19
f 1322/1481/70 1139/162/70 1148/1482/70
f 1323/156/71 1136/1483/71 1324/1484/71
f 1151/1485/70 1323/168/70 1324/168/70
f 1325/162/72 1326/1486/72 1163/1487/72
f 1325/162/19 1149/1488/19 1148/1489/19
f 1323/87/19 1150/1490/19 1162/1491/19
f 1327/1492/19 1215/1361/19 1328/1493/19
f 1216/1494/72 1327/1495/72 1329/1496/72
f 1141/1295/70 1087/1297/70 1097/1497/70
f 1330/1498/70 1023/1499/70 1331/1500/70
f 1332/1501/72 1333/1502/72 1334/1503/72
f 1335/1504/72 1336/1505/72 1337/156/72
f 1338/158/19 1339/1506/19 1332/1501/19
f 1340/1507/71 1341/1508/71 1118/1509/71
f 1342/91/71 1343/1510/71 1344/1511/71
f 1337/168/90 1342/91/90 1338/121/90
f 1125/1512/72 1161/1512/72 1345/1513/72
f 1197/1514/318 1346/162/318 1347/162/318
f 1348/156/319 1337/156/319 1196/1515/319
f 1348/168/90 1346/162/90 1337/168/90
f 1349/162/71 1155/1516/71 1154/1517/71
f 1347/162/90 1329/168/90 1349/162/90
f 1350/1518/19 1008/1519/19 1349/1520/19
f 1349/1521/71 1351/1522/71 1144/1523/71
f 1352/1524/303 1343/1525/303 1353/1526/303
f 1354/1527/303 1355/1528/303 1334/1529/303
f 1356/1530/251 1333/1531/251 1357/1532/251
f 1358/1533/251 1359/1534/251 1360/1535/251
f 1361/1536/252 1335/1537/252 1362/1538/252
f 1129/1539/252 1363/1540/252 1364/1541/252
f 1365/1542/293 1366/1543/293 1134/1544/293
f 1367/1545/293 1368/1546/293 1369/1547/293
f 1361/1536/90 1355/1528/90 1370/1548/90
f 1353/1526/90 1371/1549/90 1129/1539/90
f 1372/1550/23 1363/1551/23 1341/1552/23
f 1367/1545/23 1335/1553/23 1373/1554/23
f 1366/1555/70 1360/1556/70 1134/1557/70
f 1357/1558/70 1112/1559/70 1356/1560/70
f 1374/1561/19 1334/1562/19 1333/1531/19
f 1352/1563/19 1375/1564/19 1344/1565/19
f 1376/1566/70 992/1567/70 1377/1568/70
f 994/1569/23 1378/1570/23 1379/1571/23
f 1380/162/72 1078/1238/72 1083/1243/72
f 999/1572/293 1377/1573/293 1378/1570/293
f 1001/121/303 997/1183/303 1000/1574/303
f 1381/139/158 1382/19/158 1383/173/158
f 1384/1/135 1385/35/135 1382/19/135
f 1385/35/136 1386/39/136 1387/38/136
f 1387/38/137 1388/65/137 1389/67/137
f 1388/65/138 1390/91/138 1389/67/138
f 1391/87/139 1392/106/139 1390/91/139
f 1381/180/72 1393/206/72 1388/185/72
f 1393/103/140 1394/121/140 1392/106/140
f 1395/118/142 1383/134/142 1394/121/142
f 1387/143/71 1390/145/71 1394/136/71
f 1396/1575/90 1397/168/90 1398/168/90
f 1399/158/72 1400/391/72 1401/156/72
f 1402/156/72 1403/391/72 1404/156/72
f 1405/158/72 1406/391/72 1407/156/72
f 1405/158/19 1408/1576/19 1409/247/19
f 1407/168/90 1410/1577/90 1411/1578/90
f 1412/1579/19 1413/1580/19 1414/247/19
f 1399/121/90 1415/1581/90 1416/1582/90
f 1417/391/72 1418/158/72 1419/156/72
f 1420/391/72 1421/158/72 1422/156/72
f 1421/158/23 1423/1576/23 1424/1583/23
f 1425/1584/90 1426/1585/90 1422/168/90
f 1427/247/23 1428/1580/23 1429/1586/23
f 1418/121/90 1430/1587/90 1419/168/90
f 1431/391/72 1432/158/72 1433/156/72
f 1434/1588/90 1435/1589/90 1403/355/90
f 1436/391/72 1437/158/72 1438/156/72
f 1437/158/19 1439/1590/19 1440/1591/19
f 1441/1592/70 1442/1593/70 1438/168/70
f 1443/247/19 1444/1594/19 1445/1595/19
f 1432/121/70 1446/1596/70 1433/168/70
f 1447/158/72 1448/391/72 1449/156/72
f 1450/158/72 1451/391/72 1452/156/72
f 1450/158/23 1453/1590/23 1454/247/23
f 1452/168/70 1455/1597/70 1456/1598/70
f 1457/1599/23 1458/1594/23 1459/247/23
f 1447/121/70 1460/1600/70 1461/1601/70
f 1462/391/72 1398/156/72 1397/156/72
f 1463/1602/293 1464/1603/293 1465/1604/293
f 1466/1605/252 1467/1606/252 1468/1607/252
f 1469/1608/251 1470/168/251 1471/1609/251
f 1472/39/303 1473/1610/303 1474/1611/303
f 1465/1604/70 1471/1609/70 1463/1602/70
f 1472/1612/71 1468/1607/71 1471/1613/71
f 1473/1610/19 1470/1614/19 1475/1615/19
f 1468/1616/90 1474/1611/90 1466/1605/90
f 1467/1606/23 1464/1603/23 1476/1617/23
f 1477/1618/72 1474/1611/72 1478/1619/72
f 1479/1620/72 1480/1621/72 1469/1608/72
f 1481/139/320 1461/1622/320 1460/1623/320
f 1482/558/321 1483/1624/321 1484/1625/321
f 1485/65/322 1416/1626/322 1415/1627/322
f 1486/1628/323 1487/1629/323 1488/1630/323
f 1489/1631/324 1490/1632/324 1491/1633/324
f 1477/1634/325 1492/1635/325 1493/1636/325
f 1494/1637/326 1478/1638/326 1495/1639/326
f 1496/1640/327 1497/1641/327 1495/1639/327
f 1479/1642/328 1498/1643/328 1499/1644/328
f 1500/1645/329 1435/1646/329 1479/1642/329
f 1501/1647/330 1502/1648/330 1503/1649/330
f 1436/355/90 1499/1650/90 1504/1651/90
f 1485/65/331 1505/1652/331 1442/1653/331
f 1506/1654/72 1481/180/72 1507/1655/72
f 1508/1656/23 1402/87/23 1509/1657/23
f 1494/1658/23 1400/39/23 1510/1659/23
f 1489/1660/19 1511/1661/19 1417/39/19
f 1512/1662/332 1513/1663/332 1477/1634/332
f 1514/1664/19 1422/87/19 1515/1665/19
f 1516/1666/23 1517/1667/23 1398/87/23
f 1417/355/70 1518/1668/70 1519/1669/70
f 1520/1670/23 1521/1671/23 1407/87/23
f 1414/19/70 1413/1672/70 1522/1673/70
f 1481/138/333 1523/1674/333 1426/1675/333
f 1431/355/90 1524/1676/90 1525/1677/90
f 1457/1678/334 1526/1679/334 1527/1680/334
f 1528/1681/334 1529/1/334 1530/1682/334
f 1434/1683/334 1483/1624/334 1482/558/334
f 1423/1684/335 1531/1685/335 1532/1686/335
f 1514/1687/323 1429/1688/323 1428/1689/323
f 1496/1690/23 1533/1691/23 1431/39/23
f 1459/19/90 1458/1692/90 1534/1693/90
f 1439/1694/336 1508/1695/336 1509/1696/336
f 1535/1697/321 1445/1698/321 1444/1699/321
f 1487/1700/70 1536/1588/70 1537/355/70
f 1409/19/70 1408/1701/70 1538/1702/70
f 1454/19/90 1453/1703/90 1539/1704/90
f 1420/355/70 1493/1705/70 1540/1706/70
f 1412/1707/337 1521/1708/337 1520/1709/337
f 1541/1710/338 1542/87/338 1517/1711/338
f 1536/1712/337 1487/1629/337 1486/1628/337
f 1535/1713/23 1438/87/23 1543/1714/23
f 1531/1715/19 1397/87/19 1532/1716/19
f 1402/168/70 1506/1575/70 1544/1575/70
f 1545/1717/19 1530/1718/19 1404/87/19
f 1527/1719/19 1526/1720/19 1452/87/19
f 1501/1721/19 1448/39/19 1502/1722/19
f 1546/139/158 1547/19/158 1548/173/158
f 1549/1/135 1550/35/135 1547/19/135
f 1551/40/136 1552/38/136 1550/35/136
f 1553/39/137 1554/67/137 1552/38/137
f 1555/65/138 1556/91/138 1554/67/138
f 1557/87/139 1558/106/139 1556/91/139
f 1559/206/72 1555/185/72 1551/203/72
f 1559/103/140 1560/121/140 1558/106/140
f 1561/118/142 1548/134/142 1560/121/142
f 1556/145/71 1558/137/71 1560/136/71
f 1562/19/137 1563/139/137 1564/173/137
f 1565/35/136 1566/1/136 1562/19/136
f 1567/38/135 1568/40/135 1565/35/135
f 1569/67/158 1570/39/158 1567/38/158
f 1571/91/142 1572/65/142 1569/67/142
f 1573/106/140 1574/87/140 1571/91/140
f 1575/205/72 1563/180/72 1572/185/72
f 1576/121/139 1577/103/139 1573/106/139
f 1564/134/138 1575/118/138 1576/121/138
f 1562/141/71 1576/136/71 1571/145/71
f 1578/19/142 1579/139/142 1580/173/142
f 1581/35/140 1582/1/140 1578/19/140
f 1583/38/139 1584/40/139 1581/35/139
f 1585/67/138 1586/39/138 1583/38/138
f 1587/91/137 1588/65/137 1585/67/137
f 1589/106/136 1590/87/136 1587/91/136
f 1591/205/72 1579/180/72 1588/185/72
f 1592/121/135 1593/103/135 1589/106/135
f 1580/134/158 1591/118/158 1592/121/158
f 1578/141/71 1592/136/71 1587/145/71
f 1594/139/138 1595/19/138 1596/173/138
f 1597/1/139 1598/35/139 1595/19/139
f 1599/40/140 1600/38/140 1598/35/140
f 1601/39/142 1602/67/142 1600/38/142
f 1603/65/158 1604/91/158 1602/67/158
f 1605/87/135 1606/106/135 1604/91/135
f 1594/180/72 1607/206/72 1603/185/72
f 1607/103/136 1608/121/136 1606/106/136
f 1609/118/137 1596/134/137 1608/121/137
f 1608/136/71 1595/141/71 1600/143/71
f 991/1178/251 1080/1723/251 992/1179/251
f 994/168/252 1379/1724/252 995/1181/252
f 996/1182/90 995/1181/90 997/1183/90
f 994/1186/72 996/1725/72 998/1726/72
f 998/1726/72 1001/1188/72 994/1186/72
f 1001/1188/72 991/1178/72 994/1186/72
f 991/1178/72 993/1180/72 1376/1727/72
f 1376/1727/72 999/1185/72 991/1178/72
f 1000/1187/19 1080/1723/19 991/1178/19
f 1002/91/19 1009/38/19 1003/247/19
f 1217/1728/71 1610/1729/71 1008/1192/71
f 1008/1192/71 1009/38/71 1217/1728/71
f 1009/38/71 1002/91/71 1006/1190/71
f 1002/91/71 1007/1191/71 1005/1189/71
f 1006/1190/71 1217/1728/71 1009/38/71
f 1004/121/253 1611/1730/253 1007/1191/253
f 1008/1192/70 1350/1731/70 1003/19/70
f 1010/38/339 1612/1732/339 1011/1193/339
f 1013/1194/340 1069/1203/340 1052/162/340
f 1014/354/341 1005/1363/341 1007/1195/341
f 1611/1733/341 1020/1198/341 1022/39/341
f 1022/39/342 1613/87/342 1063/1734/342
f 1613/87/340 1068/1204/340 1063/1734/340
f 1611/1733/342 1022/39/342 1063/1734/342
f 1013/1194/255 1052/162/255 1014/354/255
f 1611/1733/343 1063/1734/343 1007/1195/343
f 1063/1734/343 1013/1194/343 1007/1195/343
f 1015/158/344 1036/158/344 1016/1196/344
f 1018/247/257 1012/38/257 1019/91/257
f 1018/247/258 1026/247/258 1010/38/258
f 1020/1198/259 1024/1198/259 1021/39/259
f 1023/1199/260 1021/39/260 1024/1198/260
f 1026/247/261 1101/247/261 1027/38/261
f 1028/1200/262 1048/1219/262 1029/1201/262
f 1032/1204/345 1068/1204/345 1613/87/345
f 1048/1219/346 1052/162/346 1031/1203/346
f 1052/162/263 1069/1203/263 1031/1203/263
f 1032/1204/347 1613/87/347 1029/87/347
f 1048/1219/263 1031/1203/263 1029/87/263
f 1033/1205/264 1036/121/264 1034/91/264
f 1035/1206/70 1028/1200/70 1030/1202/70
f 1019/91/265 1034/91/265 1036/158/265
f 1303/1735/71 1302/1736/71 1050/1222/71
f 1303/1735/71 1050/1222/71 1053/1224/71
f 1230/1737/71 1290/1738/71 1303/1735/71
f 1280/1739/71 1289/1740/71 1230/1737/71
f 1278/1741/71 1280/1739/71 1053/1224/71
f 1280/1739/71 1230/1737/71 1053/1224/71
f 1230/1737/71 1303/1735/71 1053/1224/71
f 1054/1225/71 1057/1227/71 1614/1742/71
f 1053/1224/71 1054/1225/71 1614/1742/71
f 1278/1741/71 1614/1742/71 1096/1743/71
f 1248/1744/71 1278/1741/71 1615/1745/71
f 1278/1741/71 1053/1224/71 1614/1742/71
f 1278/1741/71 1096/1743/71 1615/1745/71
f 1615/1745/71 1040/1210/71 1039/1209/71
f 1246/1746/71 1248/1744/71 1042/1212/71
f 1248/1744/71 1615/1745/71 1042/1212/71
f 1615/1745/71 1039/1209/71 1042/1212/71
f 1042/1212/71 1017/1197/71 1314/1747/71
f 1314/1747/71 1246/1746/71 1042/1212/71
f 1224/1748/71 1306/1749/71 1318/1750/71
f 1224/1748/71 1318/1750/71 1017/1197/71
f 1318/1750/71 1314/1747/71 1017/1197/71
f 1315/1751/71 1274/1752/71 1017/1197/71
f 1274/1752/71 1224/1748/71 1017/1197/71
f 1298/1753/71 1315/1751/71 1016/1196/71
f 1016/1196/71 1315/1751/71 1017/1197/71
f 1037/1207/71 1045/1216/71 1222/1754/71
f 1045/1216/71 1616/1755/71 1258/1756/71
f 1222/1754/71 1045/1216/71 1258/1756/71
f 1222/1754/71 1221/1757/71 1300/1758/71
f 1037/1207/71 1222/1754/71 1300/1758/71
f 1038/1208/71 1298/1753/71 1016/1196/71
f 1037/1207/71 1300/1758/71 1038/1208/71
f 1040/1210/266 1617/1759/266 1026/247/266
f 1617/1759/348 1101/247/348 1026/247/348
f 1041/1211/349 1618/1760/349 1010/38/349
f 1618/1760/350 1612/1732/350 1010/38/350
s 1
f 1042/1212/351 1039/1209/351 1026/247/351
s 0
f 1043/1213/352 1019/91/352 1012/38/352
f 1017/1197/353 1042/1212/353 1018/247/353
f 1019/91/354 1043/1213/354 1044/1214/354
f 1016/1196/355 1036/158/355 1033/1215/355
f 1044/1214/356 1619/1761/356 1035/1206/356
f 1033/1215/357 1030/1220/357 1045/1216/357
f 1035/1206/358 1619/1761/358 1046/1217/358
f 1028/1200/359 1046/1217/359 1047/1218/359
f 1030/1220/360 1029/156/360 1049/1221/360
f 1029/156/361 1613/156/361 1050/1222/361
f 1048/1219/362 1047/1218/362 1051/1223/362
f 1051/1223/363 1620/1762/363 1014/354/363
f 1050/1222/364 1613/156/364 1022/391/364
f 1022/391/365 1021/391/365 1054/1225/365
f 1014/354/366 1620/1762/366 1055/1226/366
f 1057/1227/367 1054/1225/367 1021/391/367
f 1058/1228/368 1218/354/368 1056/354/368
s 1
f 1059/391/286 1062/247/286 1060/158/286
s 0
f 1062/19/287 1067/38/287 1013/38/287
f 1064/91/288 1067/38/288 1065/354/288
f 1065/354/19 1059/39/19 1061/87/19
f 1064/91/289 1066/162/289 1061/168/289
f 1062/19/290 1059/355/290 1065/354/290
f 1068/1229/71 1032/1763/71 1060/158/71
f 1060/158/71 1062/247/71 1068/1229/71
f 1069/1230/72 1013/38/72 1067/38/72
f 1067/38/72 1064/91/72 1069/1230/72
f 1060/121/291 1032/121/291 1031/91/291
f 1070/1231/292 1084/1244/292 1071/1232/292
f 1073/1234/23 1621/247/23 1074/38/23
f 1076/1236/293 1082/121/293 1077/1237/293
f 1078/1238/70 1380/162/70 1079/168/70
f 1080/1240/72 1072/1233/72 1075/1235/72
f 1075/1235/72 1074/38/72 1080/1240/72
f 1074/38/72 1622/354/72 1377/1764/72
f 992/1239/72 1074/38/72 1377/1764/72
f 1622/354/72 1379/1765/72 1378/1766/72
f 1622/354/72 1378/1766/72 1377/1764/72
f 1081/1241/294 1083/1243/294 1077/1237/294
f 1083/1243/295 1081/1241/295 1084/1244/295
f 1071/1232/296 1073/1234/296 1075/1235/296
f 1085/1245/297 1092/168/297 1079/168/297
f 1079/168/297 1380/162/297 1086/1246/297
f 1380/162/297 1105/1219/297 1086/1246/297
f 1086/1246/297 1099/1246/297 1103/1245/297
f 1086/1246/297 1103/1245/297 1085/1245/297
f 1167/1767/71 1169/1768/71 1103/1769/71
f 1169/1768/71 1085/1770/71 1103/1769/71
f 1088/1248/71 1173/1771/71 1102/1258/71
f 1173/1771/71 1168/1772/71 1102/1258/71
f 1168/1772/71 1167/1767/71 1102/1258/71
f 1167/1767/71 1103/1769/71 1102/1258/71
f 1102/1258/71 1089/1249/71 1088/1248/71
f 1089/1249/71 1097/1773/71 1087/1247/71
f 1090/1250/19 1623/1774/19 1091/1251/19
f 1091/1251/19 1624/1775/19 1107/1776/19
f 1092/1252/19 1085/1770/19 1090/1250/19
f 1085/1770/19 1169/1768/19 1090/1250/19
f 1091/1251/19 1107/1776/19 1092/1252/19
f 1093/1253/251 1625/1777/251 1094/1254/251
f 1089/1245/251 1615/1778/251 1096/1256/251
f 1219/1779/72 1094/1780/72 1625/1781/72
f 1219/1779/72 1625/1781/72 1143/1782/72
f 1625/1781/72 1098/1258/72 1143/1782/72
f 1172/1771/72 1143/1782/72 1098/1258/72
f 1171/1783/72 1172/1771/72 1098/1258/72
f 1086/1770/72 1626/1768/72 1099/1259/72
f 1626/1768/72 1100/1260/72 1099/1259/72
f 1100/1260/72 1171/1783/72 1098/1258/72
f 1618/1784/70 1041/1785/70 1098/1246/70
f 1041/1785/70 1027/1786/70 1098/1246/70
f 1625/1777/70 1093/1253/70 1618/1784/70
f 1615/1778/70 1089/1245/70 1040/1787/70
f 1089/1245/70 1102/1245/70 1040/1787/70
f 1098/1246/70 1625/1777/70 1618/1784/70
f 1617/1788/70 1040/1787/70 1102/1245/70
f 1098/1246/70 1027/1786/70 1101/1261/70
f 1101/1261/70 1617/1788/70 1102/1245/70
f 1103/1245/298 1099/1246/298 1098/1246/298
f 1104/1262/19 1626/1768/19 1086/1770/19
f 1105/1263/19 1622/1789/19 1106/1264/19
f 1622/1789/19 1627/1790/19 1106/1264/19
f 1106/1264/19 1174/1774/19 1104/1262/19
f 1104/1262/19 1086/1770/19 1105/1263/19
f 1081/1241/71 1082/1242/71 1076/1791/71
f 1076/1791/71 1079/156/71 1081/1241/71
f 1079/156/71 1092/156/71 1107/391/71
f 1081/1241/71 1079/156/71 1084/1244/71
f 1107/391/71 1621/247/71 1071/1232/71
f 1621/247/71 1073/1234/71 1071/1232/71
f 1107/391/71 1071/1232/71 1084/1244/71
f 1108/1265/70 1174/1792/70 1106/1266/70
f 1106/1266/70 1140/162/70 1109/1267/70
f 1140/162/70 1322/1481/70 1109/1267/70
f 1109/1267/70 1143/1793/70 1108/1265/70
f 1143/1793/70 1172/1794/70 1108/1265/70
f 1111/1270/70 1628/1795/70 1135/168/70
f 1135/168/70 1091/1796/70 1111/1270/70
f 1091/1796/70 1623/1797/70 1110/1268/70
f 1110/1268/70 1173/1798/70 1088/1269/70
f 1091/1796/70 1110/1268/70 1111/1270/70
f 1367/1799/71 1373/1800/71 1205/1358/71
f 1114/1273/71 1175/1340/71 1374/1801/71
f 1175/1340/71 1354/1802/71 1374/1801/71
f 1367/1799/71 1205/1358/71 1113/1272/71
f 1112/1271/71 1367/1799/71 1113/1272/71
f 1114/1273/71 1374/1801/71 1356/1803/71
f 1356/1803/71 1112/1271/71 1114/1273/71
f 1370/1804/71 1354/1802/71 1175/1340/71
f 1370/1804/71 1175/1340/71 1115/1274/71
f 1205/1358/71 1373/1800/71 1361/1805/71
f 1361/1805/71 1370/1804/71 1115/1274/71
f 1205/1358/71 1361/1805/71 1208/1355/71
f 1361/1805/71 1115/1274/71 1208/1355/71
f 1211/1356/71 1208/1355/71 1135/156/71
f 1208/1355/71 1115/1274/71 1135/156/71
f 1195/1357/71 1194/1357/71 1212/1359/71
f 1137/1293/71 1195/1357/71 1212/1359/71
f 1091/1276/71 1135/156/71 1115/1274/71
f 1135/156/71 1137/1293/71 1211/1356/71
f 1210/1353/71 1624/1806/71 1207/1354/71
f 1624/1806/71 1091/1276/71 1207/1354/71
f 1137/1293/71 1212/1359/71 1211/1356/71
f 1116/1275/71 1207/1354/71 1091/1276/71
f 1117/354/299 1340/1807/299 1118/1277/299
f 1120/1279/299 1336/1808/299 1121/1280/299
f 1161/1317/90 1125/1283/90 1124/1282/90
f 1125/1283/90 1629/1809/90 1123/1281/90
f 1629/1809/90 1195/1279/90 1123/1281/90
f 1128/1286/90 1159/1316/90 1630/1310/90
f 1126/1284/90 1631/1278/90 1127/1285/90
f 1128/1286/90 1630/1310/90 1126/1284/90
f 1190/1347/72 1191/1278/72 1631/1278/72
f 1138/1294/72 1140/162/72 1189/1350/72
f 1140/162/72 1106/1266/72 1131/1289/72
f 1189/1350/72 1140/162/72 1130/1288/72
f 1190/1347/72 1631/1278/72 1138/1294/72
f 1189/1350/72 1190/1347/72 1138/1294/72
f 1106/1266/72 1627/1810/72 1177/1341/72
f 1627/1810/72 1186/1349/72 1177/1341/72
f 1130/1288/72 1140/162/72 1131/1289/72
f 1364/1811/72 1184/1348/72 1129/1287/72
f 1184/1348/72 1130/1288/72 1129/1287/72
f 1106/1266/72 1177/1341/72 1179/1342/72
f 1131/1289/72 1192/1346/72 1353/1812/72
f 1192/1346/72 1352/1813/72 1353/1812/72
f 1106/1266/72 1179/1342/72 1131/1289/72
f 1353/1812/72 1129/1287/72 1131/1289/72
f 1359/1814/72 1352/1813/72 1192/1346/72
f 1133/1291/72 1184/1348/72 1372/1815/72
f 1184/1348/72 1364/1811/72 1372/1815/72
f 1359/1814/72 1192/1346/72 1132/1290/72
f 1360/1816/72 1359/1814/72 1132/1290/72
f 1133/1291/72 1372/1815/72 1134/1292/72
f 1134/1292/72 1360/1816/72 1132/1290/72
f 1135/156/300 1324/156/300 1136/1293/300
f 1138/1294/301 1326/1294/301 1139/162/301
f 1141/1295/302 1111/1817/302 1088/1296/302
f 1142/1298/302 1219/1367/302 1143/1299/302
f 1144/1301/303 1320/1479/303 1145/1302/303
f 1632/1818/72 1633/1819/72 1634/1820/72
f 1635/1821/72 1636/1822/72 1637/1823/72
f 1145/1302/72 1319/1478/72 1637/1823/72
f 1319/1478/72 1635/1821/72 1637/1823/72
f 1153/1310/72 1146/1303/72 1634/1820/72
f 1146/1303/72 1145/1302/72 1632/1818/72
f 1634/1820/72 1146/1303/72 1632/1818/72
f 1126/1284/72 1630/1310/72 1153/1310/72
f 1109/1300/72 1322/1824/72 1142/1298/72
f 1322/1824/72 1148/1305/72 1638/1825/72
f 1142/1298/72 1322/1824/72 1638/1825/72
f 1639/1826/72 1640/1827/72 1641/1828/72
f 1640/1827/72 1642/1829/72 1643/1830/72
f 1149/1306/72 1126/1284/72 1644/1831/72
f 1126/1284/72 1153/1310/72 1644/1831/72
f 1145/1302/72 1637/1823/72 1632/1818/72
f 1642/1829/72 1638/1825/72 1148/1305/72
f 1645/1832/72 1639/1826/72 1641/1828/72
f 1640/1827/72 1643/1830/72 1641/1828/72
f 1634/1820/72 1644/1831/72 1153/1310/72
f 1643/1830/72 1642/1829/72 1646/1833/72
f 1642/1829/72 1148/1305/72 1646/1833/72
f 1147/1304/72 1646/1833/72 1148/1305/72
f 1149/1306/72 1644/1831/72 1647/1834/72
f 1647/1834/72 1147/1304/72 1149/1306/72
f 1328/1835/71 1215/1836/71 1156/1837/71
f 1160/1838/71 1124/1838/71 1123/1839/71
f 1328/1835/71 1156/1837/71 1160/1838/71
f 1141/1840/71 1648/1841/71 1628/1842/71
f 1648/1841/71 1152/1309/71 1151/1308/71
f 1152/1309/71 1328/1835/71 1160/1838/71
f 1160/1838/71 1123/1839/71 1150/1307/71
f 1151/1308/71 1628/1842/71 1648/1841/71
f 1628/1842/71 1111/1843/71 1141/1840/71
f 1160/1838/71 1150/1307/71 1152/1309/71
f 1155/1312/90 1144/1844/90 1146/1303/90
f 1146/1303/90 1153/1310/90 1155/1312/90
f 1158/1315/90 1345/1317/90 1160/1282/90
f 1160/1282/90 1156/1313/90 1158/1315/90
f 1153/1310/19 1630/1310/19 1159/1316/19
f 1160/1282/19 1345/1317/19 1161/1317/19
s 1
f 1162/1318/304 1150/1845/304 1123/1846/304
s 0
f 1123/1846/304 1195/1357/304 1162/1318/304
f 1195/1357/304 1137/1293/304 1162/1318/304
f 1163/1321/305 1326/1294/305 1138/1294/305
f 1138/1294/305 1631/1278/305 1163/1321/305
f 1631/1278/305 1126/1319/305 1163/1321/305
f 1164/1322/251 1171/1847/251 1100/1323/251
f 1166/168/251 1170/1848/251 1167/1325/251
f 1100/1323/70 1626/1849/70 1104/1327/70
f 1167/1325/70 1170/1848/70 1090/1328/70
f 1110/1332/71 1623/1850/71 1170/1330/71
f 1623/1850/71 1090/1851/71 1170/1330/71
f 1171/1333/19 1164/1322/19 1108/1334/19
f 1166/1336/19 1168/1852/19 1173/1337/19
f 1174/1339/72 1108/1334/72 1165/1324/72
f 1108/1334/72 1164/1322/72 1165/1324/72
f 1175/1340/306 1214/1340/306 1176/1274/306
f 1177/1341/307 1187/1341/307 1178/1342/307
f 1340/1853/90 1117/354/90 1133/1291/90
f 1117/354/90 1649/1291/90 1133/1291/90
f 1339/1854/90 1340/1853/90 1132/1290/90
f 1340/1853/90 1133/1291/90 1132/1290/90
f 1132/1290/90 1193/1290/90 1650/1349/90
f 1132/1290/90 1650/1349/90 1186/1349/90
f 1627/1810/369 1622/354/369 1074/38/369
f 1339/1854/90 1132/1290/90 1186/1349/90
f 1627/1810/90 1074/38/90 1621/19/90
f 1339/1854/90 1186/1349/90 1627/1810/90
f 1332/1855/90 1339/1854/90 1627/1810/90
f 1621/19/370 1107/355/370 1624/1856/370
f 1210/1857/90 1200/1857/90 1199/1343/90
f 1627/1810/90 1621/19/90 1624/1856/90
f 1210/1857/90 1199/1343/90 1114/1343/90
f 1332/1855/90 1627/1810/90 1624/1856/90
f 1206/1344/90 1122/355/90 1113/1344/90
f 1122/355/90 1121/1345/90 1113/1344/90
f 1121/1345/90 1332/1855/90 1114/1343/90
f 1332/1855/90 1624/1856/90 1210/1857/90
f 1332/1855/90 1210/1857/90 1114/1343/90
f 1178/1342/72 1187/1341/72 1180/1346/72
f 1187/1341/72 1650/1349/72 1180/1346/72
f 1650/1349/72 1193/1290/72 1180/1346/72
f 1183/1347/72 1188/1350/72 1119/1278/72
f 1188/1350/72 1185/1288/72 1119/1278/72
f 1185/1288/72 1198/1348/72 1119/1278/72
f 1198/1348/72 1649/1291/72 1117/354/72
f 1117/354/72 1119/1278/72 1198/1348/72
f 1184/1348/308 1198/1348/308 1185/1288/308
f 1186/1349/23 1650/1349/23 1187/1341/23
f 1130/1288/70 1185/1288/70 1188/1350/70
f 1189/1350/309 1188/1350/309 1183/1347/309
f 1190/1347/19 1183/1347/19 1182/1278/19
f 1192/1346/19 1180/1346/19 1193/1290/19
f 1131/1289/306 1181/1289/306 1180/1346/306
f 1336/1808/90 1120/1279/90 1194/1279/90
f 1120/1279/90 1651/1279/90 1194/1279/90
f 1195/1279/90 1629/1809/90 1196/1351/90
f 1196/1351/90 1336/1808/90 1194/1279/90
f 1197/1352/90 1127/1285/90 1631/1278/90
f 1191/1278/90 1182/1278/90 1119/1278/90
f 1197/1352/90 1631/1278/90 1191/1278/90
f 1191/1278/90 1119/1278/90 1118/1277/90
f 1179/1342/70 1178/1342/70 1181/1289/70
f 1133/1291/23 1649/1291/23 1198/1348/23
f 1201/1354/71 1204/1275/71 1176/1274/71
f 1176/1274/71 1214/1340/71 1201/1354/71
f 1214/1340/71 1199/1273/71 1201/1354/71
f 1203/1356/71 1213/1359/71 1120/1357/71
f 1213/1359/71 1651/1357/71 1120/1357/71
f 1120/1357/71 1122/391/71 1209/1358/71
f 1122/391/71 1206/1272/71 1209/1358/71
f 1209/1358/71 1202/1355/71 1120/1357/71
f 1115/1274/70 1176/1274/70 1204/1275/70
f 1205/1358/23 1209/1358/23 1206/1272/23
f 1116/1275/307 1204/1275/307 1201/1354/307
f 1208/1355/308 1202/1355/308 1209/1358/308
f 1207/1354/23 1201/1354/23 1200/1353/23
f 1211/1356/70 1203/1356/70 1202/1355/70
s 1
f 1212/1359/309 1213/1359/309 1203/1356/309
s 0
f 1194/1357/19 1651/1357/19 1213/1359/19
f 1114/1273/58 1199/1273/58 1214/1340/58
f 1157/1360/303 1156/39/303 1215/1361/303
f 1217/1363/260 1006/1363/260 1056/354/260
f 1006/1363/259 1005/1363/259 1014/354/259
f 1020/1365/72 1611/1858/72 1004/158/72
f 1004/158/72 1003/247/72 1024/1364/72
f 1003/247/72 1350/1859/72 1025/1860/72
f 1024/1364/72 1003/247/72 1025/1860/72
f 1350/1859/72 1331/1861/72 1025/1860/72
f 1652/1862/70 1610/1863/70 1218/1864/70
f 1610/1863/70 1217/1865/70 1218/1864/70
f 1653/1866/70 1654/1867/70 1652/1862/70
f 1142/1298/70 1638/1825/70 1094/1366/70
f 1638/1825/70 1655/1868/70 1094/1366/70
f 1655/1868/70 1653/1866/70 1058/1869/70
f 1653/1866/70 1652/1862/70 1058/1869/70
f 1652/1862/70 1218/1864/70 1058/1869/70
f 1058/1869/70 1095/1870/70 1655/1868/70
f 1095/1870/70 1094/1366/70 1655/1868/70
f 1220/1368/310 1656/1871/310 1221/1369/310
f 1223/1371/311 1306/1872/311 1224/1372/311
f 1226/168/312 1657/1873/312 1227/1374/312
f 1229/1376/313 1290/1874/313 1230/1377/313
f 1232/1378/70 1658/1875/70 1233/1379/70
f 1286/1876/71 1656/1877/71 1220/1878/71
f 1220/1878/71 1257/1879/71 1273/1880/71
f 1220/1878/71 1273/1880/71 1272/1881/71
f 1261/1882/71 1286/1876/71 1220/1878/71
f 1261/1882/71 1220/1878/71 1272/1881/71
f 1261/1882/71 1272/1881/71 1263/1883/71
f 1259/1884/71 1261/1882/71 1263/1883/71
f 1259/1884/71 1263/1883/71 1225/1373/71
f 1263/1883/71 1251/1885/71 1225/1373/71
f 1225/1373/71 1285/1437/71 1276/1886/71
f 1276/1886/71 1259/1884/71 1225/1373/71
f 1250/1887/71 1657/1888/71 1226/1889/71
f 1251/1885/71 1250/1887/71 1226/1889/71
f 1226/1889/71 1659/1890/71 1295/1891/71
f 1226/1889/71 1295/1891/71 1251/1885/71
f 1295/1891/71 1282/1892/71 1251/1885/71
f 1225/1373/71 1251/1885/71 1282/1892/71
f 1253/1893/71 1223/1371/71 1225/1373/71
f 1231/1383/71 1288/1894/71 1235/1381/71
f 1288/1894/71 1254/1895/71 1256/1896/71
f 1235/1381/71 1288/1894/71 1256/1896/71
f 1254/1895/71 1253/1893/71 1282/1892/71
f 1253/1893/71 1225/1373/71 1282/1892/71
f 1254/1895/71 1282/1892/71 1256/1896/71
f 1236/1382/71 1229/1897/71 1231/1383/71
f 1237/1384/314 1660/1898/314 1238/1385/314
f 1240/1387/90 1308/1899/90 1241/1388/90
f 1243/1390/315 1661/1900/315 1244/1391/315
f 1246/1393/136 1662/1901/136 1247/1394/136
f 1249/1396/135 1663/1428/135 1250/1397/135
f 1252/1399/140 1307/1413/140 1253/1400/140
f 1255/1402/137 1265/1409/137 1235/1403/137
f 1257/1405/70 1220/1368/70 1222/1370/70
f 1259/1397/158 1277/1428/158 1260/1407/158
f 1262/1409/136 1249/1396/136 1251/1398/136
f 1264/1410/313 1664/1902/313 1242/1389/313
f 1265/1409/136 1284/1396/136 1236/1398/136
f 1238/1412/140 1660/1903/140 1266/1413/140
f 1266/1413/140 1295/1451/140 1267/1414/140
f 1295/1451/140 1659/1904/140 1267/1414/140
f 1267/1414/316 1283/1476/316 1317/1475/316
f 1267/1414/371 1317/1475/371 1238/1412/371
f 1268/1415/142 1311/1471/142 1269/1416/142
f 1665/1905/372 1666/1906/372 1051/1223/372
f 1046/1217/72 1294/1907/72 1293/1908/72
f 1046/1217/72 1293/1908/72 1311/1909/72
f 1665/1905/72 1051/1223/72 1317/1910/72
f 1051/1223/72 1047/1218/72 1317/1910/72
f 1239/1419/72 1238/1911/72 1047/1218/72
f 1238/1911/373 1317/1910/373 1047/1218/373
f 1047/1218/72 1046/1217/72 1311/1909/72
f 1268/1418/72 1296/1912/72 1239/1419/72
f 1047/1218/72 1311/1909/72 1268/1418/72
f 1267/1420/314 1659/1913/314 1226/1421/314
f 1271/1423/138 1305/1914/138 1272/1424/138
f 1275/1396/136 1276/1398/136 1274/1426/136
f 1276/1398/136 1285/1915/136 1274/1426/136
f 1274/1426/136 1315/1393/136 1301/1474/136
f 1244/1427/136 1661/1916/136 1275/1396/136
f 1274/1426/136 1301/1474/136 1244/1427/136
f 1276/1398/135 1275/1396/135 1277/1428/135
f 1278/1429/158 1667/1917/158 1279/1430/158
f 1281/1432/138 1255/1914/138 1256/1424/138
f 1312/1918/71 1616/1755/71 1045/1216/71
f 1050/1222/71 1302/1736/71 1316/1919/71
f 1283/1434/71 1267/1920/71 1049/1221/71
f 1267/1920/71 1228/1921/71 1049/1221/71
f 1050/1222/71 1316/1919/71 1283/1434/71
f 1269/1922/71 1312/1918/71 1045/1216/71
f 1228/1921/71 1227/1923/71 1270/1924/71
f 1269/1922/71 1045/1216/71 1049/1221/71
f 1228/1921/71 1270/1924/71 1049/1221/71
f 1270/1924/71 1269/1922/71 1049/1221/71
f 1271/1925/72 1658/1875/72 1232/1378/72
f 1232/1378/72 1310/1469/72 1668/1926/72
f 1232/1378/72 1668/1926/72 1260/1927/72
f 1305/1928/72 1271/1925/72 1232/1378/72
f 1262/1929/72 1305/1928/72 1260/1927/72
f 1305/1928/72 1232/1378/72 1260/1927/72
f 1249/1930/72 1262/1929/72 1243/1390/72
f 1262/1929/72 1260/1927/72 1277/1931/72
f 1262/1929/72 1277/1931/72 1243/1390/72
f 1237/1384/72 1309/1466/72 1663/1932/72
f 1277/1931/72 1275/1933/72 1243/1390/72
f 1237/1384/72 1663/1932/72 1249/1930/72
f 1266/1934/72 1660/1898/72 1237/1384/72
f 1281/1935/72 1266/1934/72 1249/1930/72
f 1266/1934/72 1237/1384/72 1249/1930/72
f 1255/1936/72 1281/1935/72 1252/1937/72
f 1281/1935/72 1249/1930/72 1243/1390/72
f 1307/1938/72 1281/1935/72 1243/1390/72
f 1275/1933/72 1661/1900/72 1243/1390/72
f 1281/1935/72 1307/1938/72 1252/1937/72
f 1265/1436/72 1255/1936/72 1240/1387/72
f 1243/1390/72 1291/1446/72 1307/1938/72
f 1252/1937/72 1240/1387/72 1255/1936/72
f 1240/1387/72 1242/1389/72 1265/1436/72
f 1242/1389/72 1664/1902/72 1284/1435/72
f 1285/1437/315 1225/1373/315 1224/1372/315
f 1221/1439/140 1656/1939/140 1286/1401/140
f 1286/1401/140 1668/1399/140 1287/1440/140
f 1668/1399/140 1310/1940/140 1287/1440/140
f 1287/1440/140 1299/1457/140 1300/1458/140
f 1287/1440/140 1300/1458/140 1221/1439/140
f 1288/1441/90 1231/1941/90 1230/1442/90
f 1236/1398/135 1284/1396/135 1264/1444/135
f 1284/1396/135 1664/1942/135 1264/1444/135
f 1264/1444/135 1304/1461/135 1303/1429/135
f 1290/1445/135 1229/1943/135 1236/1398/135
f 1264/1444/374 1303/1429/374 1290/1445/374
f 1291/1446/311 1243/1390/311 1245/1392/311
f 1233/1944/139 1658/1945/139 1271/1423/139
f 1271/1423/139 1273/1425/139 1258/1448/139
f 1273/1425/139 1257/1946/139 1258/1448/139
f 1258/1448/139 1616/1947/139 1293/1449/139
f 1616/1947/375 1312/1458/375 1293/1449/375
f 1233/1944/139 1271/1423/139 1258/1448/139
f 1294/1450/139 1233/1944/139 1258/1448/139
f 1266/1413/139 1281/1432/139 1282/1433/139
f 1227/1452/158 1657/1948/158 1250/1397/158
f 1250/1397/158 1663/1428/158 1296/1453/158
f 1663/1428/158 1309/1949/158 1296/1453/158
f 1296/1453/376 1268/1415/376 1270/1417/376
f 1296/1453/377 1270/1417/377 1227/1452/377
f 1038/1454/138 1669/1950/138 1297/1455/138
f 1299/1457/139 1669/1950/139 1038/1454/139
f 1299/1951/72 1287/1952/72 1234/1953/72
f 1234/1953/72 1233/1954/72 1046/1217/72
f 1233/1954/72 1294/1907/72 1046/1217/72
f 1046/1217/72 1619/1761/72 1234/1953/72
f 1612/1732/72 1618/1760/72 1093/1955/72
f 1093/1955/72 1095/1956/72 1667/1957/72
f 1095/1956/72 1058/1228/72 1055/1226/72
f 1095/1956/72 1055/1226/72 1667/1957/72
f 1011/1193/72 1612/1732/72 1093/1955/72
f 1043/1213/72 1011/1193/72 1313/1958/72
f 1011/1193/72 1093/1955/72 1247/1959/72
f 1313/1958/72 1011/1193/72 1662/1960/72
f 1055/1226/72 1620/1762/72 1667/1957/72
f 1620/1762/72 1051/1223/72 1304/1961/72
f 1051/1223/72 1666/1906/72 1304/1961/72
f 1304/1961/72 1264/1962/72 1241/1963/72
f 1299/1951/72 1234/1953/72 1619/1761/72
f 1620/1762/72 1304/1961/72 1241/1963/72
f 1241/1963/72 1308/1964/72 1279/1965/72
f 1241/1963/72 1279/1965/72 1620/1762/72
f 1279/1965/72 1667/1957/72 1620/1762/72
f 1093/1955/72 1667/1957/72 1247/1959/72
f 1247/1959/72 1662/1960/72 1011/1193/72
f 1670/1966/72 1292/1967/72 1245/1968/72
f 1043/1213/72 1313/1958/72 1670/1966/72
f 1669/1969/72 1299/1951/72 1619/1761/72
f 1297/1970/72 1669/1969/72 1044/1214/72
f 1669/1969/72 1619/1761/72 1044/1214/72
f 1043/1213/72 1670/1966/72 1245/1968/72
f 1245/1968/72 1244/1971/72 1043/1213/72
f 1244/1971/72 1301/1459/72 1043/1213/72
f 1301/1459/72 1297/1970/72 1044/1214/72
f 1247/1394/135 1667/1917/135 1278/1429/135
f 1304/1461/158 1666/1972/158 1302/1460/158
f 1666/1972/158 1665/1973/158 1302/1460/158
f 1665/1973/158 1316/1431/158 1302/1460/158
f 1260/1407/142 1668/1399/142 1286/1401/142
f 1305/1402/137 1262/1409/137 1263/1403/137
f 1292/1462/139 1670/1974/139 1318/1454/139
f 1306/1463/139 1223/1975/139 1253/1400/139
f 1292/1462/139 1318/1454/139 1306/1463/139
f 1307/1413/139 1291/1976/139 1292/1462/139
f 1306/1463/139 1253/1400/139 1307/1413/139
f 1252/1399/142 1254/1401/142 1289/1464/142
f 1254/1401/142 1288/1977/142 1289/1464/142
f 1289/1464/142 1280/1431/142 1279/1430/142
f 1308/1465/142 1240/1978/142 1252/1399/142
f 1289/1464/142 1279/1430/142 1308/1465/142
f 1309/1466/312 1237/1384/312 1239/1467/312
f 1310/1469/310 1232/1378/310 1234/1380/310
f 1311/1471/140 1293/1449/140 1312/1458/140
f 1313/1472/137 1662/1901/137 1246/1393/137
f 1298/1473/137 1297/1979/137 1301/1474/137
f 1316/1431/142 1665/1973/142 1317/1475/142
f 1318/1454/138 1670/1974/138 1313/1477/138
f 1319/1478/19 1145/1302/19 1320/1479/19
f 1322/1481/70 1140/162/70 1139/162/70
f 1139/162/70 1325/162/70 1148/1482/70
f 1323/156/71 1162/1980/71 1136/1483/71
f 1324/168/70 1135/168/70 1628/1795/70
f 1628/1795/70 1151/1485/70 1324/168/70
f 1325/162/72 1139/1981/72 1326/1486/72
f 1325/162/19 1163/1487/19 1149/1488/19
f 1323/87/19 1151/1982/19 1150/1490/19
f 1327/1492/19 1216/1362/19 1215/1361/19
f 1671/1983/72 1329/1496/72 1327/1495/72
f 1329/1496/72 1158/1984/72 1157/1985/72
f 1216/1494/72 1329/1496/72 1157/1985/72
f 1096/1986/70 1614/1987/70 1097/1497/70
f 1614/1987/70 1648/1988/70 1097/1497/70
f 1648/1988/70 1141/1295/70 1097/1497/70
f 1330/1498/70 1057/1989/70 1023/1499/70
f 1023/1499/70 1025/1990/70 1331/1500/70
f 1362/1991/72 1335/1504/72 1337/156/72
f 1332/1501/72 1121/1992/72 1357/1993/72
f 1121/1992/72 1336/1505/72 1369/1994/72
f 1357/1993/72 1121/1992/72 1368/1995/72
f 1369/1994/72 1368/1995/72 1121/1992/72
f 1362/1991/72 1337/156/72 1355/1996/72
f 1337/156/72 1338/158/72 1355/1996/72
f 1332/1501/72 1357/1993/72 1333/1502/72
f 1355/1996/72 1338/158/72 1334/1503/72
f 1338/158/72 1332/1501/72 1334/1503/72
f 1369/1994/72 1336/1505/72 1335/1504/72
f 1336/1505/72 1196/1515/72 1337/156/72
f 1338/158/19 1342/91/19 1339/1506/19
f 1340/1507/71 1365/1997/71 1341/1508/71
f 1366/1998/71 1365/1997/71 1340/1507/71
f 1342/91/71 1346/162/71 1343/1510/71
f 1346/162/71 1197/1514/71 1118/1509/71
f 1371/1999/71 1346/162/71 1363/2000/71
f 1118/1509/71 1341/1508/71 1363/2000/71
f 1118/1509/71 1363/2000/71 1346/162/71
f 1366/1998/71 1340/1507/71 1358/2001/71
f 1340/1507/71 1339/1506/71 1358/2001/71
f 1346/162/71 1371/1999/71 1343/1510/71
f 1358/2001/71 1339/1506/71 1375/2002/71
f 1339/1506/71 1342/91/71 1344/1511/71
f 1375/2002/71 1339/1506/71 1344/1511/71
f 1337/168/90 1346/162/90 1342/91/90
f 1158/2003/72 1329/156/72 1345/1513/72
f 1329/156/72 1348/156/72 1345/1513/72
f 1348/156/72 1125/1512/72 1345/1513/72
f 1128/2004/318 1127/2005/318 1347/162/318
f 1127/2005/318 1197/1514/318 1347/162/318
f 1196/1515/319 1629/1515/319 1348/156/319
f 1629/1515/319 1125/1512/319 1348/156/319
f 1348/168/90 1347/162/90 1346/162/90
f 1154/1517/71 1159/2006/71 1128/2004/71
f 1128/2004/71 1347/162/71 1154/1517/71
f 1347/162/71 1349/162/71 1154/1517/71
f 1347/162/90 1348/168/90 1329/168/90
f 1329/1496/19 1671/1983/19 1350/1518/19
f 1671/1983/19 1330/2007/19 1350/1518/19
f 1330/2007/19 1331/2008/19 1350/1518/19
f 1008/1519/19 1610/2009/19 1652/2010/19
f 1008/1519/19 1652/2010/19 1349/1520/19
f 1329/1496/19 1350/1518/19 1349/1520/19
f 1349/1521/71 1652/2010/71 1351/1522/71
f 1652/2010/71 1654/2011/71 1351/1522/71
f 1351/1522/71 1321/2012/71 1320/2013/71
f 1144/1523/71 1155/2014/71 1349/1521/71
f 1351/1522/71 1320/2013/71 1144/1523/71
f 1352/1524/303 1344/2015/303 1343/1525/303
f 1354/1527/303 1370/1548/303 1355/1528/303
f 1356/1530/251 1374/1561/251 1333/1531/251
f 1358/1533/251 1375/1564/251 1359/1534/251
f 1361/1536/252 1373/2016/252 1335/1537/252
f 1129/1539/252 1371/1549/252 1363/1540/252
f 1134/1544/293 1372/1550/293 1365/1542/293
f 1372/1550/293 1341/1552/293 1365/1542/293
f 1367/1545/293 1112/2017/293 1368/1546/293
f 1361/1536/90 1362/1538/90 1355/1528/90
f 1353/1526/90 1343/1525/90 1371/1549/90
f 1372/1550/23 1364/2018/23 1363/1551/23
f 1367/1545/23 1369/1547/23 1335/1553/23
f 1366/1555/70 1358/2019/70 1360/1556/70
f 1357/1558/70 1368/2020/70 1112/1559/70
f 1374/1561/19 1354/2021/19 1334/1562/19
f 1352/1563/19 1359/1534/19 1375/1564/19
f 1376/1566/70 993/2022/70 992/1567/70
f 994/1569/23 999/1572/23 1378/1570/23
f 1072/1233/72 1080/1240/72 1000/2023/72
f 1072/1233/72 1000/2023/72 997/2024/72
f 1070/1231/72 1072/1233/72 997/2024/72
f 995/2025/72 1379/1765/72 1070/1231/72
f 1379/1765/72 1622/354/72 1380/162/72
f 1070/1231/72 997/2024/72 995/2025/72
f 1078/1238/72 1077/1237/72 1083/1243/72
f 1083/1243/72 1070/1231/72 1379/1765/72
f 1379/1765/72 1380/162/72 1083/1243/72
f 1622/354/72 1105/1219/72 1380/162/72
f 999/1572/293 1376/39/293 1377/1573/293
f 1001/121/303 998/1184/303 997/1183/303
f 1381/139/158 1384/1/158 1382/19/158
f 1384/1/135 1672/40/135 1385/35/135
f 1385/35/136 1672/40/136 1386/39/136
f 1387/38/137 1386/39/137 1388/65/137
f 1388/65/138 1391/87/138 1390/91/138
f 1391/87/139 1393/103/139 1392/106/139
f 1672/203/72 1384/195/72 1381/180/72
f 1381/180/72 1395/205/72 1393/206/72
f 1393/206/72 1391/184/72 1388/185/72
f 1388/185/72 1386/339/72 1672/203/72
f 1672/203/72 1381/180/72 1388/185/72
f 1393/103/140 1395/118/140 1394/121/140
f 1395/118/142 1381/138/142 1383/134/142
f 1394/136/71 1383/140/71 1382/141/71
f 1382/141/71 1385/142/71 1387/143/71
f 1387/143/71 1389/144/71 1390/145/71
f 1390/145/71 1392/137/71 1394/136/71
f 1394/136/71 1382/141/71 1387/143/71
f 1396/1575/90 1507/1575/90 1397/168/90
f 1399/158/72 1414/247/72 1400/391/72
f 1402/156/72 1673/391/72 1403/391/72
f 1405/158/72 1409/247/72 1406/391/72
f 1405/158/19 1541/2026/19 1408/1576/19
f 1541/2027/90 1405/121/90 1411/1578/90
f 1405/121/90 1407/168/90 1411/1578/90
f 1414/247/19 1399/158/19 1412/1579/19
f 1399/158/19 1416/2028/19 1412/1579/19
f 1399/121/90 1401/168/90 1415/1581/90
f 1417/391/72 1427/247/72 1418/158/72
f 1420/391/72 1674/247/72 1421/158/72
f 1421/158/23 1674/247/23 1423/1576/23
f 1422/168/90 1421/121/90 1425/1584/90
f 1421/121/90 1424/2029/90 1425/1584/90
f 1523/2030/23 1418/158/23 1429/1586/23
f 1418/158/23 1427/247/23 1429/1586/23
f 1418/121/90 1523/2031/90 1430/1587/90
f 1431/391/72 1443/247/72 1432/158/72
f 1403/355/90 1673/355/90 1483/2032/90
f 1673/355/90 1498/2033/90 1484/1588/90
f 1483/2032/90 1673/355/90 1484/1588/90
f 1483/2032/90 1434/1588/90 1403/355/90
f 1436/391/72 1675/247/72 1437/158/72
f 1437/158/19 1675/247/19 1439/1590/19
f 1438/168/70 1437/121/70 1441/1592/70
f 1437/121/70 1440/2034/70 1441/1592/70
f 1505/2035/19 1432/158/19 1445/1595/19
f 1432/158/19 1443/247/19 1445/1595/19
f 1432/121/70 1505/2036/70 1446/1596/70
f 1447/158/72 1459/247/72 1448/391/72
f 1450/158/72 1454/247/72 1451/391/72
f 1450/158/23 1528/2037/23 1453/1590/23
f 1528/2038/70 1450/121/70 1456/1598/70
f 1450/121/70 1452/168/70 1456/1598/70
f 1459/247/23 1447/158/23 1457/1599/23
f 1447/158/23 1461/2039/23 1457/1599/23
f 1447/121/70 1449/168/70 1460/1600/70
f 1462/391/72 1537/391/72 1398/156/72
f 1463/1602/293 1476/121/293 1464/1603/293
f 1466/1605/252 1676/2040/252 1467/1606/252
f 1469/1608/251 1475/1615/251 1470/168/251
f 1472/39/303 1677/2041/303 1473/1610/303
f 1465/1604/70 1469/1608/70 1471/1609/70
f 1468/1607/71 1467/1606/71 1476/1617/71
f 1476/1617/71 1463/2042/71 1468/1607/71
f 1463/2042/71 1471/1613/71 1468/1607/71
f 1471/1613/71 1470/2043/71 1677/2044/71
f 1677/2044/71 1472/1612/71 1471/1613/71
f 1473/1610/19 1677/2041/19 1470/1614/19
f 1468/1616/90 1472/2045/90 1474/1611/90
f 1467/1606/23 1676/2040/23 1464/1603/23
f 1477/1618/72 1678/2046/72 1466/1605/72
f 1466/1605/72 1474/1611/72 1477/1618/72
f 1474/1611/72 1473/1610/72 1478/1619/72
f 1495/2047/72 1478/1619/72 1473/1610/72
f 1473/1610/72 1475/1615/72 1495/2047/72
f 1475/1615/72 1469/1608/72 1480/1621/72
f 1495/2047/72 1475/1615/72 1480/1621/72
f 1469/1608/72 1465/1604/72 1479/1620/72
f 1465/1604/72 1464/1603/72 1503/2048/72
f 1479/1620/72 1465/1604/72 1503/2048/72
f 1464/1603/72 1676/2040/72 1491/2049/72
f 1676/2040/72 1466/1605/72 1678/2046/72
f 1491/2049/72 1676/2040/72 1678/2046/72
f 1464/1603/72 1491/2049/72 1503/2048/72
f 1490/2050/378 1481/139/378 1460/1623/378
f 1481/139/378 1529/1/378 1455/2051/378
f 1529/1/320 1456/2052/320 1455/2051/320
f 1455/2051/378 1526/1679/378 1461/1622/378
f 1526/1679/378 1457/1678/378 1461/1622/378
f 1481/139/378 1455/2051/378 1461/1622/378
f 1460/1623/378 1501/1647/378 1490/2050/378
f 1497/1641/379 1485/65/379 1415/1627/379
f 1485/65/379 1542/87/379 1410/2053/379
f 1542/87/322 1411/2054/322 1410/2053/322
f 1410/2053/379 1521/1708/379 1416/1626/379
f 1521/1708/379 1412/1707/379 1416/1626/379
f 1485/65/322 1410/2053/322 1416/1626/322
f 1415/1627/379 1494/1637/379 1497/1641/379
f 1491/1633/324 1678/2055/324 1489/1631/324
f 1678/2055/324 1511/2056/324 1489/1631/324
f 1477/1634/325 1486/1628/325 1492/1635/325
f 1486/1628/325 1488/1630/325 1492/1635/325
f 1492/1635/325 1531/1685/325 1540/2057/325
f 1518/2058/325 1511/2056/325 1678/2055/325
f 1514/1687/325 1519/2059/325 1493/1636/325
f 1519/2059/325 1518/2058/325 1678/2055/325
f 1493/1636/325 1519/2059/325 1678/2055/325
s 1
f 1492/1635/325 1540/2057/325 1493/1636/325
s 0
f 1678/2055/325 1477/1634/325 1493/1636/325
f 1495/1639/326 1497/1641/326 1494/1637/326
f 1494/1637/326 1510/2060/326 1478/1638/326
f 1495/1639/327 1480/2061/327 1496/1640/327
f 1480/2061/327 1533/2062/327 1496/1640/327
f 1479/1642/328 1482/558/328 1498/1643/328
f 1482/558/328 1484/1625/328 1498/1643/328
f 1498/1643/328 1508/1695/328 1504/2063/328
f 1524/2064/328 1533/2062/328 1480/2061/328
f 1535/1697/328 1525/2065/328 1499/1644/328
f 1525/2065/328 1524/2064/328 1480/2061/328
f 1499/1644/328 1525/2065/328 1480/2061/328
f 1498/1643/328 1504/2063/328 1499/1644/328
f 1480/2061/328 1479/1642/328 1499/1644/328
f 1503/1649/329 1502/1648/329 1679/2066/329
f 1679/2066/329 1534/2067/329 1503/1649/329
f 1534/2067/329 1527/1680/329 1500/1645/329
f 1500/1645/329 1539/2068/329 1435/1646/329
f 1539/2068/329 1545/2069/329 1435/1646/329
f 1534/2067/329 1500/1645/329 1503/1649/329
f 1479/1642/329 1503/1649/329 1500/1645/329
f 1434/1683/329 1482/558/329 1435/1646/329
f 1482/558/329 1479/1642/329 1435/1646/329
f 1503/1649/330 1491/2070/330 1501/1647/330
f 1491/2070/330 1490/2050/330 1501/1647/330
f 1504/1651/90 1439/1703/90 1675/19/90
f 1675/19/90 1436/355/90 1504/1651/90
f 1497/1641/331 1496/1640/331 1446/2071/331
f 1505/1652/380 1445/1698/380 1543/2072/380
f 1497/1641/380 1446/2071/380 1485/65/380
f 1446/2071/331 1505/1652/331 1485/65/331
f 1680/39/380 1485/65/380 1442/1653/380
f 1442/1653/331 1441/2073/331 1680/39/331
f 1505/1652/331 1543/2072/331 1442/1653/331
f 1680/339/72 1509/2074/72 1544/2075/72
f 1506/1654/72 1530/2076/72 1529/195/72
f 1680/339/72 1544/2075/72 1485/185/72
f 1544/2075/72 1506/1654/72 1396/2077/72
f 1485/185/72 1396/2077/72 1542/184/72
f 1396/2077/72 1517/2078/72 1542/184/72
f 1681/205/72 1532/2079/72 1507/1655/72
f 1507/1655/72 1396/2077/72 1506/1654/72
f 1485/185/72 1544/2075/72 1396/2077/72
f 1506/1654/72 1529/195/72 1481/180/72
f 1481/180/72 1681/205/72 1507/1655/72
f 1508/1656/23 1498/2080/23 1673/39/23
f 1673/39/23 1402/87/23 1508/1656/23
f 1402/87/23 1544/2081/23 1509/1657/23
f 1494/1658/23 1415/2082/23 1401/87/23
f 1401/87/23 1400/39/23 1494/1658/23
f 1400/39/23 1682/2083/23 1510/1659/23
f 1511/1661/19 1518/2084/19 1417/39/19
f 1417/39/19 1419/87/19 1489/1660/19
f 1419/87/19 1430/2085/19 1489/1660/19
f 1478/1638/332 1510/2060/332 1682/2086/332
f 1682/2086/332 1522/2087/332 1478/1638/332
f 1522/2087/332 1520/1709/332 1512/1662/332
f 1512/1662/332 1538/2088/332 1513/1663/332
f 1538/2088/332 1516/2089/332 1513/1663/332
f 1522/2087/332 1512/1662/332 1478/1638/332
f 1477/1634/332 1478/1638/332 1512/1662/332
f 1536/1712/332 1486/1628/332 1513/1663/332
f 1486/1628/332 1477/1634/332 1513/1663/332
f 1514/1664/19 1493/2090/19 1420/39/19
f 1420/39/19 1422/87/19 1514/1664/19
f 1422/87/19 1426/2091/19 1515/1665/19
f 1517/1667/23 1396/2081/23 1398/87/23
f 1398/87/23 1537/39/23 1516/1666/23
f 1537/39/23 1513/2092/23 1516/1666/23
f 1519/1669/70 1428/2093/70 1427/19/70
f 1427/19/70 1417/355/70 1519/1669/70
f 1521/1671/23 1410/2094/23 1407/87/23
f 1407/87/23 1406/39/23 1520/1670/23
f 1406/39/23 1512/2095/23 1520/1670/23
f 1522/1673/70 1682/2096/70 1400/355/70
f 1400/355/70 1414/19/70 1522/1673/70
f 1490/1632/333 1489/1631/333 1430/2097/333
f 1523/1674/333 1429/1688/333 1515/2098/333
f 1490/1632/381 1430/2097/381 1481/138/381
f 1430/2097/333 1523/1674/333 1481/138/333
f 1681/118/333 1481/138/333 1426/1675/333
f 1426/1675/333 1425/2099/333 1681/118/333
f 1523/1674/333 1515/2098/333 1426/1675/333
f 1525/1677/90 1444/2100/90 1443/19/90
f 1443/19/90 1431/355/90 1525/1677/90
f 1527/1680/334 1534/2067/334 1458/2101/334
f 1458/2101/382 1457/1678/382 1527/1680/382
f 1545/2069/334 1539/2068/334 1453/2102/334
f 1528/1681/382 1456/2052/382 1529/1/382
f 1545/2069/334 1453/2102/334 1530/1682/334
f 1453/2102/334 1528/1681/334 1530/1682/334
f 1681/118/323 1425/2099/323 1424/2103/323
f 1423/1684/335 1540/2057/335 1531/1685/335
f 1532/1686/335 1681/118/335 1424/2103/335
f 1424/2103/335 1423/1684/335 1532/1686/335
f 1514/1687/335 1515/2098/335 1429/1688/335
f 1428/1689/335 1519/2059/335 1514/1687/335
f 1533/1691/23 1524/2104/23 1431/39/23
f 1431/39/23 1433/87/23 1496/1690/23
f 1433/87/23 1446/2105/23 1496/1690/23
f 1534/1693/90 1679/2106/90 1448/355/90
f 1448/355/90 1459/19/90 1534/1693/90
f 1680/39/321 1441/2073/321 1440/2107/321
f 1439/1694/321 1504/2063/321 1508/1695/321
f 1509/1696/336 1680/39/336 1440/2107/336
f 1440/2107/336 1439/1694/336 1509/1696/336
f 1535/1697/321 1543/2072/321 1445/1698/321
f 1444/1699/321 1525/2065/321 1535/1697/321
f 1536/1588/70 1513/2108/70 1537/355/70
f 1537/355/70 1462/355/70 1487/1700/70
f 1462/355/70 1492/2109/70 1488/2110/70
f 1487/1700/70 1462/355/70 1488/2110/70
f 1538/1702/70 1512/2111/70 1406/355/70
f 1406/355/70 1409/19/70 1538/1702/70
f 1539/1704/90 1500/2112/90 1451/355/90
f 1451/355/90 1454/19/90 1539/1704/90
f 1540/1706/70 1423/1701/70 1674/19/70
f 1674/19/70 1420/355/70 1540/1706/70
f 1520/1709/338 1522/2087/338 1413/2113/338
f 1413/2113/337 1412/1707/337 1520/1709/337
f 1516/2089/337 1538/2088/337 1408/2114/337
f 1541/1710/337 1411/2054/337 1542/87/337
f 1516/2089/338 1408/2114/338 1517/1711/338
f 1408/2114/338 1541/1710/338 1517/1711/338
f 1535/1713/23 1499/2115/23 1436/39/23
f 1436/39/23 1438/87/23 1535/1713/23
f 1438/87/23 1442/2116/23 1543/1714/23
f 1531/1715/19 1492/2117/19 1462/39/19
f 1462/39/19 1397/87/19 1531/1715/19
f 1397/87/19 1507/2081/19 1532/1716/19
f 1402/168/70 1404/168/70 1506/1575/70
f 1530/1718/19 1506/2081/19 1404/87/19
f 1404/87/19 1403/39/19 1545/1717/19
f 1403/39/19 1435/2118/19 1545/1717/19
f 1526/1720/19 1455/2119/19 1452/87/19
f 1452/87/19 1451/39/19 1527/1719/19
f 1451/39/19 1500/2120/19 1527/1719/19
f 1501/1721/19 1460/2121/19 1449/87/19
f 1449/87/19 1448/39/19 1501/1721/19
f 1448/39/19 1679/2122/19 1502/1722/19
f 1546/139/158 1549/1/158 1547/19/158
f 1549/1/135 1551/40/135 1550/35/135
f 1551/40/136 1553/39/136 1552/38/136
f 1553/39/137 1555/65/137 1554/67/137
f 1555/65/138 1557/87/138 1556/91/138
s 1
f 1557/87/139 1559/103/139 1558/106/139
s 0
f 1551/203/72 1549/195/72 1559/206/72
f 1549/195/72 1546/180/72 1559/206/72
f 1546/180/72 1561/205/72 1559/206/72
f 1559/206/72 1557/184/72 1555/185/72
f 1555/185/72 1553/339/72 1551/203/72
f 1559/103/140 1561/118/140 1560/121/140
f 1561/118/142 1546/138/142 1548/134/142
f 1560/136/71 1548/140/71 1547/141/71
f 1547/141/71 1550/142/71 1560/136/71
f 1550/142/71 1552/143/71 1560/136/71
f 1552/143/71 1554/144/71 1560/136/71
f 1554/144/71 1556/145/71 1560/136/71
f 1562/19/137 1566/1/137 1563/139/137
f 1565/35/136 1568/40/136 1566/1/136
f 1567/38/135 1570/39/135 1568/40/135
f 1569/67/158 1572/65/158 1570/39/158
f 1571/91/142 1574/87/142 1572/65/142
f 1573/106/140 1577/103/140 1574/87/140
f 1563/180/72 1566/195/72 1572/185/72
f 1566/195/72 1568/203/72 1572/185/72
f 1568/203/72 1570/339/72 1572/185/72
f 1572/185/72 1574/184/72 1577/206/72
f 1577/206/72 1575/205/72 1572/185/72
f 1576/121/139 1575/118/139 1577/103/139
f 1564/134/138 1563/138/138 1575/118/138
f 1562/141/71 1564/140/71 1576/136/71
f 1576/136/71 1573/137/71 1571/145/71
f 1571/145/71 1569/144/71 1562/141/71
f 1569/144/71 1567/143/71 1562/141/71
f 1567/143/71 1565/142/71 1562/141/71
f 1578/19/142 1582/1/142 1579/139/142
f 1581/35/140 1584/40/140 1582/1/140
f 1583/38/139 1586/39/139 1584/40/139
f 1585/67/138 1588/65/138 1586/39/138
f 1587/91/137 1590/87/137 1588/65/137
f 1589/106/136 1593/103/136 1590/87/136
f 1579/180/72 1582/195/72 1588/185/72
f 1582/195/72 1584/203/72 1588/185/72
f 1584/203/72 1586/339/72 1588/185/72
f 1588/185/72 1590/184/72 1593/206/72
f 1593/206/72 1591/205/72 1588/185/72
f 1592/121/135 1591/118/135 1593/103/135
f 1580/134/158 1579/138/158 1591/118/158
f 1578/141/71 1580/140/71 1592/136/71
f 1592/136/71 1589/137/71 1587/145/71
f 1587/145/71 1585/144/71 1578/141/71
f 1585/144/71 1583/143/71 1578/141/71
f 1583/143/71 1581/142/71 1578/141/71
f 1594/139/138 1597/1/138 1595/19/138
f 1597/1/139 1599/40/139 1598/35/139
f 1599/40/140 1601/39/140 1600/38/140
f 1601/39/142 1603/65/142 1602/67/142
f 1603/65/158 1605/87/158 1604/91/158
f 1605/87/135 1607/103/135 1606/106/135
f 1599/203/72 1597/195/72 1594/180/72
f 1594/180/72 1609/205/72 1607/206/72
f 1607/206/72 1605/184/72 1603/185/72
f 1603/185/72 1601/339/72 1599/203/72
f 1599/203/72 1594/180/72 1603/185/72
f 1607/103/136 1609/118/136 1608/121/136
f 1609/118/137 1594/138/137 1596/134/137
f 1608/136/71 1596/140/71 1595/141/71
f 1595/141/71 1598/142/71 1600/143/71
f 1600/143/71 1602/144/71 1608/136/71
f 1602/144/71 1604/145/71 1608/136/71
f 1604/145/71 1606/137/71 1608/136/71
f 1686/139/1 1687/19/1 1688/173/1
f 1689/1/2 1690/35/2 1687/19/2
f 1691/40/4 1692/38/4 1690/35/4
f 1693/39/5 1694/67/5 1692/38/5
f 1694/67/6 1695/87/6 1696/91/6
f 1696/91/7 1697/103/7 1698/106/7
f 1699/118/383 1700/138/383 1686/138/383
f 1698/106/9 1699/118/9 1701/121/9
f 1701/121/10 1686/138/10 1688/134/10
f 1694/67/384 1702/38/384 1692/38/384
f 1703/103/9 1704/118/9 1705/118/9
f 1686/139/385 1706/1/385 1689/1/385
f 1691/40/386 1707/39/386 1693/39/386
f 1697/103/387 1708/87/387 1703/103/387
f 1693/39/388 1709/65/388 1710/65/388
f 1697/103/389 1705/118/389 1699/118/389
f 1691/40/390 1706/1/390 1711/40/390
f 1710/65/391 1708/87/391 1695/87/391
f 1712/206/19 1713/2123/19 1714/2124/19
f 1715/203/19 1716/2125/19 1717/2126/19
f 1709/65/6 1718/87/6 1708/87/6
f 1711/40/4 1719/39/4 1707/39/4
f 1700/139/1 1720/1/1 1706/1/1
f 1705/118/10 1721/138/10 1700/138/10
f 1708/87/7 1712/103/7 1703/103/7
f 1707/39/5 1722/65/5 1709/65/5
f 1706/1/2 1715/40/2 1711/40/2
f 1723/91/392 1724/106/392 1725/91/392
f 1701/121/393 1726/106/393 1698/106/393
f 1690/35/394 1727/19/394 1687/19/394
f 1696/91/395 1728/67/395 1694/67/395
f 1688/134/396 1729/121/396 1701/121/396
f 1688/173/397 1727/19/397 1730/173/397
f 1692/38/398 1731/35/398 1690/35/398
f 1696/91/399 1726/106/399 1723/91/399
f 1732/139/1 1733/19/1 1734/173/1
f 1735/1/2 1736/35/2 1733/19/2
f 1737/40/4 1738/38/4 1736/35/4
f 1739/39/5 1740/67/5 1738/38/5
f 1741/65/6 1742/91/6 1740/67/6
f 1743/87/7 1744/106/7 1742/91/7
f 1745/180/1 1746/195/1 1747/195/1
f 1748/103/9 1749/121/9 1744/106/9
f 1750/118/10 1734/134/10 1749/121/10
f 1751/145/7 1752/137/7 1753/145/7
f 1754/141/19 1734/140/19 1733/141/19
f 1754/141/19 1736/142/19 1755/142/19
f 1756/143/211 1736/2127/211 1738/143/211
f 1756/143/19 1740/144/19 1757/144/19
f 1751/145/19 1740/144/19 1742/145/19
f 1751/145/19 1744/137/19 1758/137/19
f 1759/136/58 1744/2128/58 1749/136/58
f 1759/136/19 1734/140/19 1760/140/19
f 1757/144/5 1761/143/5 1756/143/5
f 1755/142/2 1762/141/2 1754/141/2
f 1759/136/9 1752/137/9 1758/137/9
f 1751/145/6 1763/144/6 1757/144/6
f 1756/143/4 1764/142/4 1755/142/4
f 1760/140/1 1762/141/1 1765/2129/1
f 1759/136/10 1765/2129/10 1766/2130/10
f 1747/195/400 1732/180/400 1745/180/400
s 1
f 1767/203/401 1735/195/401 1747/195/401
s 0
f 1768/339/402 1737/203/402 1767/203/402
f 1769/185/403 1739/339/403 1768/339/403
f 1770/184/404 1741/185/404 1769/185/404
s 1
f 1771/206/405 1743/184/405 1770/184/405
s 0
f 1772/205/406 1748/206/406 1771/206/406
f 1745/180/407 1750/205/407 1772/205/407
f 1772/205/10 1773/180/10 1745/180/10
f 1770/184/7 1774/206/7 1771/206/7
f 1768/339/5 1775/185/5 1769/185/5
f 1747/195/2 1776/203/2 1767/203/2
f 1771/206/9 1777/205/9 1772/205/9
f 1769/185/6 1778/184/6 1770/184/6
f 1767/203/4 1779/339/4 1768/339/4
f 1780/2131/7 1781/2132/7 1782/2132/7
f 1783/2133/9 1784/2132/9 1785/2133/9
f 1786/2134/5 1787/2135/5 1788/2134/5
f 1789/2136/2 1790/2137/2 1791/2137/2
f 1782/2132/9 1792/2133/9 1793/2133/9
f 1780/2131/6 1788/2134/6 1794/2131/6
f 1791/2137/4 1787/2135/4 1795/2135/4
f 1796/2138/1 1797/2136/1 1789/2136/1
f 1793/2133/10 1798/2138/10 1796/2138/10
f 1799/2132/25 1794/2139/25 1800/2139/25
f 1800/2139/23 1788/2138/23 1801/2138/23
f 1802/2136/23 1788/2138/23 1787/2136/23
f 1803/2137/23 1787/2136/23 1790/2137/23
f 1804/2136/24 1790/2137/24 1797/2136/24
f 1805/2138/408 1797/2136/408 1798/2138/408
f 1805/2138/23 1792/2133/23 1783/2133/23
f 1783/2133/23 1781/2132/23 1799/2132/23
f 1806/2133/10 1807/2140/10 1808/2138/10
f 1805/2138/1 1809/2136/1 1804/2136/1
f 1803/2137/4 1810/2136/4 1802/2136/4
f 1800/2139/6 1811/2138/6 1812/2139/6
f 1805/2138/10 1785/2133/10 1813/2138/10
f 1804/2136/2 1814/2137/2 1803/2137/2
f 1802/2136/5 1811/2138/5 1801/2138/5
s 1
f 1799/2132/7 1812/2139/7 1784/2132/7
s 0
f 1815/2132/23 1812/2139/23 1816/2139/23
f 1816/2139/23 1811/2138/23 1817/2138/23
f 1818/2136/23 1811/2138/23 1810/2136/23
f 1819/2137/23 1810/2136/23 1814/2137/23
f 1820/2136/23 1814/2137/23 1809/2136/23
f 1808/2138/23 1809/2136/23 1813/2138/23
f 1808/2138/23 1785/2133/23 1806/2133/23
f 1806/2133/23 1784/2132/23 1815/2132/23
f 1821/2141/6 1822/2142/6 1823/2143/6
f 1820/2136/2 1824/2137/2 1819/2137/2
f 1818/2136/5 1825/2136/5 1826/2144/5
f 1815/2132/7 1827/2139/7 1828/2132/7
f 1806/2133/9 1828/2132/9 1829/2133/9
f 1808/2138/1 1830/2145/1 1820/2136/1
f 1819/2137/4 1825/2136/4 1818/2136/4
f 1817/2138/6 1831/2146/6 1816/2139/6
f 1832/2147/19 1827/2139/19 1833/2141/19
f 1822/2142/19 1827/2139/19 1831/2146/19
f 1825/2136/19 1834/2148/19 1826/2144/19
f 1835/2149/19 1825/2136/19 1824/2137/19
f 1835/2149/19 1836/2136/19 1837/2150/19
f 1836/2136/19 1838/2148/19 1837/2150/19
f 1829/2133/19 1839/2151/19 1807/2140/19
f 1832/2147/19 1829/2133/19 1828/2132/19
f 1840/2143/19 1841/2148/19 1842/2152/19
f 1839/2151/10 1843/2141/10 1840/2143/10
f 1835/2149/2 1844/2150/2 1845/2149/2
f 1846/2153/5 1834/2148/5 1847/2153/5
f 1833/2141/7 1848/2147/7 1832/2147/7
f 1832/2147/9 1843/2141/9 1849/2141/9
f 1844/2150/1 1838/2148/1 1842/2148/1
f 1847/2153/4 1845/2149/4 1846/2153/4
f 1702/38/409 1850/35/409 1731/35/409
f 1702/38/410 1851/67/410 1852/38/410
f 1727/19/411 1853/173/411 1730/173/411
f 1726/106/412 1854/121/412 1724/106/412
s 1
f 1723/91/413 1851/67/413 1728/67/413
s 0
f 1731/35/414 1855/19/414 1727/19/414
f 1730/134/415 1854/121/415 1729/121/415
f 1856/2154/23 1851/144/23 1857/2155/23
f 1858/2156/23 1854/136/23 1859/2157/23
f 1860/2158/23 1854/136/23 1853/140/23
f 1860/2158/23 1855/141/23 1861/2159/23
f 1861/2159/23 1850/142/23 1862/2160/23
f 1856/2154/23 1850/142/23 1852/143/23
f 1863/2161/23 1851/144/23 1725/145/23
f 1863/2161/23 1724/137/23 1858/2156/23
f 1823/2162/71 1831/2163/71 1864/156/71
f 1865/38/23 1830/2164/23 1866/2165/23
f 1867/158/23 1831/2163/23 1868/2166/23
f 1830/2164/72 1865/38/72 1869/354/72
f 1870/91/70 1864/168/70 1867/121/70
f 1871/19/90 1869/354/90 1865/38/90
f 1872/391/71 1871/247/71 1807/2167/71
f 1873/162/72 1870/91/72 1826/2168/72
f 1874/87/416 1875/65/416 1876/65/416
f 1877/180/19 1765/2169/19 1762/2170/19
f 1874/184/19 1753/2171/19 1752/2172/19
f 1877/138/417 1714/118/417 1878/118/417
f 1877/139/418 1879/1/418 1880/139/418
f 1881/40/419 1717/39/419 1716/40/419
f 1874/87/420 1713/103/420 1882/2173/420
f 1883/39/421 1875/65/421 1717/39/421
f 1878/118/422 1713/103/422 1884/103/422
f 1885/1/423 1716/40/423 1879/1/423
f 1686/139/1 1689/1/1 1687/19/1
f 1689/1/2 1691/40/2 1690/35/2
f 1691/40/4 1693/39/4 1692/38/4
f 1693/39/5 1710/65/5 1694/67/5
f 1694/67/6 1710/65/6 1695/87/6
f 1696/91/7 1695/87/7 1697/103/7
f 1699/118/383 1705/118/383 1700/138/383
f 1698/106/9 1697/103/9 1699/118/9
f 1701/121/10 1699/118/10 1686/138/10
f 1694/67/384 1728/67/384 1702/38/384
f 1703/103/9 1712/103/9 1704/118/9
f 1686/139/385 1700/139/385 1706/1/385
f 1691/40/424 1711/40/424 1707/39/424
f 1697/103/425 1695/87/425 1708/87/425
f 1693/39/388 1707/39/388 1709/65/388
f 1697/103/426 1703/103/426 1705/118/426
f 1691/40/427 1689/1/427 1706/1/427
f 1710/65/391 1709/65/391 1708/87/391
f 1714/2124/19 1880/2174/19 1721/180/19
f 1721/180/19 1704/205/19 1714/2124/19
f 1704/205/19 1712/206/19 1714/2124/19
f 1712/206/19 1718/184/19 1882/2175/19
f 1718/184/19 1722/185/19 1882/2175/19
f 1722/185/19 1875/2176/19 1882/2175/19
f 1712/206/19 1882/2175/19 1713/2123/19
f 1717/2126/19 1875/2176/19 1722/185/19
f 1722/185/19 1719/339/19 1717/2126/19
f 1719/339/19 1715/203/19 1717/2126/19
f 1715/203/19 1720/195/19 1879/2177/19
f 1720/195/19 1721/180/19 1879/2177/19
f 1721/180/19 1880/2174/19 1879/2177/19
f 1715/203/19 1879/2177/19 1716/2125/19
f 1709/65/6 1722/65/6 1718/87/6
f 1711/40/4 1715/40/4 1719/39/4
f 1700/139/1 1721/139/1 1720/1/1
f 1705/118/10 1704/118/10 1721/138/10
f 1708/87/7 1718/87/7 1712/103/7
f 1707/39/5 1719/39/5 1722/65/5
f 1706/1/2 1720/1/2 1715/40/2
f 1723/91/392 1726/106/392 1724/106/392
f 1701/121/393 1729/121/393 1726/106/393
f 1690/35/394 1731/35/394 1727/19/394
f 1696/91/395 1723/91/395 1728/67/395
f 1688/134/396 1730/134/396 1729/121/396
f 1688/173/397 1687/19/397 1727/19/397
f 1692/38/398 1702/38/398 1731/35/398
f 1696/91/399 1698/106/399 1726/106/399
f 1732/139/1 1735/1/1 1733/19/1
f 1735/1/2 1737/40/2 1736/35/2
f 1737/40/4 1739/39/4 1738/38/4
f 1739/39/5 1741/65/5 1740/67/5
f 1741/65/6 1743/87/6 1742/91/6
f 1743/87/7 1748/103/7 1744/106/7
f 1745/180/1 1773/180/1 1746/195/1
f 1748/103/9 1750/118/9 1749/121/9
f 1750/118/10 1732/138/10 1734/134/10
f 1751/145/7 1758/137/7 1752/137/7
f 1754/141/19 1760/140/19 1734/140/19
f 1754/141/211 1733/141/211 1736/142/211
f 1756/143/19 1755/142/19 1736/2127/19
f 1756/143/19 1738/2178/19 1740/144/19
f 1751/145/19 1757/144/19 1740/144/19
f 1751/145/58 1742/145/58 1744/137/58
f 1759/136/19 1758/137/19 1744/2128/19
f 1759/136/19 1749/2179/19 1734/140/19
f 1757/144/5 1763/144/5 1761/143/5
f 1755/142/2 1764/142/2 1762/141/2
f 1759/136/9 1766/2130/9 1752/137/9
f 1751/145/6 1753/145/6 1763/144/6
f 1756/143/4 1761/143/4 1764/142/4
f 1760/140/1 1754/141/1 1762/141/1
f 1759/136/10 1760/140/10 1765/2129/10
f 1747/195/428 1735/2180/428 1732/180/428
f 1767/203/429 1737/2181/429 1735/195/429
f 1768/339/402 1739/339/402 1737/203/402
f 1769/185/430 1741/185/430 1739/339/430
f 1770/184/431 1743/2182/431 1741/185/431
f 1771/206/432 1748/2183/432 1743/184/432
f 1772/205/433 1750/205/433 1748/206/433
f 1745/180/434 1732/180/434 1750/205/434
f 1772/205/10 1777/205/10 1773/180/10
f 1770/184/7 1778/184/7 1774/206/7
f 1768/339/5 1779/339/5 1775/185/5
f 1747/195/2 1746/195/2 1776/203/2
f 1771/206/9 1774/206/9 1777/205/9
f 1769/185/6 1775/185/6 1778/184/6
f 1767/203/4 1776/203/4 1779/339/4
f 1780/2131/7 1794/2131/7 1781/2132/7
f 1783/2133/9 1799/2132/9 1784/2132/9
f 1786/2134/5 1795/2135/5 1787/2135/5
f 1789/2136/2 1797/2136/2 1790/2137/2
f 1782/2132/9 1781/2132/9 1792/2133/9
f 1780/2131/6 1786/2134/6 1788/2134/6
f 1791/2137/4 1790/2137/4 1787/2135/4
f 1796/2138/1 1798/2138/1 1797/2136/1
f 1793/2133/10 1792/2133/10 1798/2138/10
f 1799/2132/23 1781/2132/23 1794/2139/23
f 1800/2139/23 1794/2139/23 1788/2138/23
f 1802/2136/23 1801/2138/23 1788/2138/23
f 1803/2137/24 1802/2136/24 1787/2136/24
f 1804/2136/23 1803/2137/23 1790/2137/23
f 1805/2138/23 1804/2136/23 1797/2136/23
f 1805/2138/435 1798/2138/435 1792/2133/435
f 1783/2133/25 1792/2133/25 1781/2132/25
f 1829/2133/10 1807/2140/10 1806/2133/10
f 1807/2140/10 1866/2138/10 1808/2138/10
f 1805/2138/1 1813/2138/1 1809/2136/1
s 1
f 1803/2137/4 1814/2137/4 1810/2136/4
s 0
f 1800/2139/6 1801/2138/6 1811/2138/6
f 1805/2138/10 1783/2133/10 1785/2133/10
f 1804/2136/2 1809/2136/2 1814/2137/2
f 1802/2136/5 1810/2136/5 1811/2138/5
f 1799/2132/7 1800/2139/7 1812/2139/7
f 1815/2132/23 1784/2132/23 1812/2139/23
f 1816/2139/23 1812/2139/23 1811/2138/23
f 1818/2136/23 1817/2138/23 1811/2138/23
f 1819/2137/23 1818/2136/23 1810/2136/23
f 1820/2136/23 1819/2137/23 1814/2137/23
f 1808/2138/23 1820/2136/23 1809/2136/23
f 1808/2138/23 1813/2138/23 1785/2133/23
f 1806/2133/23 1785/2133/23 1784/2132/23
f 1821/2141/6 1833/2141/6 1822/2142/6
f 1820/2136/2 1836/2136/2 1824/2137/2
f 1826/2144/5 1868/2138/5 1817/2138/5
f 1817/2138/5 1818/2136/5 1826/2144/5
f 1815/2132/7 1816/2139/7 1827/2139/7
f 1806/2133/9 1815/2132/9 1828/2132/9
f 1866/2138/1 1830/2145/1 1808/2138/1
f 1830/2145/1 1836/2136/1 1820/2136/1
f 1819/2137/4 1824/2137/4 1825/2136/4
f 1868/2138/6 1831/2146/6 1817/2138/6
f 1831/2146/6 1827/2139/6 1816/2139/6
f 1832/2147/19 1828/2132/19 1827/2139/19
f 1822/2142/19 1833/2141/19 1827/2139/19
f 1825/2136/19 1847/2153/19 1834/2148/19
f 1835/2149/19 1847/2153/19 1825/2136/19
f 1835/2149/19 1824/2137/19 1836/2136/19
f 1836/2136/19 1830/2145/19 1838/2148/19
f 1829/2133/19 1849/2141/19 1839/2151/19
f 1832/2147/19 1849/2141/19 1829/2133/19
f 1823/2184/19 1864/87/19 1841/2148/19
f 1864/87/19 1873/162/19 1841/2148/19
f 1841/2148/19 1846/2153/19 1845/2149/19
f 1848/2147/19 1821/2141/19 1823/2184/19
f 1840/2143/19 1843/2141/19 1848/2147/19
f 1869/354/19 1872/39/19 1842/2152/19
f 1872/39/19 1840/2143/19 1842/2152/19
f 1845/2149/19 1844/2150/19 1842/2152/19
f 1840/2143/19 1848/2147/19 1823/2184/19
f 1823/2184/19 1841/2148/19 1840/2143/19
f 1841/2148/19 1845/2149/19 1842/2152/19
f 1839/2151/10 1849/2141/10 1843/2141/10
f 1835/2149/2 1837/2150/2 1844/2150/2
f 1846/2153/5 1841/2148/5 1834/2148/5
f 1833/2141/7 1821/2141/7 1848/2147/7
f 1832/2147/9 1848/2147/9 1843/2141/9
f 1844/2150/1 1837/2150/1 1838/2148/1
f 1847/2153/4 1835/2149/4 1845/2149/4
f 1702/38/409 1852/38/409 1850/35/409
f 1702/38/410 1728/67/410 1851/67/410
f 1727/19/411 1855/19/411 1853/173/411
f 1726/106/412 1729/121/412 1854/121/412
f 1723/91/413 1725/91/413 1851/67/413
f 1731/35/414 1850/35/414 1855/19/414
f 1730/134/415 1853/134/415 1854/121/415
f 1856/2154/23 1852/143/23 1851/144/23
f 1858/2156/23 1724/137/23 1854/136/23
f 1860/2158/23 1859/2157/23 1854/136/23
f 1860/2158/23 1853/140/23 1855/141/23
f 1861/2159/23 1855/141/23 1850/142/23
f 1856/2154/23 1862/2160/23 1850/142/23
f 1863/2161/23 1857/2155/23 1851/144/23
f 1863/2161/23 1725/145/23 1724/137/23
f 1822/2185/71 1831/2163/71 1823/2162/71
f 1831/2163/71 1867/158/71 1864/156/71
f 1866/2165/23 1807/2167/23 1871/247/23
f 1871/247/23 1865/38/23 1866/2165/23
f 1868/2166/23 1826/2168/23 1870/91/23
f 1870/91/23 1867/158/23 1868/2166/23
f 1869/354/72 1842/2186/72 1830/2164/72
f 1842/2186/72 1838/2187/72 1830/2164/72
f 1870/91/70 1873/162/70 1864/168/70
f 1871/19/90 1872/355/90 1869/354/90
f 1807/2167/71 1839/2188/71 1840/2189/71
f 1840/2189/71 1872/391/71 1807/2167/71
f 1826/2168/72 1834/2190/72 1841/2191/72
f 1841/2191/72 1873/162/72 1826/2168/72
f 1874/87/436 1882/2173/436 1875/65/436
f 1762/2170/19 1764/2192/19 1881/203/19
f 1881/203/19 1885/195/19 1762/2170/19
f 1885/195/19 1877/180/19 1762/2170/19
f 1765/2169/19 1877/180/19 1766/2193/19
f 1877/180/19 1878/205/19 1766/2193/19
f 1878/205/19 1884/206/19 1752/2172/19
f 1884/206/19 1874/184/19 1752/2172/19
f 1874/184/19 1876/185/19 1763/2194/19
f 1876/185/19 1883/339/19 1763/2194/19
f 1883/339/19 1881/203/19 1761/2195/19
f 1881/203/19 1764/2192/19 1761/2195/19
f 1752/2172/19 1766/2193/19 1878/205/19
f 1883/339/19 1761/2195/19 1763/2194/19
f 1874/184/19 1763/2194/19 1753/2171/19
f 1877/138/437 1880/138/437 1714/118/437
f 1877/139/438 1885/1/438 1879/1/438
f 1881/40/439 1883/39/439 1717/39/439
f 1874/87/440 1884/103/440 1713/103/440
f 1883/39/441 1876/65/441 1875/65/441
f 1878/118/442 1714/118/442 1713/103/442
f 1885/1/443 1881/40/443 1716/40/443
