# Blender 5.2.2 LTS
# www.blender.org
mtllib str3.mtl
o 9K32M_Strela-2M_1_Launch_Tube_1_9K32M_Strela-2M_1_Material_1_0.004
v -0.000000 0.186338 -1.149669
v -0.028562 0.174504 -1.149668
v 0.028564 0.174506 -1.149669
v 0.040398 0.145942 -1.149670
v -0.040396 0.145942 -1.149669
v 0.000000 0.190603 -1.159186
v 0.031580 0.177522 -1.175736
v 0.000000 0.190603 -1.175736
v 0.031580 0.177522 -1.159186
v 0.044661 0.145942 -1.175736
v 0.044661 0.145942 -1.159186
v 0.031580 0.114362 -1.175736
v 0.031580 0.114362 -1.159186
v 0.000000 0.101281 -1.175736
v -0.031580 0.114362 -1.159186
v -0.031580 0.114362 -1.175736
v -0.044661 0.145942 -1.159186
v -0.044661 0.145942 -1.175736
v 0.034270 0.111672 -1.159186
v 0.000000 0.097477 -1.149664
v 0.000000 0.097477 -1.159186
v -0.031580 0.177522 -1.159186
v -0.031580 0.177522 -1.175736
v 0.028550 0.174493 -1.175736
v -0.000000 0.186319 -1.175736
v 0.034270 0.180212 -1.159186
v 0.000000 0.194407 -1.159186
v 0.048465 0.145942 -1.159186
v 0.000000 0.101281 -1.159186
v -0.034270 0.111672 -1.159186
v -0.034270 0.180212 -1.159186
v -0.048465 0.145942 -1.159186
v 0.000000 0.194407 -1.149664
v 0.048465 0.145942 -1.149664
v -0.034270 0.180212 -1.149664
v -0.034270 0.111672 -1.149664
v 0.034270 0.111672 -1.149664
v 0.034270 0.180212 -1.149664
v -0.048465 0.145942 -1.149664
v -0.040376 0.145942 -1.175736
v -0.028550 0.174493 -1.175736
v 0.040376 0.145942 -1.175736
v -0.028550 0.117392 -1.175736
v 0.028563 0.117379 -1.149669
v 0.028550 0.117392 -1.175736
v -0.000000 0.105548 -1.149669
v -0.000000 0.105566 -1.175736
v -0.028562 0.117380 -1.149668
v -0.008956 0.070931 -0.009222
v -0.015971 0.067015 -0.016748
v -0.008956 0.067015 -0.009222
v -0.008956 0.067015 -0.078890
v -0.015971 0.070931 -0.071365
v -0.008956 0.070931 -0.078890
v 0.015971 0.067015 -0.071365
v 0.008956 0.070931 -0.078890
v 0.015971 0.070931 -0.071365
v 0.008956 0.067015 -0.009222
v 0.015971 0.070931 -0.016748
v 0.008956 0.070931 -0.009222
v 0.005853 0.064264 -0.013378
v 0.007770 0.064264 -0.011419
v -0.007770 0.064264 -0.011419
v -0.015971 0.070931 -0.016748
v -0.015971 0.067015 -0.071365
v 0.005853 0.070931 -0.013378
v 0.008956 0.067015 -0.078890
v 0.015971 0.067015 -0.016748
v -0.013074 0.064264 -0.017109
v -0.013074 0.064264 -0.071004
v -0.007770 0.064264 -0.076693
v 0.013074 0.064264 -0.071004
v 0.013074 0.064264 -0.017109
v 0.007770 0.064264 -0.076693
v -0.005853 0.070931 -0.074284
v 0.005853 0.070931 -0.074284
v -0.011227 0.064264 -0.068910
v -0.011227 0.070931 -0.068910
v 0.011227 0.070931 -0.068910
v 0.011227 0.064264 -0.068910
v 0.011227 0.064264 -0.067196
v -0.011227 0.070931 -0.018751
v -0.011227 0.064264 -0.018752
v -0.011227 0.064264 -0.051729
v -0.005853 0.070931 -0.013378
v -0.005853 0.064264 -0.013378
v -0.005853 0.064264 -0.074284
v 0.011227 0.064264 -0.018752
v 0.011227 0.070931 -0.018751
v 0.005853 0.064264 -0.074284
v 0.000000 0.086087 0.265708
v 0.018929 0.078246 0.262204
v 0.000000 0.086087 0.262204
v 0.021963 0.070921 0.262204
v 0.021963 0.070921 0.265708
v 0.026769 0.059317 0.265708
v 0.019919 0.075856 0.262204
v 0.018929 0.078246 0.265708
v 0.019919 0.075856 0.265708
v 0.018929 0.040389 0.265708
v 0.019919 0.042779 0.262204
v 0.019919 0.042779 0.265708
v 0.026769 0.059317 0.262204
v 0.021963 0.047714 0.262204
v 0.000000 0.032548 0.262204
v 0.018929 0.040389 0.262204
v 0.000000 0.032548 0.265708
v -0.018929 0.040389 0.262204
v -0.018929 0.040389 0.265708
v -0.026769 0.059317 0.262204
v 0.016711 0.042607 0.265708
v 0.000000 0.035685 0.265708
v -0.026769 0.059317 0.265708
v -0.018929 0.078246 0.262204
v -0.018929 0.078246 0.265708
v 0.000000 0.082950 0.262204
v 0.037256 0.032019 0.259284
v 0.040560 0.029975 0.260653
v 0.037256 0.029975 0.259284
v 0.040560 0.032019 0.260653
v 0.041928 0.029975 0.263956
v 0.041928 0.032019 0.263956
v 0.040560 0.029975 0.267260
v 0.040560 0.032019 0.267260
v 0.037256 0.029975 0.268628
v 0.037256 0.032019 0.268628
v 0.033953 0.029975 0.267260
v 0.033953 0.032019 0.260653
v 0.033310 0.029975 0.262204
v 0.033310 0.032019 0.262204
v 0.033953 0.029975 0.260653
v 0.034794 0.085462 0.259284
v 0.038097 0.083418 0.260652
v 0.034794 0.083418 0.259284
v 0.038097 0.085462 0.260652
v 0.039465 0.083418 0.263956
v 0.039465 0.085462 0.263956
v 0.038097 0.083418 0.267260
v 0.038097 0.085462 0.267260
v 0.034794 0.083418 0.268628
v 0.034794 0.085462 0.268628
v 0.031490 0.083418 0.267260
v 0.030847 0.085462 0.265708
v 0.030847 0.083418 0.265708
v 0.030848 0.085462 0.262204
v 0.031490 0.085462 0.260652
v 0.031490 0.083418 0.260652
v 0.024751 0.032019 0.262204
v 0.022410 0.033285 0.265708
v 0.024751 0.032019 0.265708
v 0.024751 0.029975 0.262204
v 0.033310 0.032019 0.265708
v 0.024751 0.029975 0.265708
v 0.033310 0.029975 0.265708
v 0.021684 0.031157 0.265708
v 0.019919 0.033738 0.265708
v 0.021684 0.031157 0.262204
v 0.022410 0.033285 0.262204
v 0.021963 0.081276 0.262204
v 0.019919 0.033738 0.262204
v 0.022110 0.084554 0.262204
v 0.023132 0.082784 0.262204
v 0.021963 0.081276 0.265708
v 0.021963 0.047714 0.265708
v 0.019919 0.081276 0.265708
v 0.024837 0.083418 0.265708
v 0.023132 0.082784 0.265708
v 0.022110 0.084554 0.265708
v 0.019919 0.081276 0.262204
v 0.024837 0.085462 0.262204
v 0.024837 0.083418 0.262204
v 0.024837 0.085462 0.265708
v 0.030847 0.083418 0.262204
v 0.033953 0.032019 0.267260
v -0.016711 0.076028 0.265708
v -0.023633 0.059317 0.262204
v -0.016711 0.076028 0.262204
v 0.023633 0.059317 0.262204
v 0.016711 0.076028 0.265708
v 0.016711 0.076028 0.262204
v 0.000000 0.082950 0.265708
v -0.016711 0.042607 0.265708
v -0.016711 0.042607 0.262204
v 0.016711 0.042607 0.262204
v 0.000000 0.035685 0.262204
v 0.023633 0.059317 0.265708
v -0.023633 0.059317 0.265708
v 0.031490 0.085462 0.267260
v -0.000000 0.190746 0.448536
v 0.044803 0.145943 0.448536
v -0.000000 0.101140 0.448536
v -0.000000 0.184996 0.471437
v 0.027614 0.173557 0.472506
v -0.000000 0.184996 0.472506
v 0.027614 0.173557 0.471437
v 0.039053 0.145943 0.472506
v 0.027614 0.118329 0.471437
v 0.039053 0.145943 0.471437
v -0.000000 0.106890 0.471437
v 0.027614 0.118329 0.472506
v -0.027614 0.118329 0.472506
v -0.000000 0.106890 0.472506
v -0.027614 0.118329 0.471437
v -0.039053 0.145943 0.472506
v -0.027614 0.173557 0.471437
v -0.039053 0.145943 0.471437
v -0.027614 0.173557 0.472506
v 0.012488 0.192829 0.445208
v 0.036812 0.182754 0.445208
v 0.036812 0.182754 0.440775
v 0.047878 0.156036 0.445208
v 0.052059 0.145943 0.445208
v 0.052059 0.145943 0.440775
v 0.047878 0.135850 0.445208
v 0.036812 0.109131 0.445208
v 0.036812 0.109131 0.440775
v 0.012488 0.099057 0.445208
v -0.000000 0.093884 0.445208
v 0.000000 0.093884 0.440775
v -0.047878 0.135850 0.445208
v -0.052059 0.145943 0.445208
v -0.052059 0.145943 0.440775
v -0.047878 0.156036 0.445208
v -0.036812 0.182754 0.445208
v -0.036812 0.182754 0.440775
v 0.000000 0.198002 0.440775
v -0.000000 0.194380 0.440775
v 0.034887 0.180830 0.445208
v 0.012488 0.190108 0.445208
v 0.034887 0.111056 0.445208
v 0.045157 0.135850 0.445208
v -0.034887 0.111056 0.445208
v -0.012488 0.099057 0.445208
v -0.012488 0.101778 0.445208
v -0.034887 0.180830 0.445208
v -0.045157 0.156036 0.445208
v -0.012488 0.192829 0.445208
v -0.000000 0.198002 0.445208
v 0.012488 0.190108 0.454064
v 0.000000 0.195281 0.472506
v 0.000000 0.195281 0.454064
v -0.012488 0.190108 0.454064
v -0.045157 0.135850 0.472506
v -0.045157 0.135850 0.445208
v 0.000000 0.096605 0.472506
v 0.000000 0.096605 0.454064
v 0.012488 0.101778 0.454064
v 0.045157 0.156036 0.472506
v 0.045157 0.156036 0.445208
v -0.012488 0.101778 0.454064
v -0.000000 0.198002 0.454064
v 0.052059 0.145943 0.472506
v 0.047878 0.135850 0.472506
v 0.047878 0.135850 0.464394
v -0.000000 0.093884 0.454064
v -0.052059 0.145943 0.472506
v -0.047878 0.135850 0.472506
v 0.045157 0.135850 0.472506
v -0.012488 0.192829 0.454064
v -0.012488 0.190108 0.445208
v 0.012488 0.192829 0.454064
v -0.012488 0.099057 0.454064
v 0.012488 0.099057 0.454064
v 0.012488 0.101778 0.445208
v 0.047878 0.156036 0.472506
v -0.047878 0.156036 0.472506
v 0.034887 0.180830 0.472506
v -0.045157 0.156036 0.472506
v -0.036812 0.109131 0.440775
v -0.034887 0.111056 0.472506
v -0.011081 0.200370 0.497875
v -0.011081 0.145943 0.486961
v -0.011081 0.145943 0.497875
v -0.011081 0.200370 0.486961
v 0.011081 0.145943 0.486961
v 0.011081 0.200370 0.497875
v 0.011081 0.145943 0.497875
v 0.011081 0.210603 0.494194
v -0.011081 0.215577 0.481368
v -0.011081 0.210603 0.494194
v 0.011081 0.200370 0.486961
v -0.011081 0.204343 0.485254
v 0.011081 0.204343 0.485254
v -0.011081 0.204662 0.481368
v 0.011081 0.202709 0.478128
v 0.011081 0.204662 0.481368
v 0.011081 0.215577 0.481368
v 0.011081 0.192230 0.449536
v 0.011081 0.212162 0.472671
v -0.011081 0.212162 0.472671
v -0.011081 0.202709 0.478128
v -0.011081 0.192230 0.449536
v -0.011081 0.183619 0.456243
v 0.011081 0.183619 0.456243
v -0.011081 0.091516 0.486961
v -0.011081 0.091516 0.497875
v 0.011081 0.091516 0.486961
v 0.011081 0.091516 0.497875
v -0.011081 0.076309 0.481368
v 0.011081 0.081283 0.494194
v -0.011081 0.081283 0.494194
v 0.011081 0.087543 0.485254
v 0.011081 0.089177 0.478128
v -0.011081 0.087224 0.481368
v 0.011081 0.087224 0.481368
v -0.011081 0.087543 0.485254
v 0.011081 0.076309 0.481368
v 0.011081 0.099656 0.449536
v 0.011081 0.079724 0.472671
v -0.011081 0.079724 0.472671
v -0.011081 0.099656 0.449537
v 0.011081 0.108267 0.456243
v -0.011081 0.089177 0.478128
v -0.034250 0.111693 0.440775
v -0.000000 0.097506 0.440775
v -0.000000 0.190746 0.440775
v 0.034250 0.180193 0.440775
v -0.031681 0.177624 0.440775
v -0.044803 0.145943 0.448536
v -0.044803 0.145943 0.440775
v -0.000000 0.101140 0.440775
v 0.044803 0.145943 0.440775
v 0.031681 0.177624 0.448536
v 0.031681 0.177624 0.440775
v -0.031681 0.114262 0.440775
v 0.031681 0.114262 0.448536
v 0.031681 0.114262 0.440775
v -0.031681 0.114262 0.448536
v -0.031681 0.177624 0.448536
v -0.036812 0.109131 0.445208
v 0.048437 0.145943 0.440775
v -0.048437 0.145943 0.440775
v -0.034250 0.180193 0.440775
v -0.034887 0.180830 0.472506
v 0.034887 0.111056 0.472506
v -0.011081 0.108267 0.456243
v 0.034250 0.111693 0.440775
v 0.068627 0.210790 0.041864
v 0.060127 0.219290 0.041864
v 0.068627 0.227790 0.041864
v 0.074637 0.225300 0.041864
v 0.077127 0.219290 0.041864
v 0.074637 0.213279 0.041864
v 0.062616 0.213279 0.041864
v 0.062616 0.225300 0.041864
v 0.068627 0.232855 0.042787
v 0.078219 0.228882 0.040205
v 0.068627 0.232855 0.040205
v 0.078219 0.228882 0.042787
v 0.082192 0.219290 0.040205
v 0.082192 0.219290 0.042787
v 0.078219 0.209697 0.040205
v 0.068627 0.205724 0.042787
v 0.068627 0.205724 0.040205
v 0.059034 0.209697 0.042787
v 0.059034 0.209697 0.040205
v 0.055061 0.219290 0.042787
v 0.055061 0.219290 0.040205
v 0.059034 0.228882 0.042787
v 0.059034 0.228882 0.040205
v 0.060923 0.226994 0.040205
v 0.076331 0.226994 0.040205
v 0.079522 0.219290 0.040205
v 0.076331 0.211586 0.040205
v 0.068627 0.230185 0.040205
v 0.057731 0.219290 0.040205
v 0.060923 0.211586 0.040205
v 0.068627 0.208394 0.040205
v 0.078219 0.209697 0.042787
v -0.012961 -0.056106 -0.004382
v 0.012961 -0.058963 -0.003199
v -0.012961 -0.058963 -0.003199
v -0.012961 -0.060146 -0.000342
v 0.012961 -0.060146 -0.000342
v -0.012961 -0.058963 0.002515
v 0.012961 -0.058963 0.002515
v -0.012961 -0.056106 0.003698
v 0.012961 -0.056106 0.003698
v -0.012961 -0.053250 0.002515
v 0.012961 -0.053250 0.002515
v -0.012961 -0.052066 -0.000342
v 0.012961 -0.052066 -0.000342
v -0.012961 -0.053250 -0.003198
v 0.012961 -0.056106 -0.004382
v -0.012961 -0.055029 -0.036149
v 0.012961 -0.057885 -0.034965
v -0.012961 -0.057885 -0.034965
v -0.012961 -0.059068 -0.032109
v 0.012961 -0.059068 -0.032109
v -0.012961 -0.057885 -0.029252
v 0.012961 -0.057885 -0.029252
v -0.012961 -0.055029 -0.028069
v 0.012961 -0.055029 -0.028069
v -0.012961 -0.052172 -0.029252
v 0.012961 -0.052172 -0.029252
v -0.012961 -0.050989 -0.032109
v 0.012961 -0.055029 -0.036149
v 0.012961 -0.050989 -0.032109
v -0.012961 -0.052172 -0.034965
v -0.012961 0.006555 0.015926
v 0.012961 0.003699 0.017109
v -0.012961 0.003699 0.017109
v -0.012961 0.002516 0.019965
v 0.012961 0.002516 0.019965
v -0.012961 0.003699 0.022822
v 0.012961 0.003699 0.022822
v -0.012961 0.006555 0.024005
v 0.012961 0.006555 0.024005
v -0.012961 0.009412 0.022822
v 0.012961 0.009412 0.022822
v -0.012961 0.010595 0.019965
v 0.012961 0.006555 0.015926
v 0.012961 0.010595 0.019965
v -0.012961 0.009412 0.017109
v -0.012961 0.016318 -0.015418
v 0.012961 0.013462 -0.014235
v -0.012961 0.013462 -0.014235
v -0.012961 0.012278 -0.011378
v 0.012961 0.012278 -0.011378
v -0.012961 0.013462 -0.008522
v 0.012961 0.013462 -0.008522
v -0.012961 0.016318 -0.007339
v 0.012961 0.016318 -0.007339
v -0.012961 0.019175 -0.008522
v 0.012961 0.019175 -0.008522
v -0.012961 0.020358 -0.011378
v 0.012961 0.016318 -0.015418
v 0.012961 0.020358 -0.011378
v -0.012961 0.019175 -0.014235
v 0.012961 -0.053250 -0.003199
v 0.012961 -0.052172 -0.034965
v 0.012961 0.009412 0.017109
v 0.012961 0.019175 -0.014235
v -0.007407 0.103180 -0.300071
v 0.007407 0.103180 -0.294523
v 0.007407 0.103180 -0.300071
v -0.004668 0.071762 -0.294523
v -0.007407 0.074905 -0.300070
v -0.004668 0.071762 -0.300070
v 0.004668 0.071762 -0.300070
v 0.007407 0.074905 -0.294523
v 0.004668 0.071762 -0.294523
v -0.007407 0.075960 -0.294523
v -0.007407 0.074905 -0.294523
v 0.002822 0.079620 -0.294523
v 0.002822 0.075960 -0.294523
v 0.007407 0.074905 -0.300070
v 0.002822 0.079620 -0.300070
v 0.002822 0.075960 -0.300070
v -0.007407 0.092548 -0.294523
v -0.007407 0.092548 -0.300071
v 0.009188 0.056891 0.067159
v 0.010760 0.054689 0.067811
v 0.009188 0.054689 0.067159
v 0.010760 0.056891 0.067811
v 0.011411 0.054689 0.069382
v 0.011411 0.056891 0.069382
v 0.010760 0.054689 0.070954
v 0.010760 0.056891 0.070954
v 0.009188 0.054689 0.071606
v 0.009188 0.056891 0.071606
v 0.007616 0.054689 0.070954
v 0.007616 0.056891 0.070954
v 0.006965 0.054689 0.069382
v 0.006965 0.056891 0.069382
v 0.007616 0.054689 0.067811
v 0.007616 0.056891 0.067811
v -0.010760 0.054689 0.067811
v -0.009188 0.056891 0.067159
v -0.009188 0.054689 0.067159
v -0.011411 0.054689 0.069382
v -0.010760 0.056891 0.067811
v -0.010760 0.054689 0.070954
v -0.011411 0.056891 0.069382
v -0.009188 0.054689 0.071606
v -0.010760 0.056891 0.070954
v -0.007616 0.054689 0.070954
v -0.009188 0.056891 0.071606
v -0.006965 0.054689 0.069382
v -0.007616 0.056891 0.070954
v -0.007616 0.056891 0.067811
v -0.007616 0.054689 0.067811
v -0.006965 0.056891 0.069382
v 0.009188 0.056891 0.190080
v 0.010760 0.054689 0.190731
v 0.009188 0.054689 0.190080
v 0.010760 0.056891 0.190731
v 0.011411 0.054689 0.192303
v 0.011411 0.056891 0.192303
v 0.010760 0.054689 0.193875
v 0.010760 0.056891 0.193875
v 0.009188 0.054689 0.194526
v 0.009188 0.056891 0.194526
v 0.007616 0.054689 0.193875
v 0.007616 0.056891 0.193875
v 0.006965 0.054689 0.192303
v 0.006965 0.056891 0.192303
v 0.007616 0.054689 0.190731
v 0.007616 0.056891 0.190731
v -0.010760 0.054689 0.190731
v -0.009188 0.056891 0.190080
v -0.009188 0.054689 0.190080
v -0.011411 0.054689 0.192303
v -0.010760 0.056891 0.190731
v -0.010760 0.054689 0.193875
v -0.011411 0.056891 0.192303
v -0.009188 0.054689 0.194526
v -0.010760 0.056891 0.193875
v -0.007616 0.054689 0.193875
v -0.009188 0.056891 0.194526
v -0.006965 0.054689 0.192303
v -0.007616 0.056891 0.193875
v -0.006965 0.056891 0.192303
v -0.007616 0.054689 0.190731
v -0.007616 0.056891 0.190731
v 0.029283 0.088638 0.204001
v 0.029283 0.088638 0.230244
v 0.024777 0.088638 0.234958
v 0.029283 0.108114 0.203962
v 0.024777 0.103547 0.199286
v 0.024777 0.108114 0.203962
v 0.024777 0.108114 0.230283
v 0.029283 0.103547 0.234958
v 0.029283 0.108114 0.230283
v 0.029283 0.093554 0.234958
v 0.024777 0.103547 0.234958
v 0.024777 0.093509 0.234958
v 0.024777 0.088638 0.199286
v 0.020381 0.093509 0.199286
v 0.024777 0.093509 0.199286
v 0.029283 0.093554 0.199286
v 0.029283 0.088638 0.199286
v 0.029283 0.093554 0.204001
v 0.029283 0.103547 0.199286
v 0.029283 0.093554 0.230244
v 0.029283 0.088638 0.234958
v 0.035124 0.088638 0.211766
v 0.035124 0.093554 0.211766
v 0.035124 0.088638 0.222478
v 0.035124 0.093554 0.222478
v 0.020381 0.093509 0.234958
v 0.020381 0.088638 0.199286
v 0.020381 0.088638 0.234958
v 0.030302 0.103244 0.203342
v 0.031857 0.103254 0.206719
v 0.031857 0.102262 0.204324
v 0.031857 0.097472 0.209114
v 0.031857 0.096479 0.206719
v 0.030302 0.096489 0.203342
v 0.030302 0.095090 0.206719
v 0.030302 0.099867 0.211496
v 0.031857 0.102262 0.209114
v 0.030302 0.103244 0.210097
v 0.030302 0.099867 0.201943
v 0.031857 0.099867 0.203332
v 0.031857 0.097472 0.204324
v 0.030302 0.096489 0.210097
v 0.030302 0.104643 0.206719
v 0.031857 0.099867 0.210107
v 0.030302 0.103244 0.230902
v 0.031857 0.103254 0.227525
v 0.030302 0.104643 0.227525
v 0.031857 0.096479 0.227525
v 0.031857 0.099867 0.224137
v 0.030302 0.096489 0.230902
v 0.030302 0.095090 0.227525
v 0.031857 0.102262 0.225129
v 0.030302 0.099867 0.222748
v 0.030302 0.103244 0.224147
v 0.030302 0.099867 0.232301
v 0.031857 0.102262 0.229919
v 0.031857 0.097472 0.229919
v 0.030302 0.096489 0.224147
v 0.031857 0.097472 0.225129
v 0.028692 0.103244 0.210097
v 0.028692 0.099867 0.222748
v 0.028692 0.103244 0.203342
v 0.028692 0.099867 0.201943
v 0.028692 0.099867 0.211496
v 0.028692 0.099867 0.232301
v 0.028692 0.104643 0.227525
v 0.028692 0.103244 0.224147
v 0.028692 0.104643 0.206719
v 0.028692 0.103244 0.230902
v 0.028692 0.096489 0.203342
v 0.028692 0.096489 0.230902
v 0.028692 0.095090 0.206719
v 0.028692 0.095090 0.227525
v 0.028692 0.096489 0.210097
v 0.028692 0.096489 0.224147
v 0.026491 0.088956 0.213106
v 0.029331 0.079901 0.214282
v 0.026491 0.079901 0.213106
v 0.029331 0.088956 0.214282
v 0.030507 0.079901 0.217122
v 0.030507 0.088956 0.217122
v 0.029331 0.079901 0.219962
v 0.029331 0.088956 0.219962
v 0.026491 0.079901 0.221138
v 0.026491 0.088956 0.221138
v 0.023651 0.079901 0.219962
v 0.023651 0.088956 0.219962
v 0.022475 0.079901 0.217122
v 0.022475 0.088956 0.217122
v 0.023651 0.079901 0.214282
v 0.023651 0.088956 0.214282
v 0.019967 0.182432 0.067002
v 0.020863 0.183329 0.059897
v 0.017655 0.180121 0.059897
v 0.036190 0.165610 0.075841
v 0.017655 0.180121 0.075841
v 0.034178 0.163598 0.075841
v 0.036490 0.165910 0.067002
v 0.020131 0.177645 0.059897
v 0.031702 0.166074 0.059897
v 0.037723 0.172095 0.045304
v 0.023786 0.181300 0.056355
v 0.035357 0.169728 0.056355
v 0.023339 0.180853 0.059897
v 0.026152 0.183666 0.045304
v 0.020131 0.177645 0.045304
v 0.034910 0.169282 0.059897
v 0.034178 0.163598 0.059897
v 0.031702 0.166074 0.045304
v 0.017655 0.180121 0.311557
v 0.020863 0.183329 0.311557
v 0.019967 0.182432 0.304452
v 0.017655 0.180121 0.295613
v 0.036190 0.165610 0.295613
v 0.034178 0.163598 0.295613
v 0.036490 0.165910 0.304452
v 0.031702 0.166074 0.311557
v 0.020131 0.177645 0.311557
v 0.023786 0.181300 0.315099
v 0.037723 0.172095 0.326150
v 0.035357 0.169729 0.315099
v 0.023339 0.180853 0.311557
v 0.020131 0.177645 0.326150
v 0.026152 0.183666 0.326150
v 0.034178 0.163598 0.311557
v 0.034910 0.169282 0.311557
v 0.031702 0.166074 0.326150
v 0.012105 0.182564 -0.542954
v 0.010029 0.184640 -0.535919
v 0.010029 0.184640 -0.542954
v 0.026576 0.194932 -0.542954
v 0.020796 0.195408 -0.535919
v 0.026576 0.194932 -0.535919
v 0.048989 0.172519 -0.535919
v 0.049465 0.166739 -0.542954
v 0.048989 0.172519 -0.542954
v 0.046066 0.171584 -0.535919
v 0.025642 0.192008 -0.542954
v 0.038698 0.155971 -0.535919
v 0.038698 0.155971 -0.542954
v 0.046003 0.167428 -0.535919
v 0.046066 0.171584 -0.542954
v 0.046003 0.167428 -0.542954
v 0.021486 0.191945 -0.535919
v 0.025642 0.192008 -0.535919
v 0.036622 0.158047 -0.542954
v 0.036622 0.158047 -0.535919
v 0.021486 0.191945 -0.542954
v 0.012105 0.182564 -0.535919
v 0.012105 0.182564 0.213605
v 0.010029 0.184640 0.220639
v 0.010029 0.184640 0.213605
v 0.026576 0.194932 0.213605
v 0.020796 0.195408 0.220639
v 0.026576 0.194932 0.220639
v 0.048989 0.172519 0.220639
v 0.049465 0.166739 0.213605
v 0.048989 0.172519 0.213605
v 0.046066 0.171585 0.220639
v 0.025642 0.192008 0.213605
v 0.038698 0.155972 0.220639
v 0.038698 0.155972 0.213605
v 0.046003 0.167428 0.220639
v 0.046066 0.171585 0.213605
v 0.046003 0.167428 0.213605
v 0.021486 0.191945 0.213605
v 0.025642 0.192008 0.220639
v 0.021486 0.191945 0.220639
v 0.036622 0.158047 0.213605
v 0.036622 0.158047 0.220639
v 0.012105 0.182564 0.220639
v -0.007407 0.103180 -0.294523
v -0.007407 0.075960 -0.300070
v 0.031857 0.099867 0.230912
v 0.019667 0.182133 0.075841
v 0.037386 0.166806 0.059897
v 0.019667 0.182133 0.295613
v 0.037386 0.166806 0.311557
v 0.020796 0.195408 -0.542954
v 0.049465 0.166739 -0.535919
v 0.020796 0.195408 0.213605
v 0.049465 0.166739 0.220639
v 0.076106 0.203921 0.329568
v 0.070480 0.189780 0.331998
v 0.070480 0.203921 0.331998
v 0.078436 0.189780 0.325118
v 0.076106 0.189780 0.329568
v 0.058818 0.203921 0.325118
v 0.078436 0.203921 0.325118
v 0.046505 0.180234 0.316540
v 0.031679 0.189836 0.318070
v 0.034291 0.192448 0.316540
v 0.043893 0.177622 0.318070
v 0.030597 0.188754 0.321764
v 0.043893 0.177622 0.325458
v 0.031679 0.189836 0.325458
v 0.046505 0.180234 0.326988
v 0.034291 0.192448 0.326988
v 0.053506 0.211664 0.326988
v 0.053506 0.211664 0.316540
v 0.057126 0.205358 0.316540
v 0.057403 0.191131 0.316540
v 0.057403 0.191131 0.325602
v 0.058129 0.191857 0.326988
v 0.057126 0.205358 0.334541
v 0.053506 0.209346 0.326988
v 0.057126 0.205358 0.326988
v 0.053506 0.209346 0.310298
v 0.053506 0.209346 0.316540
v 0.080127 0.205358 0.310298
v 0.083748 0.209346 0.334541
v 0.080127 0.205358 0.334541
v 0.077185 0.205358 0.330694
v 0.079851 0.205358 0.325602
v 0.064237 0.234720 0.310298
v 0.056649 0.230720 0.334541
v 0.064237 0.234720 0.334541
v 0.056649 0.230720 0.310298
v 0.053506 0.223334 0.334541
v 0.073016 0.234720 0.334541
v 0.080604 0.230720 0.310298
v 0.073016 0.234720 0.310298
v 0.080604 0.230720 0.334541
v 0.083748 0.223334 0.310298
v 0.053506 0.223334 0.310298
v 0.081109 0.222629 0.334541
v 0.081109 0.211081 0.334541
v 0.083748 0.223334 0.334541
v 0.078515 0.228726 0.310298
v 0.072250 0.232028 0.310298
v 0.083748 0.209346 0.310298
v 0.079851 0.205358 0.311851
v 0.070580 0.194315 0.311851
v 0.066674 0.194315 0.311851
v 0.060069 0.189780 0.330694
v 0.066506 0.205358 0.333474
v 0.060069 0.205358 0.330694
v 0.057403 0.189780 0.325602
v 0.070747 0.189780 0.333474
v 0.070747 0.205358 0.333474
v 0.077185 0.189780 0.330694
v 0.079851 0.189780 0.325602
v 0.057403 0.189780 0.311851
v 0.057403 0.205358 0.311851
v 0.066506 0.189780 0.333474
v 0.066773 0.203921 0.331998
v 0.066773 0.189780 0.331998
v 0.061148 0.189780 0.329568
v 0.078436 0.189780 0.313266
v 0.058818 0.203921 0.313266
v 0.058818 0.189780 0.325118
v 0.058818 0.189780 0.313266
v 0.078436 0.203921 0.313266
v 0.066674 0.194315 0.313266
v 0.070580 0.194315 0.313266
v 0.056144 0.211081 0.310298
v 0.056144 0.222629 0.334541
v 0.056144 0.211081 0.334541
v 0.081109 0.211081 0.310298
v 0.078121 0.207789 0.334541
v 0.081109 0.222629 0.310298
v 0.078515 0.228726 0.334541
v 0.059133 0.207789 0.334541
v 0.078121 0.207789 0.310298
v 0.059133 0.207789 0.310298
v 0.058739 0.228726 0.310298
v 0.065003 0.232028 0.334541
v 0.058739 0.228726 0.334541
v 0.065003 0.232028 0.310298
v 0.057126 0.205358 0.310298
v 0.070580 0.189780 0.313266
v 0.066674 0.189780 0.311851
v 0.059512 0.189780 0.313266
v 0.066674 0.189780 0.313266
v 0.068627 0.226733 0.323132
v 0.073890 0.224553 0.320396
v 0.068627 0.226733 0.320396
v 0.073890 0.224553 0.323132
v 0.076069 0.219290 0.320396
v 0.076069 0.219290 0.323132
v 0.073890 0.214027 0.320396
v 0.063364 0.214027 0.320396
v 0.065797 0.209888 0.323132
v 0.063364 0.214027 0.323132
v 0.061184 0.219290 0.323132
v 0.061184 0.219290 0.320396
v 0.072771 0.223434 0.323132
v 0.063364 0.224553 0.323132
v 0.063364 0.224553 0.320396
v 0.064483 0.223434 0.320396
v 0.066137 0.209888 0.320396
v 0.068627 0.211847 0.320396
v 0.071202 0.209888 0.320396
v 0.066137 0.208087 0.323132
v 0.073890 0.214027 0.323132
v 0.071202 0.209888 0.323132
v 0.068627 0.211847 0.323132
v 0.071202 0.208087 0.320396
v 0.071202 0.208087 0.323132
v 0.064483 0.223434 0.323132
v 0.062766 0.219290 0.320396
v 0.068627 0.213429 0.323132
v 0.074487 0.219290 0.320396
v 0.072771 0.223434 0.320396
v 0.068627 0.213429 0.320396
v 0.062766 0.219290 0.323132
v 0.064483 0.215146 0.320396
v 0.072771 0.215146 0.323132
v 0.072771 0.215146 0.320396
v 0.069508 0.213795 0.320397
v 0.067745 0.224785 0.320397
v 0.069508 0.224785 0.320397
v 0.067745 0.213795 0.320397
v 0.064483 0.215146 0.323132
v 0.069508 0.223034 0.323132
v 0.071533 0.222196 0.323132
v 0.071533 0.222196 0.320396
v 0.072736 0.219290 0.323132
v 0.072736 0.219290 0.320396
v 0.071533 0.216384 0.323132
v 0.071533 0.216384 0.320396
v 0.069508 0.215545 0.323132
v 0.065721 0.216384 0.323132
v 0.065721 0.216384 0.320396
v 0.067745 0.215545 0.320397
v 0.064517 0.219290 0.320396
v 0.068627 0.215180 0.323132
v 0.068627 0.216147 0.323132
v 0.064517 0.219290 0.323132
v 0.065721 0.222196 0.320396
v 0.065721 0.222196 0.323132
v 0.067745 0.223034 0.323132
v 0.068627 0.215180 0.320397
v 0.068627 0.216147 0.320396
v 0.068627 0.225150 0.320396
v 0.068627 0.223399 0.320397
v 0.067745 0.215545 0.323132
v 0.067745 0.213795 0.323132
v 0.068627 0.223399 0.323132
v 0.069508 0.224785 0.323132
v 0.069508 0.213795 0.323132
v 0.067745 0.223034 0.320397
v 0.067745 0.224785 0.323132
v 0.066405 0.221512 0.323132
v 0.065484 0.219290 0.320396
v 0.066405 0.221512 0.320396
v 0.071769 0.219290 0.320396
v 0.070849 0.221512 0.323132
v 0.070849 0.221512 0.320396
v 0.068627 0.222433 0.323132
v 0.066405 0.217068 0.323132
v 0.066405 0.217068 0.320396
v 0.070849 0.217068 0.323132
v 0.070849 0.217068 0.320396
v 0.068627 0.222433 0.320396
v 0.077661 0.201875 0.302894
v 0.061125 0.198348 0.304355
v 0.061125 0.201875 0.302894
v 0.077661 0.196888 0.307882
v 0.061125 0.196888 0.307882
v 0.061125 0.198348 0.312127
v 0.061125 0.206863 0.307882
v 0.061125 0.205402 0.304355
v 0.077661 0.198348 0.304355
v 0.077661 0.205402 0.304355
v 0.077661 0.205402 0.312127
v 0.061125 0.205402 0.312127
v 0.077661 0.206863 0.307882
v 0.062397 0.209065 0.325063
v 0.062397 0.207261 0.318465
v 0.062397 0.207261 0.325063
v 0.062397 0.209065 0.318465
v 0.074857 0.207261 0.318465
v 0.074857 0.209065 0.318465
v 0.074857 0.207261 0.325063
v 0.074857 0.209065 0.325063
v 0.061148 0.203921 0.329568
v 0.042811 0.176540 0.321764
v 0.057403 0.205358 0.316540
v 0.058129 0.205358 0.326988
v 0.053506 0.209346 0.334541
v 0.072250 0.232028 0.334541
v 0.079851 0.189780 0.311851
v 0.070580 0.189780 0.311851
v 0.056144 0.222629 0.310298
v 0.074487 0.219290 0.323132
v 0.068627 0.225150 0.323132
v 0.066137 0.208087 0.320396
v 0.069508 0.223034 0.320397
v 0.069508 0.215545 0.320397
v 0.071769 0.219290 0.323132
v 0.065484 0.219290 0.323132
v 0.077661 0.198348 0.312127
v 0.022059 0.088647 0.242152
v 0.030923 0.093545 0.250157
v 0.030923 0.088647 0.242152
v 0.022059 0.093545 0.250157
v 0.027173 0.093545 0.337987
v 0.030923 0.087144 0.250157
v 0.030923 0.082245 0.242152
v 0.022059 0.087144 0.250157
v 0.022059 0.082245 0.242152
v 0.025809 0.089961 0.337987
v 0.027173 0.089961 0.337987
v 0.028265 0.091986 0.337987
v 0.033274 0.091986 0.250157
v 0.024717 0.091986 0.337987
v 0.025809 0.093545 0.337987
v 0.028265 0.090640 0.337987
v 0.033274 0.089583 0.250157
v 0.019708 0.091986 0.250157
v 0.024717 0.090640 0.337987
v 0.019708 0.089583 0.250157
v 0.024509 0.082245 0.208890
v 0.022059 0.088647 0.211785
v 0.024509 0.088647 0.208890
v 0.030923 0.082245 0.211785
v 0.028473 0.088647 0.208890
v 0.030923 0.088647 0.211785
v 0.022059 0.082245 0.211785
v 0.028473 0.082245 0.208890
v 0.037256 0.003753 0.263956
v 0.038437 0.010341 0.249696
v 0.038437 0.004435 0.263956
v 0.038437 0.005799 0.263956
v 0.037256 0.011788 0.251143
v 0.037256 0.006481 0.263956
v 0.036075 0.005799 0.263956
v 0.036075 0.010341 0.249696
v 0.036075 0.004435 0.263956
v 0.037256 0.009859 0.249214
v 0.037256 0.024601 0.243108
v 0.038437 0.024601 0.245154
v 0.038437 0.011306 0.250661
v 0.037256 0.024601 0.245836
v 0.036075 0.011306 0.250661
v 0.036075 0.024601 0.245154
v 0.038437 0.038860 0.249696
v 0.038437 0.024601 0.243790
v 0.037256 0.037414 0.251143
v 0.036075 0.038860 0.249696
v 0.036075 0.024601 0.243790
v 0.037256 0.045449 0.263956
v 0.037256 0.039343 0.249214
v 0.038437 0.044767 0.263956
v 0.038437 0.037896 0.250661
v 0.037256 0.042721 0.263956
v 0.036075 0.037896 0.250661
v 0.036075 0.043403 0.263956
v 0.036075 0.044767 0.263956
v 0.037256 0.039343 0.278698
v 0.038437 0.038860 0.278216
v 0.038437 0.043403 0.263956
v 0.037256 0.037414 0.276769
v 0.036075 0.037896 0.277251
v 0.036075 0.038860 0.278216
v 0.037256 0.024601 0.284804
v 0.038437 0.024601 0.282758
v 0.038437 0.037896 0.277251
v 0.036075 0.024601 0.282758
v 0.036075 0.024601 0.284122
v 0.037256 0.009859 0.278698
v 0.038437 0.024601 0.284122
v 0.038437 0.011306 0.277251
v 0.037256 0.011788 0.276769
v 0.037256 0.024601 0.282076
v 0.036075 0.011306 0.277251
v 0.036075 0.010341 0.278216
v 0.038437 0.010341 0.278216
v 0.047281 0.185663 0.045056
v 0.038292 0.191795 0.044219
v 0.039720 0.193224 0.045056
v 0.038292 0.191795 0.054667
v 0.047281 0.185663 0.053830
v 0.039720 0.193224 0.053830
v 0.048566 0.186948 0.049443
v 0.041005 0.194509 0.049443
v 0.046505 0.180234 0.044219
v 0.031679 0.189836 0.045749
v 0.034291 0.192448 0.044219
v 0.043893 0.177621 0.045749
v 0.030597 0.188754 0.049443
v 0.043893 0.177621 0.053137
v 0.031679 0.189836 0.053137
v 0.034291 0.192448 0.054667
v 0.050129 0.208286 0.044219
v 0.050129 0.208286 0.054667
v 0.052456 0.205959 0.044219
v 0.046505 0.180234 0.054667
v 0.042811 0.176540 0.049443
v 0.045852 0.184234 0.054667
v 0.045852 0.184234 0.044219
v 0.062343 0.196072 0.054667
v 0.060017 0.198399 0.054667
v 0.062343 0.196072 0.044219
v 0.060017 0.198399 0.044219
v 0.068627 0.206846 0.050308
v 0.059815 0.210478 0.056289
v 0.068627 0.206828 0.056289
v 0.056181 0.219290 0.050310
v 0.057115 0.228483 0.056289
v 0.056165 0.219290 0.056289
v 0.057863 0.229232 0.050323
v 0.058274 0.229642 0.050323
v 0.058814 0.230182 0.042597
v 0.079519 0.209477 0.042597
v 0.078569 0.208526 0.050323
v 0.075437 0.205394 0.056289
v 0.054208 0.184166 0.042597
v 0.044399 0.215767 0.056289
v 0.044399 0.215767 0.042597
v 0.066840 0.234568 0.050323
v 0.077023 0.232729 0.042597
v 0.066840 0.234568 0.042597
v 0.083905 0.217504 0.042597
v 0.077023 0.232729 0.050323
v 0.077210 0.232541 0.050323
v 0.077302 0.232449 0.048615
v 0.082066 0.227686 0.042597
v 0.086365 0.237028 0.048615
v 0.087678 0.233858 0.044904
v 0.086365 0.237028 0.044904
v 0.087678 0.233858 0.048615
v 0.086365 0.230688 0.044904
v 0.086365 0.230688 0.048615
v 0.083195 0.229375 0.044904
v 0.080025 0.230688 0.044904
v 0.081786 0.227966 0.044904
v 0.079544 0.230207 0.044904
v 0.080025 0.230688 0.048615
v 0.079544 0.230207 0.048615
v 0.078712 0.233858 0.044904
v 0.080025 0.237028 0.048615
v 0.080025 0.237028 0.044904
v 0.080784 0.231447 0.048615
v 0.078712 0.233858 0.048615
v 0.083195 0.238342 0.048615
v 0.083195 0.238342 0.044904
v 0.086605 0.233858 0.044904
v 0.085606 0.236269 0.044904
v 0.077302 0.232449 0.044904
v 0.081786 0.227966 0.048615
v 0.083195 0.229375 0.048615
v 0.083195 0.237268 0.044904
v 0.080784 0.236269 0.048615
v 0.080784 0.236269 0.044904
v 0.083195 0.237268 0.048615
v 0.085606 0.236269 0.048615
v 0.085606 0.231447 0.048615
v 0.085606 0.231447 0.044904
v 0.079785 0.233858 0.044904
v 0.083195 0.230448 0.044904
v 0.080784 0.231447 0.044904
v 0.058814 0.230182 0.050323
v 0.079519 0.209477 0.050323
v 0.082066 0.227686 0.050323
v 0.083905 0.217504 0.050323
v 0.055435 0.210608 0.041296
v 0.058652 0.209276 0.042746
v 0.058652 0.209276 0.041296
v 0.059985 0.206059 0.041296
v 0.059985 0.206059 0.042746
v 0.058652 0.202842 0.041296
v 0.055435 0.201509 0.042746
v 0.055435 0.201509 0.041296
v 0.052219 0.202842 0.041296
v 0.050886 0.206059 0.042746
v 0.050886 0.206059 0.041296
v 0.055435 0.210608 0.042746
v 0.052218 0.209276 0.042746
v 0.052218 0.209276 0.041296
v 0.052456 0.205959 0.054667
v 0.078979 0.208937 0.050323
v 0.054208 0.184166 0.056289
v 0.083195 0.230448 0.048615
v 0.079785 0.233858 0.048615
v 0.086605 0.233858 0.048615
v 0.058652 0.202842 0.042746
v 0.052218 0.202842 0.042746
v 0.059830 0.210493 0.050305
v 0.006568 0.065886 0.383421
v 0.000000 0.068606 0.383421
v -0.009289 0.059318 0.383421
v 0.000000 0.050029 0.383421
v 0.009289 0.059318 0.383421
v -0.006568 0.065886 0.383421
v -0.006568 0.052749 0.383421
v 0.006568 0.052749 0.383421
v -0.004914 0.054403 0.397553
v -0.006950 0.059318 0.397553
v 0.000000 0.052368 0.397553
v 0.004914 0.064232 0.397553
v 0.006950 0.059318 0.397553
v -0.004914 0.064232 0.397553
v 0.004914 0.054403 0.397553
v 0.000000 0.066267 0.397553
v 0.006955 0.052362 0.383421
v -0.000000 0.049481 0.391359
v 0.000000 0.049481 0.383421
v 0.006955 0.066273 0.383421
v 0.000000 0.069154 0.383421
v 0.009836 0.059318 0.383421
v -0.006955 0.052362 0.383421
v -0.009836 0.059318 0.383421
v -0.006955 0.066273 0.383421
v -0.006955 0.066273 0.391359
v -0.000000 0.068462 0.392422
v -0.000000 0.069154 0.391359
v 0.009836 0.059318 0.391359
v -0.006955 0.052362 0.391359
v 0.006955 0.052362 0.391359
v 0.006955 0.066273 0.391359
v -0.009836 0.059318 0.391359
v -0.000000 0.050173 0.392422
v -0.006466 0.052851 0.397553
v -0.006466 0.052851 0.392422
v -0.009145 0.059318 0.392422
v 0.009145 0.059318 0.392422
v -0.006466 0.065784 0.392422
v 0.006466 0.052851 0.392422
v 0.006466 0.065784 0.392422
v 0.006466 0.052851 0.397553
v 0.006466 0.065784 0.397553
v 0.000000 0.068462 0.397553
v -0.009145 0.059318 0.397553
v 0.000000 0.050173 0.397553
v 0.009145 0.059318 0.397553
v -0.006466 0.065784 0.397553
vn 0.3827 0.9239 -0.0000
vn 0.9239 0.3827 -0.0000
vn 0.9239 -0.3827 -0.0000
vn 0.3827 -0.9239 -0.0000
vn -0.3827 -0.9239 -0.0000
vn -0.9239 -0.3827 -0.0000
vn -0.9239 0.3827 -0.0000
vn -0.3827 0.9239 -0.0000
vn -0.0000 -0.0000 -1.0000
vn 0.0002 -0.0004 1.0000
vn 0.9239 -0.3827 -0.0002
vn -0.9239 -0.3827 0.0002
vn -0.9239 -0.3827 0.0007
vn 0.9239 0.3827 0.0004
vn -0.9239 0.3827 0.0007
vn 0.0001 0.0002 1.0000
vn 0.3827 -0.9239 -0.0002
vn -0.3827 0.9239 0.0006
vn -0.3827 -0.9239 0.0002
vn -0.3827 -0.9239 0.0007
vn 0.3827 0.9239 0.0001
vn 0.3827 0.9239 0.0003
vn -0.7315 -0.0000 0.6819
vn -0.7315 -0.0000 -0.6819
vn 0.7315 -0.0000 -0.6819
vn 0.7315 -0.0000 0.6819
vn -0.0000 -1.0000 -0.0000
vn -1.0000 -0.0000 -0.0000
vn -0.0000 -0.0000 1.0000
vn -0.0000 1.0000 -0.0000
vn 1.0000 -0.0000 -0.0000
vn -0.5547 -0.6519 0.5171
vn -0.5547 -0.6519 -0.5171
vn 0.5547 -0.6519 -0.5171
vn 0.5547 -0.6519 0.5171
vn -0.6887 -0.7251 -0.0000
vn -0.0000 -0.6240 -0.7814
vn 0.6887 -0.7251 -0.0000
vn -0.0000 -0.6240 0.7814
vn 0.7071 -0.0000 0.7071
vn -0.7071 -0.0000 0.7071
vn -0.7071 -0.0000 -0.7071
vn 0.7071 -0.0000 -0.7071
vn 0.3827 -0.0000 -0.9239
vn 0.9239 -0.0000 -0.3827
vn 0.9239 -0.0000 0.3827
vn 0.3827 -0.0000 0.9239
vn -0.3827 -0.0000 0.9239
vn -0.9239 -0.0000 -0.3827
vn -0.3827 -0.0000 -0.9239
vn -0.9239 -0.0000 0.3827
vn 0.4757 0.8796 -0.0000
vn 0.0001 -0.0000 1.0000
vn -0.3597 -0.9331 -0.0000
vn -0.8254 -0.5645 -0.0000
vn 0.9995 0.0309 -0.0000
vn 0.3487 -0.9372 -0.0000
vn 0.7901 -0.6130 -0.0000
vn -0.8313 0.5558 -0.0000
vn -0.3160 0.9488 -0.0000
vn -0.0000 -0.0001 1.0000
vn -0.0002 0.0001 1.0000
vn -0.0001 0.0002 1.0000
vn -0.0001 -0.0003 1.0000
vn 0.9239 -0.3827 0.0001
vn 0.9239 -0.3827 0.0002
vn -0.9239 -0.3827 0.0001
vn -0.9239 -0.3827 -0.0001
vn 0.9238 0.3828 0.0006
vn 0.9239 0.3827 0.0003
vn -0.9239 0.3827 0.0003
vn -0.9238 0.3828 0.0008
vn -0.0001 0.0001 1.0000
vn 0.0001 0.0001 1.0000
vn -0.0001 -0.0001 1.0000
vn 0.3827 -0.9239 0.0002
vn -0.3827 0.9239 0.0002
vn -0.3827 -0.9239 0.0001
vn -0.3827 -0.9239 0.0004
vn 0.0001 -0.0000 -1.0000
vn 0.8200 0.5723 -0.0058
vn 0.9872 0.1392 -0.0777
vn 0.9947 -0.0723 -0.0734
vn 0.9326 0.3609 0.0105
vn 0.9349 0.3549 0.0110
vn 0.8961 0.4434 0.0194
vn 0.9546 -0.2979 -0.0009
vn 0.9459 -0.3242 0.0137
vn 0.9436 -0.3309 0.0074
vn 0.9995 -0.0240 0.0202
vn 0.3827 0.9239 -0.0001
vn 0.9875 -0.1567 0.0156
vn 0.6671 -0.7448 -0.0146
vn 0.9244 -0.3815 -0.0015
vn -0.9239 -0.0000 -0.3826
vn -0.3826 -0.0000 0.9239
vn 0.0001 1.0000 -0.0002
vn -0.0000 1.0000 -0.0001
vn -0.0000 1.0000 0.0001
vn 0.0001 1.0000 0.0002
vn -0.0000 -1.0000 0.0001
vn -0.0000 -1.0000 -0.0001
vn -0.3598 -0.9330 -0.0000
vn -0.0001 -0.0000 1.0000
vn 0.0001 -1.0000 -0.0000
vn -0.0001 -0.0002 -1.0000
vn -0.3826 0.9239 -0.0000
vn 0.3826 -0.9239 -0.0000
vn 0.9239 0.3827 0.0001
vn 0.3827 -0.9239 0.0001
vn -0.3827 0.9239 0.0001
vn -0.0000 0.9324 0.3615
vn -0.0000 0.3385 0.9410
vn -0.0000 -0.3948 -0.9188
vn -0.0000 -0.8565 0.5162
vn -0.0000 -0.9966 -0.0819
vn -0.0000 0.9308 -0.3655
vn -0.0000 0.7576 -0.6527
vn -0.0000 -0.7536 0.6573
vn -0.0000 -0.9324 0.3615
vn -0.0000 -0.3385 0.9410
vn -0.0000 0.3948 -0.9188
vn -0.0000 0.8565 0.5162
vn -0.0000 0.9966 -0.0819
vn -0.0000 -0.9308 -0.3655
vn -0.0000 0.6145 -0.7889
vn -0.0000 -0.7576 -0.6527
vn -0.0000 0.7536 0.6573
vn -0.0000 -0.6145 -0.7889
vn -0.3826 -0.9239 -0.0000
vn -0.9239 0.3827 0.0001
vn -0.5542 -0.2296 -0.8001
vn -0.5542 0.2296 -0.8001
vn -0.2296 -0.5542 -0.8001
vn 0.5542 0.2296 -0.8001
vn 0.5542 -0.2296 -0.8001
vn 0.2296 -0.5542 -0.8001
vn -0.2296 0.5542 -0.8001
vn 0.2296 0.5542 -0.8001
vn -0.0000 -0.3827 -0.9239
vn -0.0000 -0.9239 -0.3827
vn -0.0000 -0.9239 0.3827
vn -0.0000 -0.3827 0.9239
vn -0.0000 0.3827 0.9239
vn -0.0000 0.9239 0.3827
vn -0.0000 0.9239 -0.3827
vn -0.0000 0.3827 -0.9239
vn -0.7538 -0.6571 -0.0000
vn 0.7538 -0.6571 -0.0000
vn -0.7842 -0.6205 -0.0000
vn -0.0000 0.7154 -0.6987
vn -0.0000 0.7154 0.6987
vn 0.7992 -0.0000 -0.6011
vn 0.7992 -0.0000 0.6011
vn 0.6364 0.7126 -0.2952
vn 0.6364 -0.7126 -0.2952
vn 0.6364 0.2952 0.7127
vn 0.6364 0.2952 -0.7127
vn 0.6364 -0.2952 -0.7126
vn 0.6364 -0.7126 0.2952
vn 0.6364 0.7126 0.2952
vn 0.6364 -0.2952 0.7126
vn 0.6364 0.2952 -0.7126
vn 0.0001 0.3827 0.9239
vn -0.0001 -0.3827 0.9239
vn -0.7071 0.7071 -0.0000
vn 0.7063 0.7063 0.0479
vn -0.7071 -0.7071 -0.0000
vn 0.6768 0.6768 0.2898
vn 0.7071 -0.7071 -0.0000
vn 0.6961 0.6961 0.1756
vn 0.7063 0.7063 -0.0479
vn 0.6768 0.6768 -0.2898
vn 0.6961 0.6961 -0.1756
vn 0.0821 0.9966 -0.0000
vn 0.9966 0.0821 -0.0000
vn 0.7071 0.7071 -0.0000
vn -0.9999 0.0151 -0.0000
vn 0.0151 -0.9999 -0.0000
vn 0.3826 -0.0000 -0.9239
vn 0.6364 0.2952 0.7126
vn 0.6364 -0.2952 -0.7127
vn 0.6364 -0.2952 0.7127
vn 0.0001 -0.3827 -0.9239
vn 0.0001 0.3827 -0.9239
vn -0.0001 0.3827 0.9239
vn -0.3965 -0.0000 -0.9180
vn -0.8859 -0.0000 -0.4639
vn -0.2706 -0.2706 -0.9239
vn -0.6533 -0.6533 -0.3827
vn -0.6533 -0.6533 0.3827
vn -0.2706 -0.2706 0.9239
vn -0.7404 -0.6722 -0.0000
vn 0.7404 -0.6722 -0.0000
vn -0.4663 0.8846 -0.0000
vn -0.9201 0.3916 -0.0000
vn 0.4663 0.8846 -0.0000
vn 0.9201 0.3916 -0.0000
vn -0.3965 -0.0000 0.9180
vn -0.8859 -0.0000 0.4639
vn 0.3965 -0.0000 0.9180
vn 0.8859 -0.0000 0.4639
vn 0.3965 -0.0000 -0.9180
vn 0.8859 -0.0000 -0.4639
vn -0.7404 0.6722 -0.0000
vn -0.9201 -0.3916 -0.0000
vn -0.4663 -0.8846 -0.0000
vn 0.4663 -0.8846 -0.0000
vn 0.7404 0.6722 -0.0000
vn 0.9201 -0.3916 -0.0000
vn -0.8621 -0.5067 -0.0000
vn -0.9754 -0.1842 -0.1213
vn 0.8387 -0.5447 -0.0000
vn -0.0000 0.0001 -1.0000
vn -0.0001 -0.0001 -1.0000
vn 0.0001 -0.0001 -1.0000
vn -0.0002 0.0001 -1.0000
vn 0.0003 -0.0000 1.0000
vn 0.0002 -0.0001 1.0000
vn 0.0001 0.0002 -1.0000
vn -0.0000 -0.9456 0.3254
vn -0.0000 0.9456 0.3254
vn -0.0001 -0.0000 -1.0000
vn -0.0005 -0.0000 -1.0000
vn -0.8264 -0.5537 -0.1028
vn 0.8387 -0.5446 -0.0000
vn -0.0033 0.9994 0.0331
vn -0.0025 0.9987 0.0512
vn -0.0041 0.9999 0.0149
vn -0.3826 0.9233 0.0330
vn -0.0015 -0.9968 -0.0803
vn -0.0011 -0.9982 -0.0603
vn -0.0019 -0.9949 -0.1004
vn 0.3814 -0.9243 0.0149
vn -0.2629 -0.9586 0.1089
vn -0.2632 -0.9595 0.1004
vn -0.2626 -0.9577 0.1176
vn -0.1074 -0.9638 -0.2439
vn -0.1078 -0.9809 -0.1616
vn -0.1077 -0.9732 -0.2030
vn 0.2647 0.9620 -0.0662
vn 0.1050 0.9899 -0.0949
vn 0.1051 0.9900 -0.0941
vn 0.1051 0.9900 -0.0945
vn 0.4050 0.9021 -0.1489
vn 0.4051 0.9023 -0.1472
vn 0.4049 0.9019 -0.1507
vn 0.7821 0.6204 0.0585
vn 0.7818 0.6108 0.1256
vn 0.7824 0.6160 0.0921
vn 0.5769 -0.7937 -0.1929
vn 0.5761 -0.7908 -0.2067
vn 0.5775 -0.7965 -0.1791
vn 0.2791 -0.9537 0.1124
vn 0.2793 -0.9540 0.1085
vn 0.2792 -0.9539 0.1104
vn -0.0007 -0.9973 0.0729
vn -0.0006 -0.9973 0.0729
vn -0.5722 -0.8146 -0.0954
vn -0.5727 -0.8149 -0.0896
vn -0.5724 -0.8147 -0.0925
vn -0.4035 0.9109 0.0858
vn -0.4035 0.9111 0.0845
vn -0.4035 0.9108 0.0871
vn -0.4048 0.9068 -0.1173
vn -0.4050 0.9072 -0.1141
vn -0.4049 0.9070 -0.1157
vn -0.0002 -0.0001 -1.0000
vn -0.0002 -0.0000 -1.0000
vn 0.0002 0.0001 -1.0000
vn -0.0002 -0.0000 1.0000
vn 0.0002 -0.0000 1.0000
vn -0.0003 -0.0000 1.0000
vn -0.0003 -0.0000 -1.0000
vn 0.0002 -0.0000 -1.0000
vn -0.0000 0.8530 -0.5220
vn -0.0000 -0.8530 0.5220
vn 0.5525 0.8329 0.0315
vn -0.0000 -0.9995 0.0321
vn -0.8184 0.5735 0.0349
vn 0.9984 -0.0000 0.0569
vn 0.5276 -0.8480 0.0497
vn -0.9984 -0.0000 0.0569
vn -0.7190 -0.6932 0.0494
vn -0.7634 -0.0000 -0.6460
vn 0.7634 -0.0000 -0.6460
vn 0.8185 0.5734 0.0349
vn -0.5524 0.8330 0.0315
vn 0.7191 -0.6932 0.0494
vn -0.5275 -0.8481 0.0497
vn -0.7634 -0.0000 -0.6459
vn 0.4706 -0.8152 -0.3377
vn 0.4707 0.8151 0.3376
vn -0.4707 0.8151 0.3376
vn -0.4706 -0.8152 -0.3377
vn 0.4707 -0.3376 -0.8152
vn 0.4706 0.3377 0.8152
vn -0.4706 0.3377 0.8152
vn -0.4706 -0.3377 -0.8152
vn 0.4707 0.3376 -0.8152
vn 0.4706 -0.3377 0.8152
vn -0.4705 -0.3377 0.8152
vn -0.4707 0.3376 -0.8152
vn 0.4707 0.8151 -0.3376
vn 0.4706 -0.8152 0.3377
vn -0.4706 -0.8152 0.3377
vn -0.4707 0.8152 -0.3376
vn 0.4707 0.8152 0.3377
vn -0.4706 0.8152 0.3377
vn 0.4706 -0.3377 -0.8152
vn -0.4705 0.3377 0.8152
vn 0.4707 0.3376 -0.8151
vn -0.4707 -0.3377 0.8152
vn -0.4707 -0.8151 0.3376
vn 0.4707 -0.8151 -0.3376
vn 0.4706 0.8152 0.3377
vn -0.4707 -0.8151 -0.3376
vn -0.4707 -0.3376 -0.8152
vn 0.4706 0.3377 -0.8152
vn -0.4707 -0.3376 0.8152
vn -0.4706 0.3377 -0.8152
vn 0.4706 0.8152 -0.3377
vn 0.4707 -0.8152 0.3377
vn -0.4706 0.8152 -0.3377
vn 0.4707 0.8152 0.3376
vn 0.4706 -0.8152 -0.3376
vn 0.4707 0.3377 0.8152
vn 0.4707 -0.3376 -0.8151
vn -0.4707 -0.3376 -0.8151
vn -0.4707 0.3376 -0.8151
vn -0.4706 -0.3377 0.8152
vn 0.4707 -0.8152 0.3376
vn -0.4707 -0.8152 0.3376
vn 0.2706 0.2706 -0.9239
vn 0.2706 0.2706 0.9239
vn 0.6533 0.6533 -0.3827
vn 0.6533 0.6533 0.3827
vn 0.9947 -0.1028 -0.0001
vn 0.9947 -0.1028 -0.0000
vn -0.9551 -0.2964 -0.0000
vn 0.1778 0.9841 -0.0000
vn -0.4795 0.8776 -0.0000
vn -0.1547 0.9059 0.3943
vn -0.1548 0.9059 0.3943
vn 0.8776 -0.4795 -0.0000
vn 0.9841 0.1778 -0.0000
vn 0.9806 -0.1674 0.1020
vn 0.9806 -0.1675 0.1020
vn 0.2060 0.9785 -0.0000
vn 0.0001 -0.0002 -1.0000
vn -0.3280 0.7919 0.5151
vn -0.7919 -0.3280 0.5151
vn 0.3280 -0.7919 0.5151
vn 0.7919 0.3280 0.5151
vn -0.7919 0.3280 0.5151
vn -0.3280 -0.7919 0.5151
vn 0.7919 -0.3280 0.5151
vn 0.3280 0.7919 0.5151
vn -0.0001 0.0002 -1.0000
vn 0.3279 -0.7919 0.5151
vn 0.3279 0.7919 0.5151
vt 1.000000 0.000000
vt 0.875000 0.500000
vt 1.000000 0.500000
vt 0.875000 0.000000
vt 0.750000 0.500000
vt 0.750000 0.000000
vt 0.625000 0.500000
vt 0.625000 0.000000
vt 0.500000 0.500000
vt 0.375000 0.000000
vt 0.375000 0.500000
vt 0.250000 0.000000
vt 0.250000 0.500000
vt 0.419706 0.919706
vt 0.250000 0.990000
vt 0.125000 0.000000
vt 0.125000 0.500000
vt 0.000000 0.000000
vt 0.000000 0.500000
vt 0.750000 0.510000
vt 0.903425 0.596573
vt 0.750000 0.533023
vt 0.419706 0.580294
vt 0.250000 0.510000
vt 0.490000 0.750000
vt 0.080294 0.919706
vt 0.010000 0.750000
vt 0.080294 0.580294
vt 0.108618 0.608616
vt 0.250000 0.550053
vt 0.125000 0.291214
vt 0.250000 0.347473
vt 0.125000 0.347473
vt 0.750000 0.347473
vt 0.875000 0.291214
vt 0.875000 0.347473
vt 0.250000 0.291214
vt 0.375000 0.347473
vt 0.625000 0.291214
vt 0.625000 0.347473
vt 0.250000 0.949943
vt 0.000000 0.347473
vt 0.500000 0.291214
vt 0.500000 0.347473
vt 1.000000 0.347473
vt 0.375000 0.291214
vt 0.750000 0.966973
vt 0.919706 0.919706
vt 0.750000 0.990000
vt 0.625000 1.000000
vt 0.375000 0.957267
vt 0.375000 1.000000
vt 0.375000 0.707267
vt 0.625000 0.792733
vt 0.625000 0.707267
vt 0.375000 0.457267
vt 0.639244 0.528489
vt 0.625000 0.457267
vt 0.360756 0.221511
vt 0.625000 0.292733
vt 0.639244 0.221511
vt 0.313421 0.258326
vt 0.334796 0.246137
vt 0.187021 0.262578
vt 0.625000 0.957267
vt 0.375000 0.792733
vt 0.375000 0.042733
vt 0.682082 0.251364
vt 0.832267 0.250000
vt 0.360756 0.528489
vt 0.375000 0.292733
vt 0.150563 0.292322
vt 0.167733 0.250000
vt 0.125000 0.292733
vt 0.150563 0.457678
vt 0.167733 0.500000
vt 0.187021 0.487422
vt 0.355130 0.461576
vt 0.355130 0.288424
vt 0.125000 0.457267
vt 0.334796 0.503863
vt 0.796335 0.484276
vt 0.683195 0.495882
vt 0.460633 0.772058
vt 0.534864 0.690167
vt 0.534864 0.772058
vt 0.534864 0.477942
vt 0.460633 0.477942
vt 0.460633 0.470905
vt 0.534864 0.977942
vt 0.460633 0.977942
vt 0.460633 0.842580
vt 0.534864 0.059833
vt 0.454352 0.210111
vt 0.460633 0.059833
vt 0.540427 0.539889
vt 0.206081 0.479440
vt 0.460633 0.272058
vt 0.540427 0.210111
vt 0.534864 0.272058
vt 0.460633 0.690167
vt 0.454352 0.539889
vt 0.534864 1.000000
vt 0.460633 1.000000
vt 0.826627 0.499937
vt 0.826627 0.000043
vt 0.859213 0.499937
vt 0.859214 0.000042
vt 0.640787 0.499937
vt 0.640787 0.000042
vt 0.673373 0.499937
vt 0.500000 0.000000
vt 0.399821 0.899821
vt 0.250000 0.961879
vt 0.580294 0.580294
vt 0.750000 0.538121
vt 0.183705 0.499958
vt 0.183705 0.000000
vt 0.316294 0.000121
vt 0.316294 0.500000
vt 0.047296 0.659960
vt 0.047284 0.840012
vt 0.875000 0.250000
vt 0.625000 0.750000
vt 0.375000 0.508543
vt 0.375000 0.750000
vt 0.625000 0.241457
vt 0.375000 0.241457
vt 0.125000 0.250000
vt 0.366457 0.500000
vt 0.366457 0.250000
vt 0.547282 0.840006
vt 0.547278 0.660003
vt 0.990000 0.750000
vt 0.547281 0.659996
vt 0.547281 0.840004
vt 0.624960 0.750000
vt 0.624960 0.000000
vt 0.183680 0.000000
vt 0.183705 0.500000
vt 0.047281 0.840004
vt 0.047281 0.659996
vt 0.316296 0.500000
vt 0.316295 0.000000
vt 0.125000 0.210702
vt 0.250000 0.247777
vt 0.125000 0.247777
vt 0.750000 0.247777
vt 0.875000 0.210702
vt 0.875000 0.247778
vt 0.250000 0.538121
vt 0.375000 0.210702
vt 0.375000 0.247777
vt 0.625000 0.210702
vt 0.625000 0.247777
vt 0.600179 0.899821
vt 0.750000 0.961879
vt 0.000000 0.210702
vt 0.000000 0.247777
vt 0.500000 0.247777
vt 1.000000 0.247777
vt 0.919706 0.580294
vt 0.966975 0.749998
vt 0.533025 0.749998
vt 0.510000 0.750000
vt 0.596575 0.596573
vt 0.050055 0.749998
vt 0.449945 0.749998
vt 0.391382 0.608616
vt 0.750000 0.291214
vt 0.391382 0.891380
vt 0.108618 0.891381
vt 0.000000 0.291214
vt 1.000000 0.291214
vt 0.580294 0.919706
vt 0.596575 0.903423
vt 0.903425 0.903423
vt 0.165252 0.398824
vt 0.164953 0.295626
vt 0.341946 0.450857
vt 0.342717 0.291300
vt 0.205854 0.268697
vt 0.625000 0.042733
vt 0.654952 0.459446
vt 0.654343 0.288465
vt 0.838369 0.292935
vt 0.875000 0.292733
vt 0.796651 0.263740
vt 0.875000 0.457267
vt 0.838159 0.455418
vt 0.832267 0.500000
vt 0.342491 0.456995
vt 0.312558 0.489222
vt 0.165020 0.452874
vt 0.673373 0.000043
vt 0.461879 0.750000
vt 0.038121 0.750000
vt 0.100179 0.899821
vt 0.899821 0.600179
vt 0.961879 0.750000
vt 0.538121 0.750000
vt 0.600179 0.600179
vt 0.625000 0.508543
vt 0.250000 0.210702
vt 0.750000 0.210702
vt 0.100179 0.600179
vt 0.399821 0.600179
vt 0.899821 0.899821
vt 0.500000 0.210702
vt 1.000000 0.210702
vt 0.875000 0.481087
vt 1.000000 0.481086
vt 0.750000 0.481088
vt 0.625000 0.481087
vt 0.375000 0.481087
vt 0.500000 0.481086
vt 0.250000 0.481088
vt 0.125000 0.481087
vt 0.957595 0.000000
vt 0.784272 0.000000
vt 0.715728 0.000000
vt 0.542406 0.000000
vt 0.284272 0.000000
vt 0.215728 0.000000
vt 0.750000 0.526701
vt 0.410834 0.589166
vt 0.307571 0.533849
vt 0.307571 0.546392
vt 0.410834 0.910834
vt 0.470725 0.796529
vt 0.458181 0.796529
vt 0.089166 0.910834
vt 0.192429 0.966151
vt 0.192429 0.953608
vt 0.089166 0.589166
vt 0.029275 0.703471
vt 0.041819 0.703471
vt 0.042405 0.000000
vt 0.250000 0.522546
vt 0.250000 0.522546
vt 0.192429 0.546392
vt 0.041819 0.796529
vt 0.041819 0.796529
vt 0.250000 0.977454
vt 0.307571 0.953608
vt 0.458181 0.703471
vt 0.458181 0.703471
vt 0.192429 0.953608
vt 0.957595 0.397286
vt 1.000000 0.397286
vt 0.715728 0.000000
vt 0.715728 0.137088
vt 0.457595 0.397286
vt 0.500000 0.397286
vt 0.215728 0.461310
vt 0.250000 0.461310
vt 0.167383 0.346575
vt 0.172078 0.346575
vt 0.332617 0.346575
vt 0.327922 0.346575
vt 0.759806 0.346575
vt 0.759806 0.418064
vt 0.042405 0.397287
vt 0.000000 0.397286
vt 0.715479 0.346575
vt 0.715479 0.418065
vt 0.192429 0.939235
vt 0.307571 0.560765
vt 0.784272 0.461310
vt 0.750000 0.461310
vt 0.284272 0.461309
vt 0.542405 0.000000
vt 0.542405 0.397286
vt 0.759806 0.418064
vt 0.759806 0.346575
vt 0.759806 0.346575
vt 0.715479 0.346575
vt 0.715479 0.418064
vt 0.332617 0.436547
vt 0.327922 0.436547
vt 0.167383 0.436547
vt 0.172078 0.436547
vt 0.029273 0.796529
vt 0.250000 0.568506
vt 0.470727 0.703471
vt 0.458181 0.796529
vt 0.192429 0.533847
vt 0.307572 0.966153
vt 0.307571 0.953608
vt 0.457595 0.000000
vt 0.250000 0.928536
vt 0.625000 0.250000
vt 0.375000 0.250000
vt 0.592104 0.907896
vt 0.750000 0.973299
vt 0.000000 1.000000
vt 0.125000 0.043310
vt 0.250000 0.043310
vt 0.750000 0.043310
vt 0.875000 0.043310
vt 0.375000 0.043310
vt 0.625000 0.043310
vt 0.500000 0.043310
vt 0.000000 0.043310
vt 1.000000 0.043310
vt 0.000000 0.481086
vt 0.907896 0.592104
vt 0.973299 0.750000
vt 0.526701 0.750000
vt 0.592104 0.592104
vt 0.957595 0.000000
vt 0.715728 0.461309
vt 0.457595 0.000000
vt 0.215728 0.000000
vt 0.042405 0.000000
vt 0.307571 0.966153
vt 0.192429 0.533847
vt 0.784272 0.000000
vt 0.284272 0.000000
vt 0.715479 0.418064
vt 0.041817 0.703471
vt 0.029273 0.703471
vt 0.069961 0.736299
vt 0.122694 0.620941
vt 0.470727 0.703471
vt 0.377306 0.620211
vt 0.430039 0.725256
vt 0.470727 0.703471
vt 0.458183 0.703471
vt 0.041819 0.796529
vt 0.122694 0.876151
vt 0.377306 0.865861
vt 0.907896 0.907896
vt 0.613699 0.613699
vt 0.750000 0.942759
vt 0.942759 0.750000
vt 0.886301 0.613699
vt 0.557241 0.750000
vt 0.750000 0.557241
vt 0.613699 0.886301
vt 0.886301 0.886301
vt 0.197763 0.250000
vt 0.197763 0.500000
vt 0.326492 0.524254
vt 0.388244 0.250000
vt 0.326492 0.225746
vt 0.397084 1.000000
vt 0.388244 0.750000
vt 0.388244 1.000000
vt 0.427137 0.173966
vt 0.394249 0.177235
vt 0.388244 0.500000
vt 0.427137 0.576034
vt 0.375000 0.291748
vt 0.435097 0.458252
vt 0.375000 0.458252
vt 0.535975 1.000000
vt 0.535975 0.750000
vt 0.435097 0.291748
vt 0.609585 0.458252
vt 0.225618 0.291748
vt 0.375000 0.466112
vt 0.375000 0.289634
vt 0.625000 0.478155
vt 0.563870 0.750000
vt 0.625000 0.766384
vt 0.563870 0.250000
vt 0.625000 0.271845
vt 0.440801 0.250000
vt 0.563870 0.000000
vt 0.433279 0.000000
vt 0.433279 0.750000
vt 0.875000 0.467232
vt 0.440801 0.500000
vt 0.440801 0.466112
vt 0.563870 0.500000
vt 0.440801 0.289634
vt 0.433279 1.000000
vt 0.625000 0.967232
vt 0.625000 0.918246
vt 0.625000 0.868685
vt 0.375000 0.869467
vt 0.875000 0.331754
vt 0.625000 0.331755
vt 0.162454 0.380533
vt 0.337541 0.380533
vt 0.662459 0.500000
vt 0.837546 0.406019
vt 0.662460 0.406019
vt 0.447400 0.000000
vt 0.505233 0.064330
vt 0.505233 0.000000
vt 0.513288 0.957442
vt 0.555943 0.824649
vt 0.447400 0.824649
vt 0.447400 0.064340
vt 0.447400 0.824649
vt 0.555943 0.824649
vt 0.513288 0.957442
vt 0.375000 0.712546
vt 0.625000 0.537459
vt 0.375000 0.537459
vt 0.662460 0.381315
vt 0.837546 0.381315
vt 0.447400 0.064330
vt 0.447400 1.000000
vt 0.625000 0.712546
vt 0.143103 0.500000
vt 0.625000 0.736361
vt 0.608901 1.000000
vt 0.643185 0.240907
vt 0.608901 0.500000
vt 0.643185 0.509092
vt 0.625000 0.027277
vt 0.605895 0.219202
vt 0.847723 0.500000
vt 0.601743 0.716913
vt 0.605331 0.349200
vt 0.640535 0.402403
vt 0.605331 0.400800
vt 0.605331 0.900800
vt 0.625000 0.842172
vt 0.625000 0.896177
vt 0.482017 0.400800
vt 0.356897 0.500000
vt 0.356897 0.250000
vt 0.605331 0.849200
vt 0.482017 0.900800
vt 0.482016 0.849200
vt 0.640535 0.347597
vt 0.851698 0.400800
vt 0.397084 0.750000
vt 0.375000 0.072763
vt 0.535975 0.000000
vt 0.397084 0.000000
vt 0.388244 0.000000
vt 0.375000 0.677237
vt 0.394249 0.572765
vt 0.609585 0.291748
vt 0.225618 0.458252
vt 0.875000 0.282768
vt 0.563870 1.000000
vt 0.125000 0.380533
vt 0.162454 0.500000
vt 0.337541 0.500000
vt 0.375000 0.380533
vt 0.837546 0.500000
vt 0.505233 1.000000
vt 0.625000 0.381315
vt 0.505233 0.064340
vt 0.875000 0.381315
vt 0.143103 0.250000
vt 0.608901 0.750000
vt 0.608901 0.250000
vt 0.375000 0.231897
vt 0.567209 0.232577
vt 0.608901 0.000000
vt 0.566915 0.018489
vt 0.375000 0.018103
vt 0.601743 0.036952
vt 0.847723 0.250000
vt 0.375000 0.731897
vt 0.566915 0.732021
vt 0.567209 0.517713
vt 0.375000 0.518103
vt 0.605895 0.531549
vt 0.482016 0.349200
vt 0.851698 0.349200
vt 0.634898 0.259898
vt 0.534879 0.182412
vt 0.658794 0.182412
vt 0.527456 0.351382
vt 0.529630 0.259898
vt 0.875000 0.351382
vt 0.625000 0.351382
vt 1.000000 0.296844
vt 0.566329 0.000000
vt 0.164582 0.250000
vt 0.125000 0.323892
vt 0.164582 0.323892
vt 0.164582 0.426108
vt 0.125000 0.426108
vt 0.348612 0.513194
vt 0.414582 0.250000
vt 0.348612 0.236806
vt 0.325069 0.279417
vt 0.346402 0.333524
vt 0.786286 0.500000
vt 0.786286 0.250000
vt 0.611870 0.736870
vt 0.536286 1.000000
vt 0.684142 0.220429
vt 0.616218 0.508541
vt 0.684142 0.529571
vt 0.616218 0.241459
vt 0.536286 0.500000
vt 0.434745 0.926108
vt 0.536286 0.750000
vt 0.434745 0.823892
vt 0.533083 0.233299
vt 0.424903 0.232235
vt 0.536286 0.250000
vt 0.599183 0.523560
vt 0.638362 0.560031
vt 0.414582 0.500000
vt 0.619438 0.500000
vt 0.446160 0.603250
vt 0.446160 0.646750
vt 0.619438 0.101382
vt 0.619438 0.000000
vt 0.407592 0.926216
vt 0.375000 0.898618
vt 0.341206 0.182412
vt 0.628895 0.259898
vt 0.651728 0.182412
vt 0.365102 0.259898
vt 0.619438 0.351382
vt 0.352865 0.274942
vt 0.361934 0.350844
vt 0.375000 0.351382
vt 0.396204 0.809202
vt 0.619438 0.750000
vt 0.375000 0.101382
vt 0.625000 0.101382
vt 0.527456 0.101382
vt 0.168075 0.293154
vt 0.154694 0.279694
vt 0.125000 0.351382
vt 0.527456 0.000000
vt 0.527456 0.500000
vt 0.527456 0.898618
vt 0.527456 0.750000
vt 0.625000 0.898618
vt 0.527456 1.000000
vt 0.558738 0.649889
vt 0.558738 0.600111
vt 0.414582 0.850187
vt 0.536286 0.899813
vt 0.414582 0.899813
vt 0.414582 0.399813
vt 0.348612 0.347568
vt 0.414582 0.350187
vt 0.427421 0.024998
vt 0.528987 0.023269
vt 0.536286 0.000000
vt 0.536286 0.399813
vt 0.616218 0.348492
vt 0.616218 0.401508
vt 0.684142 0.405683
vt 0.164582 0.350187
vt 0.348612 0.402432
vt 0.164582 0.399813
vt 0.875000 0.399813
vt 0.786286 0.350187
vt 0.875000 0.350187
vt 0.786286 0.399813
vt 0.427543 0.725123
vt 0.395073 0.695629
vt 0.375000 0.710418
vt 0.125000 0.350187
vt 0.125000 0.399813
vt 0.617132 0.842319
vt 0.619738 0.894551
vt 0.613884 0.402019
vt 0.546475 0.311441
vt 0.613884 0.311441
vt 0.228250 0.500000
vt 0.148833 0.485320
vt 0.613884 0.847982
vt 0.546475 0.938559
vt 0.546475 0.847982
vt 0.897225 0.402018
vt 0.383628 0.616372
vt 0.616372 0.616372
vt 0.125000 0.172774
vt 0.250000 0.327232
vt 0.125000 0.327232
vt 0.250000 0.938978
vt 0.750000 0.327232
vt 0.875000 0.172774
vt 0.875000 0.327232
vt 0.750000 0.938978
vt 0.250000 0.172774
vt 0.375000 0.327232
vt 0.625000 0.172774
vt 0.625000 0.327232
vt 0.526590 0.327220
vt 0.026590 0.327220
vt 0.973410 0.327220
vt 0.473410 0.327220
vt 0.375000 0.172774
vt 0.962081 0.000030
vt 0.537919 0.000029
vt 0.462081 0.499971
vt 0.250000 0.933532
vt 0.037919 0.000030
vt 0.750000 0.933532
vt 0.500000 0.509162
vt 0.375000 0.516379
vt 0.500000 0.543770
vt 0.500000 0.740838
vt 0.625000 0.733621
vt 0.500000 0.706230
vt 0.500000 0.043770
vt 0.625000 0.050988
vt 0.625000 0.016379
vt 0.500000 0.206230
vt 0.375000 0.199012
vt 0.375000 0.233621
vt 0.125000 0.105986
vt 0.250000 0.394018
vt 0.125000 0.394018
vt 0.750000 0.394018
vt 0.875000 0.105986
vt 0.875000 0.394016
vt 0.120223 0.620222
vt 0.250000 0.566467
vt 0.375000 0.105985
vt 0.375000 0.394016
vt 0.625000 0.105985
vt 0.625000 0.394018
vt 0.500000 0.394012
vt 0.000000 0.394012
vt 0.879777 0.620222
vt 0.750000 0.566467
vt 1.000000 0.394012
vt 0.773618 0.250000
vt 0.845306 0.279694
vt 1.000000 0.452569
vt 1.000000 0.291191
vt 0.500000 0.276335
vt 0.500000 0.296844
vt 0.500000 0.452570
vt 0.164582 0.500000
vt 0.166792 0.484899
vt 0.166792 0.426173
vt 0.188125 0.286657
vt 0.172599 0.323660
vt 0.346402 0.496307
vt 0.239629 0.255611
vt 0.273565 0.253294
vt 0.414582 0.926108
vt 0.414582 1.000000
vt 0.414582 0.750000
vt 0.414582 0.823892
vt 0.599018 0.226604
vt 0.625000 0.088714
vt 0.638126 0.190206
vt 0.598739 0.026261
vt 0.580821 0.044806
vt 0.607611 0.099850
vt 0.378623 0.216764
vt 0.425098 0.517959
vt 0.378811 0.533424
vt 0.625000 0.661286
vt 0.590216 0.714589
vt 0.609453 0.651992
vt 0.533280 0.516897
vt 0.375000 0.603250
vt 0.375000 0.646750
vt 0.396204 0.898618
vt 0.619438 1.000000
vt 0.619438 0.926216
vt 0.226382 0.250000
vt 0.315443 0.221909
vt 0.239974 0.256098
vt 0.272055 0.485402
vt 0.271750 0.500000
vt 0.359516 0.485460
vt 0.619438 0.809202
vt 0.141037 0.485461
vt 0.141637 0.352662
vt 0.527456 0.600111
vt 0.527456 0.741156
vt 0.527456 0.649889
vt 0.536286 0.850187
vt 0.375000 0.039582
vt 0.394956 0.054488
vt 0.414582 0.000000
vt 0.536286 0.350187
vt 0.684142 0.344317
vt 0.530934 0.728678
vt 0.546475 0.402018
vt 0.228568 0.485373
vt 0.613884 0.938559
vt 0.897225 0.311441
vt 0.438979 0.750000
vt 0.061021 0.750000
vt 0.116372 0.616372
vt 0.250000 0.561021
vt 0.561021 0.750000
vt 0.938979 0.750000
vt 0.883628 0.616372
vt 0.750000 0.561021
vt 0.116372 0.883628
vt 0.383628 0.883628
vt 0.750000 0.172774
vt 0.883628 0.883628
vt 0.616372 0.883628
vt 0.526590 0.172780
vt 0.500000 0.172774
vt 0.500000 0.327220
vt 0.026590 0.172780
vt 0.000000 0.172774
vt 0.000000 0.327220
vt 1.000000 0.327233
vt 1.000000 0.172780
vt 0.973410 0.172780
vt 0.500000 0.327232
vt 0.500000 0.172780
vt 0.473410 0.172780
vt 1.000000 0.499971
vt 0.962081 0.499971
vt 0.537919 0.499971
vt 0.500000 0.000030
vt 0.462081 0.000029
vt 0.500000 0.499971
vt 0.379777 0.879777
vt 0.433533 0.750000
vt 0.066467 0.750000
vt 0.120223 0.879777
vt 0.037919 0.499971
vt 0.000000 0.000030
vt 0.620223 0.879777
vt 0.566467 0.750000
vt 0.933533 0.750000
vt 0.879777 0.879777
vt 0.375000 0.550988
vt 0.625000 0.550988
vt 0.625000 0.516379
vt 0.625000 0.699012
vt 0.375000 0.699012
vt 0.375000 0.733621
vt 0.500000 0.009162
vt 0.375000 0.016379
vt 0.375000 0.050988
vt 0.500000 0.240838
vt 0.625000 0.233621
vt 0.625000 0.199012
vt 0.250000 0.105982
vt 0.750000 0.105982
vt 0.379777 0.620222
vt 0.500000 0.105989
vt 0.000000 0.105989
vt 0.620223 0.620222
vt 1.000000 0.105989
vt 0.375000 0.704346
vt 0.625000 0.774544
vt 0.625000 0.704346
vt 0.375000 0.475456
vt 0.640218 0.530436
vt 0.625000 0.475456
vt 0.375000 0.774544
vt 0.359782 0.530436
vt 0.875000 0.475456
vt 0.125000 0.475456
vt 0.170654 0.500000
vt 0.829346 0.500000
vt 0.625000 0.333333
vt 0.500000 0.333333
vt 0.500000 0.166667
vt 0.500000 0.833333
vt 0.500000 1.000000
vt 0.625000 0.666667
vt 0.500000 0.666667
vt 0.750000 0.166667
vt 0.625000 0.166667
vt 0.750000 1.000000
vt 0.625000 0.833333
vt 0.750000 0.833333
vt 0.875000 0.333333
vt 0.750000 0.333333
vt 0.875000 1.000000
vt 0.875000 0.666667
vt 0.750000 0.666667
vt 1.000000 0.333333
vt 0.875000 0.166667
vt 1.000000 1.000000
vt 0.875000 0.833333
vt 1.000000 0.833333
vt 1.000000 0.666667
vt 0.000000 0.333333
vt 0.125000 0.333333
vt 0.000000 0.166667
vt 0.125000 1.000000
vt 0.000000 0.833333
vt 0.125000 0.833333
vt 0.000000 0.666667
vt 0.125000 0.666667
vt 0.250000 0.166667
vt 0.125000 0.166667
vt 0.250000 0.833333
vt 0.250000 0.666667
vt 0.250000 0.333333
vt 0.375000 0.166667
vt 0.250000 1.000000
vt 0.375000 0.833333
vt 0.375000 0.666667
vt 0.375000 0.333333
vt 1.000000 0.166667
vt 0.875000 0.198180
vt 0.817451 0.301820
vt 0.875000 0.301820
vt 0.182549 0.301820
vt 0.125000 0.198180
vt 0.125000 0.301820
vt 1.000000 0.198180
vt 0.000000 0.198180
vt 0.000000 0.301820
vt 1.000000 0.404749
vt 0.500000 0.095251
vt 0.500000 0.404749
vt 1.000000 0.095251
vt 0.500000 0.308980
vt 0.593597 0.292453
vt 0.611446 0.456257
vt 0.500000 0.941020
vt 0.406403 0.957547
vt 0.388554 0.793743
vt 0.500000 0.380308
vt 0.625000 0.380308
vt 0.273252 0.380308
vt 0.375000 0.380308
vt 0.516064 0.766490
vt 0.516064 0.759367
vt 0.516064 0.490609
vt 0.625000 0.459674
vt 0.516064 0.750000
vt 0.516064 0.750000
vt 0.596757 0.740708
vt 0.582870 0.736139
vt 0.250000 0.932521
vt 0.879062 0.620938
vt 0.750000 0.567479
vt 0.419706 0.919706
vt 0.125000 0.304321
vt 0.250000 0.195679
vt 0.250000 0.304321
vt 0.120938 0.620938
vt 0.250000 0.567479
vt 0.750000 0.195679
vt 0.875000 0.304321
vt 0.750000 0.304321
vt 0.375000 0.304321
vt 0.625000 0.304321
vt 0.620938 0.879062
vt 0.750000 0.932521
vt 0.500000 0.195679
vt 0.500000 0.304321
vt 0.000000 0.195679
vt 0.000000 0.304321
vt 1.000000 0.195679
vt 1.000000 0.304321
vt 0.256832 0.500000
vt 0.740416 0.380308
vt 0.741760 0.500000
vt 0.456256 0.500000
vt 0.259252 0.500000
vt 0.740748 0.500000
vt 0.516064 0.500000
vt 0.417130 0.513861
vt 0.750000 0.382204
vt 0.825232 0.397888
vt 0.817451 0.198180
vt 0.182548 0.198180
vt 1.000000 0.301820
vt 0.500000 0.404749
vt 1.000000 0.404749
vt 0.388554 0.456257
vt 0.388554 0.274082
vt 0.406403 0.292453
vt 0.611446 0.274083
vt 0.611446 0.793743
vt 0.611446 0.975917
vt 0.593597 0.957547
vt 0.388554 0.975917
vt 0.258240 0.500000
vt 0.625000 0.779467
vt 0.516064 0.494666
vt 0.417130 0.736139
vt 0.432521 0.750000
vt 0.379062 0.879062
vt 0.067478 0.750000
vt 0.120938 0.879062
vt 0.932522 0.750000
vt 0.567479 0.750000
vt 0.620938 0.620938
vt 0.125000 0.195679
vt 0.379062 0.620938
vt 0.875000 0.195679
vt 0.375000 0.195679
vt 0.625000 0.195679
vt 0.879062 0.879062
vt 0.743168 0.500000
vt 0.675318 0.500000
vt 0.547257 0.500000
vt 0.452743 0.500000
vt 0.324681 0.500000
vt 0.582870 0.625000
vt 0.417130 0.625000
vt 0.582870 0.513861
vt 0.674768 0.426663
vt 0.868601 0.472502
vt 0.089739 0.923618
vt 0.023356 0.782245
vt 0.432392 0.750000
vt 0.378970 0.621030
vt 0.419706 0.780627
vt 0.250000 0.932392
vt 0.378970 0.878971
vt 0.067608 0.750000
vt 0.121030 0.878970
vt 0.080294 0.719373
vt 0.250000 0.567608
vt 0.121030 0.621029
vt 0.410261 0.576382
vt 0.476644 0.717755
s 0
usemtl 9K32M_Strela-2M_1_Material_2
f 6/1/1 7/2/1 8/3/1
f 9/4/2 10/5/2 7/2/2
f 11/6/3 12/7/3 10/5/3
f 13/8/4 14/9/4 12/7/4
s 1
f 14/9/5 15/10/5 16/11/5
s 0
f 16/11/6 17/12/6 18/13/6
f 19/14/4 20/15/4 21/15/4
f 18/13/7 22/16/7 23/17/7
f 23/17/8 6/18/8 8/19/8
f 8/20/9 24/21/9 25/22/9
f 26/23/9 6/24/9 27/24/9
f 26/23/9 11/25/9 9/23/9
f 19/14/9 11/25/9 28/25/9
f 19/14/9 29/15/9 13/14/9
f 30/26/9 29/15/9 21/15/9
f 30/26/9 17/27/9 15/26/9
f 31/28/9 17/27/9 32/27/9
f 31/28/9 6/24/9 22/28/9
f 33/24/10 2/29/10 1/30/10
f 26/23/2 34/25/2 28/25/2
f 32/27/7 35/28/7 31/28/7
f 21/15/5 36/26/5 30/26/5
f 28/25/3 37/14/3 19/14/3
f 27/24/1 38/23/1 26/23/1
f 31/28/8 33/24/8 27/24/8
f 30/26/6 39/27/6 32/27/6
f 2/31/11 40/32/3 41/33/11
f 42/34/12 3/35/13 24/36/12
f 5/37/14 43/38/14 40/32/14
f 44/39/15 42/34/15 45/40/15
f 46/41/16 36/26/16 20/15/16
f 25/42/17 2/31/4 41/33/4
f 46/43/18 45/40/18 47/44/18
f 3/35/19 25/45/20 24/36/20
f 48/46/21 47/44/22 43/38/21
f 47/47/9 12/48/9 14/49/9
f 49/50/23 50/51/23 51/52/23
f 52/53/24 53/54/24 54/55/24
f 55/56/25 56/57/25 57/58/25
f 58/59/26 59/60/26 60/61/26
f 61/62/27 62/63/27 63/64/27
f 64/65/28 65/66/28 50/51/28
f 60/61/29 51/67/29 58/59/29
f 66/68/30 49/69/30 60/61/30
f 54/55/9 67/70/9 52/53/9
f 57/58/31 68/71/31 55/56/31
f 69/72/32 51/73/32 50/74/32
f 70/75/33 52/76/33 71/77/33
f 72/78/34 67/70/34 55/56/34
f 73/79/35 58/59/35 62/63/35
f 69/72/36 65/80/36 70/75/36
f 71/77/37 67/70/37 74/81/37
f 72/78/38 68/71/38 73/79/38
f 62/63/39 51/73/39 63/64/39
f 75/82/30 76/83/30 56/57/30
f 77/84/40 75/85/40 78/86/40
f 79/87/28 80/88/28 81/89/28
f 82/90/31 83/91/31 84/92/31
f 85/93/9 61/94/9 86/95/9
f 76/96/41 80/88/41 79/87/41
f 87/97/27 71/77/27 74/81/27
f 88/98/42 66/99/42 89/100/42
f 76/96/29 87/101/29 90/102/29
f 83/91/43 85/103/43 86/104/43
f 91/1/1 92/2/1 93/3/1
f 94/105/2 95/106/2 96/6/2
f 97/107/2 98/4/2 99/108/2
f 100/8/3 101/109/3 102/110/3
f 103/5/3 96/6/3 104/111/3
f 100/8/4 105/9/4 106/7/4
f 107/112/5 108/11/5 105/9/5
f 109/10/6 110/13/6 108/11/6
f 107/15/29 111/113/29 112/114/29
f 113/12/7 114/17/7 110/13/7
f 115/16/8 93/19/8 114/17/8
f 114/115/9 93/20/9 116/116/9
f 117/1/44 118/2/44 119/3/44
f 120/4/45 121/5/45 118/2/45
f 122/6/46 123/7/46 121/5/46
f 124/8/47 125/9/47 123/7/47
f 126/112/48 127/11/48 125/9/48
f 128/16/49 129/117/49 130/118/49
f 128/16/50 119/19/50 131/17/50
f 132/1/44 133/2/44 134/3/44
f 135/4/45 136/5/45 133/2/45
f 137/6/46 138/7/46 136/5/46
f 139/8/47 140/9/47 138/7/47
f 141/112/48 142/11/48 140/9/48
f 142/11/51 143/119/51 144/120/51
f 145/121/30 143/122/30 137/25/30
f 146/16/50 134/19/50 147/17/50
f 148/2/52 149/123/52 150/123/52
f 148/124/9 129/125/9 151/126/9
f 152/127/29 153/10/29 154/128/29
f 153/129/27 129/130/27 154/131/27
f 154/132/27 129/133/27 121/134/27
f 155/10/53 149/8/53 156/10/53
f 153/129/54 157/17/54 151/17/54
f 148/124/9 157/126/9 158/124/9
f 150/8/29 155/10/29 153/10/29
f 97/126/9 159/124/9 94/124/9
f 158/124/9 101/126/9 104/124/9
f 155/129/55 160/17/55 157/17/55
f 158/124/9 157/126/9 160/126/9
f 159/124/9 161/126/9 162/124/9
f 163/8/29 99/10/29 95/8/29
f 102/10/29 149/8/29 164/8/29
f 159/2/31 95/123/31 94/2/31
f 164/123/56 158/2/56 104/2/56
f 165/129/28 97/17/28 99/129/28
f 156/129/28 101/17/28 160/17/28
f 162/2/57 166/123/57 167/123/57
f 163/8/29 168/10/29 165/10/29
f 159/2/58 167/123/58 163/123/58
f 165/129/59 161/17/59 169/17/59
f 168/129/60 170/17/60 161/17/60
f 161/126/9 171/124/9 162/124/9
f 168/10/29 166/8/29 172/10/29
f 173/135/27 136/134/27 144/136/27
f 170/17/30 143/129/30 145/17/30
f 170/126/9 173/137/9 171/124/9
f 172/10/61 144/138/61 143/10/61
f 145/139/49 147/17/49 173/140/49
f 152/141/30 122/25/30 130/142/30
f 154/143/51 174/10/51 152/144/51
f 175/145/3 176/146/3 177/147/3
f 178/148/6 179/149/6 180/150/6
f 181/151/29 98/23/29 91/24/29
f 176/146/2 182/152/2 183/153/2
f 111/154/7 178/148/7 184/155/7
f 105/49/9 183/156/9 185/157/9
f 181/158/4 177/147/4 116/159/4
f 185/160/8 111/154/8 184/155/8
f 179/149/5 116/161/5 180/150/5
f 182/152/1 185/160/1 183/153/1
f 6/1/1 9/4/1 7/2/1
f 9/4/2 11/6/2 10/5/2
f 11/6/3 13/8/3 12/7/3
f 13/8/4 29/112/4 14/9/4
f 14/9/5 29/112/5 15/10/5
f 16/11/6 15/10/6 17/12/6
f 19/14/4 37/14/4 20/15/4
f 18/13/7 17/12/7 22/16/7
f 23/17/8 22/16/8 6/18/8
f 7/162/9 10/134/9 42/163/9
f 7/162/9 42/163/9 24/21/9
f 40/164/9 18/165/9 23/115/9
f 41/166/9 40/164/9 23/115/9
f 8/20/9 7/162/9 24/21/9
f 25/22/9 41/166/9 8/20/9
f 41/166/9 23/115/9 8/20/9
f 26/23/9 9/23/9 6/24/9
f 26/23/9 28/25/9 11/25/9
f 19/14/9 13/14/9 11/25/9
f 19/14/9 21/15/9 29/15/9
f 30/26/9 15/26/9 29/15/9
f 30/26/9 32/27/9 17/27/9
f 31/28/9 22/28/9 17/27/9
f 31/28/9 27/24/9 6/24/9
f 35/28/29 39/27/29 5/167/29
f 35/28/62 5/167/62 2/29/62
f 4/168/29 34/25/29 38/23/29
f 3/169/29 4/168/29 38/23/29
f 33/24/63 35/28/63 2/29/63
f 1/30/29 3/169/29 33/24/29
f 3/169/64 38/23/64 33/24/64
f 26/23/2 38/23/2 34/25/2
f 32/27/7 39/27/7 35/28/7
f 21/15/5 20/15/5 36/26/5
f 28/25/3 34/25/3 37/14/3
f 27/24/1 33/24/1 38/23/1
f 31/28/8 35/28/8 33/24/8
f 30/26/6 36/26/6 39/27/6
f 2/31/3 5/37/65 40/32/66
f 42/34/6 4/170/67 3/35/68
f 5/37/69 48/46/69 43/38/70
f 44/39/71 4/170/72 42/34/71
f 37/14/29 34/25/29 44/171/29
f 34/25/73 4/168/73 44/171/73
f 5/167/74 39/27/74 48/172/74
f 39/27/75 36/26/75 48/172/75
f 20/15/63 37/14/63 46/41/63
f 37/14/63 44/171/63 46/41/63
f 46/41/29 48/172/29 36/26/29
f 25/42/4 1/173/76 2/31/4
f 46/43/77 44/39/77 45/40/77
f 3/35/19 1/174/78 25/45/79
f 48/46/22 46/43/22 47/44/22
f 16/175/80 18/165/80 43/176/80
f 18/165/9 40/164/9 43/176/9
f 42/163/9 10/134/9 45/177/9
f 10/134/9 12/48/9 45/177/9
f 14/49/9 16/175/9 47/47/9
f 16/175/9 43/176/9 47/47/9
f 47/47/9 45/177/9 12/48/9
f 49/50/23 64/65/23 50/51/23
f 52/53/24 65/66/24 53/54/24
f 55/56/25 67/70/25 56/57/25
f 58/59/26 68/71/26 59/60/26
f 69/72/27 70/75/27 84/178/27
f 69/72/27 84/178/27 83/179/27
f 81/180/27 72/78/27 73/79/27
f 88/181/27 81/180/27 73/79/27
f 63/64/27 69/72/27 83/179/27
f 63/64/27 83/179/27 86/182/27
f 88/181/27 73/79/27 62/63/27
f 63/64/27 86/182/27 61/62/27
f 61/62/27 88/181/27 62/63/27
f 64/65/28 53/54/28 65/66/28
f 60/61/29 49/183/29 51/67/29
f 59/60/30 57/58/30 79/184/30
f 59/60/30 79/184/30 89/185/30
f 82/186/30 64/187/30 49/69/30
f 85/188/30 82/186/30 49/69/30
f 60/61/30 59/60/30 89/185/30
f 66/68/30 85/188/30 49/69/30
f 60/61/30 89/185/30 66/68/30
f 54/55/9 56/57/9 67/70/9
f 57/58/31 59/60/31 68/71/31
f 69/72/32 63/64/32 51/73/32
f 70/75/33 65/80/33 52/76/33
f 72/78/34 74/81/34 67/70/34
f 73/79/35 68/71/35 58/59/35
f 69/72/36 50/74/36 65/80/36
f 71/77/37 52/76/37 67/70/37
f 72/78/38 55/56/38 68/71/38
f 62/63/39 58/59/39 51/73/39
f 53/189/30 64/187/30 78/190/30
f 64/187/30 82/186/30 78/190/30
f 56/57/30 54/191/30 75/82/30
f 54/191/30 53/189/30 78/190/30
f 75/82/30 54/191/30 78/190/30
f 79/184/30 57/58/30 56/57/30
f 76/83/30 79/184/30 56/57/30
f 77/84/40 87/101/40 75/85/40
f 81/89/28 88/98/28 89/100/28
f 89/100/28 79/87/28 81/89/28
f 84/92/31 77/84/31 78/86/31
f 78/86/31 82/90/31 84/92/31
f 85/93/9 66/99/9 61/94/9
f 76/96/41 90/102/41 80/88/41
f 72/78/27 81/180/27 80/192/27
f 72/78/27 80/192/27 90/193/27
f 77/194/27 84/178/27 70/75/27
f 87/97/27 77/194/27 70/75/27
f 74/81/27 72/78/27 90/193/27
f 87/97/27 70/75/27 71/77/27
f 74/81/27 90/193/27 87/97/27
f 88/98/42 61/94/42 66/99/42
f 76/96/29 75/85/29 87/101/29
f 83/91/43 82/90/43 85/103/43
f 91/1/1 98/4/1 92/2/1
s 1
f 99/108/81 98/4/4 95/106/82
f 98/4/4 96/6/83 95/106/82
f 103/5/84 92/2/76 94/105/85
f 92/2/76 97/107/86 94/105/85
s 0
f 103/5/2 94/105/2 96/6/2
f 97/107/2 92/2/2 98/4/2
f 100/8/3 106/7/3 101/109/3
s 1
f 104/111/87 101/109/88 106/7/89
f 96/6/90 100/8/91 164/195/92
f 100/8/91 102/110/93 164/195/92
f 104/111/87 106/7/89 103/5/94
s 0
f 96/6/3 164/195/3 104/111/3
f 100/8/4 107/112/4 105/9/4
f 107/112/5 109/10/5 108/11/5
f 109/10/6 113/12/6 110/13/6
f 100/14/29 96/25/29 186/196/29
f 100/14/29 186/196/29 111/113/29
f 187/197/29 113/27/29 109/26/29
f 182/198/29 187/197/29 109/26/29
f 107/15/29 100/14/29 111/113/29
f 112/114/29 182/198/29 107/15/29
f 182/198/29 109/26/29 107/15/29
f 113/12/7 115/16/7 114/17/7
f 115/16/8 91/18/8 93/19/8
f 92/162/9 103/134/9 180/199/9
f 103/134/9 178/200/9 180/199/9
f 176/201/9 110/165/9 177/202/9
f 110/165/9 114/115/9 177/202/9
f 93/20/9 92/162/9 116/116/9
f 92/162/9 180/199/9 116/116/9
f 116/116/9 177/202/9 114/115/9
f 117/1/44 120/4/44 118/2/44
f 120/4/45 122/6/45 121/5/45
f 122/6/46 124/8/46 123/7/46
f 124/8/47 126/112/47 125/9/47
f 126/112/48 174/10/48 127/11/48
f 128/16/95 131/17/95 129/117/95
f 128/16/50 117/18/50 119/19/50
f 132/1/44 135/4/44 133/2/44
f 135/4/45 137/6/45 136/5/45
f 137/6/46 139/8/46 138/7/46
f 139/8/47 141/112/47 140/9/47
f 141/112/96 188/10/96 142/11/96
f 142/11/51 188/10/51 143/119/51
f 188/26/97 141/15/97 143/122/97
f 141/15/98 139/14/98 143/122/98
f 139/14/30 137/25/30 143/122/30
f 137/25/30 135/23/30 145/121/30
f 135/23/99 132/24/99 145/121/99
f 132/24/100 146/28/100 145/121/100
f 146/16/50 132/18/50 134/19/50
f 148/2/52 158/2/52 149/123/52
f 148/124/9 130/203/9 129/125/9
f 152/127/29 150/8/29 153/10/29
f 153/129/27 151/17/27 129/130/27
f 129/133/101 131/115/101 119/20/101
f 119/20/27 118/162/27 129/133/27
f 118/162/27 121/134/27 129/133/27
f 121/134/27 123/48/27 154/132/27
f 123/48/27 125/49/27 154/132/27
f 125/49/102 127/175/102 154/132/102
f 153/129/103 155/129/103 157/17/103
f 148/124/9 151/126/9 157/126/9
f 150/8/29 149/8/29 155/10/29
f 97/126/9 169/126/9 159/124/9
f 158/124/9 160/126/9 101/126/9
f 155/129/55 156/129/55 160/17/55
f 159/124/9 169/126/9 161/126/9
f 163/8/104 165/10/104 99/10/104
f 102/10/29 156/10/29 149/8/29
f 159/2/31 163/123/31 95/123/31
f 164/123/56 149/123/56 158/2/56
f 165/129/28 169/17/28 97/17/28
f 156/129/28 102/129/28 101/17/28
f 162/2/57 171/2/57 166/123/57
f 163/8/29 167/8/29 168/10/29
f 159/2/58 162/2/58 167/123/58
f 165/129/59 168/129/59 161/17/59
s 1
f 168/129/60 172/129/60 170/17/60
s 0
f 161/126/9 170/126/9 171/124/9
f 168/10/29 167/8/29 166/8/29
f 173/135/27 147/115/27 134/20/27
f 134/20/27 133/162/27 173/135/27
f 133/162/27 136/134/27 173/135/27
f 136/134/27 138/48/27 144/136/27
f 138/48/27 140/49/27 144/136/27
f 140/49/27 142/175/27 144/136/27
f 144/136/105 166/123/105 171/2/105
f 144/136/105 171/2/105 173/135/105
f 170/17/30 172/129/30 143/129/30
f 170/126/106 145/126/106 173/137/106
f 172/10/29 166/8/29 144/138/29
f 145/139/49 146/16/49 147/17/49
f 152/141/30 174/26/30 126/15/30
f 126/15/30 124/14/30 152/141/30
f 124/14/30 122/25/30 152/141/30
f 122/25/30 120/23/30 130/142/30
f 120/23/30 117/24/30 130/142/30
f 117/24/30 128/28/30 130/142/30
f 130/142/30 148/2/30 150/123/30
f 130/142/30 150/123/30 152/141/30
f 154/143/51 127/11/51 174/10/51
f 175/145/3 187/204/3 176/146/3
f 178/148/6 186/205/6 179/149/6
f 115/28/29 113/27/29 175/206/29
f 113/27/29 187/197/29 175/206/29
f 186/196/29 96/25/29 179/207/29
f 96/25/29 98/23/29 179/207/29
f 91/24/29 115/28/29 181/151/29
f 115/28/29 175/206/29 181/151/29
f 181/151/29 179/207/29 98/23/29
s 1
f 176/146/2 187/204/2 182/152/2
s 0
f 111/154/7 186/205/7 178/148/7
f 108/175/9 110/165/9 176/201/9
f 108/175/9 176/201/9 183/156/9
f 178/200/9 103/134/9 106/48/9
f 184/208/9 178/200/9 106/48/9
f 105/49/9 108/175/9 183/156/9
f 185/157/9 184/208/9 105/49/9
f 184/208/9 106/48/9 105/49/9
f 181/158/4 175/145/4 177/147/4
f 185/160/8 112/209/8 111/154/8
f 179/149/5 181/210/5 116/161/5
f 182/152/1 112/209/1 185/160/1
f 189/24/9 190/25/9 191/15/9
f 192/3/5 193/211/5 194/212/5
f 195/2/6 196/213/6 193/211/6
f 197/7/7 196/213/7 198/5/7
f 199/9/107 200/214/107 197/7/107
f 199/9/1 201/215/1 202/216/1
f 203/11/2 204/217/2 201/215/2
f 205/17/3 204/217/3 206/13/3
f 192/19/108 207/218/108 205/17/108
f 195/162/29 205/115/29 203/175/29
f 208/219/1 209/4/1 210/2/1
f 211/220/109 212/6/109 213/5/109
f 214/221/3 215/8/3 216/7/3
f 217/222/110 218/112/110 219/9/110
f 220/223/67 221/12/67 222/13/67
f 223/224/7 224/16/7 225/17/7
f 225/115/9 226/20/9 227/225/9
f 228/226/29 208/227/29 229/228/29
f 230/229/29 214/230/29 231/231/29
f 232/232/29 233/233/29 234/234/29
f 235/235/104 223/236/104 236/237/104
f 237/238/111 238/18/111 226/19/111
f 228/226/1 229/228/1 239/228/1
f 240/239/8 241/240/8 242/241/8
f 232/232/6 243/242/6 244/243/6
f 245/244/4 246/244/4 247/245/4
f 228/226/2 248/246/2 249/247/2
f 232/232/5 234/234/5 250/248/5
f 251/1/1 208/249/1 238/250/1
f 252/6/3 253/251/3 254/252/3
f 255/112/5 233/253/5 218/254/5
f 256/12/7 223/255/7 221/256/7
f 257/257/27 244/258/27 243/258/27
f 254/259/27 258/260/27 231/260/27
f 259/261/28 260/262/28 242/261/28
f 237/263/8 251/18/8 238/264/8
f 261/265/31 229/266/31 208/266/31
f 246/15/29 262/267/29 255/15/29
f 241/24/29 261/268/29 251/24/29
f 211/269/2 252/6/2 212/270/2
f 220/271/6 256/12/6 221/256/6
s 1
f 263/272/4 218/254/4 217/273/4
s 0
f 234/274/28 262/275/28 250/276/28
f 263/277/31 264/278/31 247/277/31
f 265/279/30 249/280/30 248/280/30
f 266/281/30 236/282/30 223/281/30
f 220/283/29 232/232/29 244/243/29
f 194/284/29 267/226/29 240/239/29
f 268/237/7 235/235/7 236/237/7
f 211/285/53 228/226/53 249/247/53
f 258/286/3 230/229/3 231/231/3
f 237/287/29 235/235/29 260/241/29
f 217/288/29 230/229/29 264/289/29
f 219/9/78 233/290/78 269/11/78
f 202/291/29 270/232/29 245/244/29
f 271/50/28 272/126/28 273/52/28
f 274/124/9 275/11/9 272/126/9
f 275/11/31 276/292/31 277/293/31
f 276/292/29 273/10/29 277/293/29
f 278/292/112 279/8/112 280/8/112
f 281/7/31 278/292/31 276/292/31
f 274/124/28 280/50/28 282/124/28
f 276/292/113 280/8/113 271/8/113
f 274/124/114 283/7/114 281/7/114
f 284/124/115 285/7/115 286/7/115
f 282/124/116 286/7/116 283/7/116
f 283/7/31 287/292/31 278/292/31
f 282/124/28 279/50/28 284/124/28
f 285/7/31 288/292/31 289/292/31
f 286/7/31 289/292/31 287/292/31
f 284/124/28 290/50/28 291/124/28
f 287/292/117 290/8/117 279/8/117
f 291/124/28 292/50/28 293/124/28
f 289/292/118 292/8/118 290/8/118
f 291/124/119 294/7/119 285/7/119
f 273/52/28 295/124/28 296/50/28
f 275/11/9 295/124/9 272/126/9
f 277/293/31 297/7/31 275/11/31
f 273/10/29 298/292/29 277/293/29
f 299/8/120 300/292/120 301/8/120
f 300/292/31 297/7/31 298/292/31
f 295/124/28 301/50/28 296/50/28
f 301/8/121 298/292/121 296/8/121
f 302/7/122 295/124/122 297/7/122
f 303/7/123 304/124/123 305/7/123
f 305/7/124 306/124/124 302/7/124
f 307/292/31 302/7/31 300/292/31
f 306/124/28 299/50/28 301/50/28
f 308/292/31 303/7/31 309/292/31
f 309/292/31 305/7/31 307/292/31
f 304/124/28 310/50/28 299/50/28
f 310/8/125 307/292/125 299/8/125
s 1
f 311/123/126 312/7/126 308/292/126
s 0
f 313/124/28 311/50/28 310/50/28
f 311/8/127 309/292/127 310/8/127
f 312/7/128 313/124/128 303/7/128
f 219/49/9 314/294/9 315/295/9
f 288/292/129 293/2/129 292/123/129
f 316/296/29 317/296/29 227/296/29
f 318/297/3 319/12/3 320/298/3
f 321/296/29 314/296/29 315/296/29
f 322/299/6 323/4/6 324/300/6
f 319/12/2 325/301/2 320/298/2
f 326/8/7 322/299/7 327/302/7
f 191/112/8 327/302/8 321/303/8
f 189/18/4 318/297/4 316/304/4
f 323/4/5 316/305/5 324/300/5
f 328/10/1 321/303/1 325/301/1
f 189/24/9 323/23/9 190/25/9
f 190/25/9 326/14/9 191/15/9
f 191/15/9 328/26/9 319/27/9
f 319/27/9 329/28/9 191/15/9
f 329/28/9 189/24/9 191/15/9
f 192/3/130 195/2/130 193/211/130
f 195/2/6 198/5/6 196/213/6
f 197/7/7 200/214/7 196/213/7
f 199/9/8 202/216/8 200/214/8
f 199/9/1 203/11/1 201/215/1
f 203/11/2 206/13/2 204/217/2
f 205/17/3 207/218/3 204/217/3
f 192/19/4 194/306/4 207/218/4
f 195/162/29 192/20/29 205/115/29
f 205/115/29 206/165/29 203/175/29
f 203/175/29 199/49/29 195/162/29
f 199/49/29 197/48/29 195/162/29
f 197/48/29 198/134/29 195/162/29
f 210/2/21 226/3/21 208/219/21
f 226/3/21 238/1/21 208/219/21
f 213/5/109 210/2/109 211/220/109
f 210/2/2 209/4/2 211/220/2
f 216/7/65 213/5/65 214/221/65
f 213/5/65 212/6/65 214/221/65
f 219/9/110 216/7/110 217/222/110
f 216/7/4 215/8/4 217/222/4
f 222/13/67 269/11/67 220/223/67
f 269/11/6 330/10/6 220/223/6
f 225/17/131 222/13/131 223/224/131
f 222/13/131 221/12/131 223/224/131
f 210/162/9 213/134/9 317/307/9
f 213/134/9 331/308/9 317/307/9
f 332/309/9 222/165/9 225/115/9
f 333/310/9 332/309/9 225/115/9
f 226/20/9 210/162/9 317/307/9
f 227/225/9 333/310/9 225/115/9
f 226/20/9 317/307/9 227/225/9
f 228/226/29 209/23/29 208/227/29
f 230/229/29 215/14/29 214/230/29
f 232/232/29 330/26/29 233/233/29
f 235/235/53 224/28/53 223/236/53
f 226/19/111 225/17/111 237/238/111
f 225/17/8 224/16/8 237/238/8
f 239/228/1 241/240/1 240/239/1
f 240/239/1 267/226/1 239/228/1
f 267/226/1 228/226/1 239/228/1
f 260/241/8 235/235/8 242/241/8
f 235/235/8 334/235/8 242/241/8
f 334/235/8 240/239/8 242/241/8
f 232/232/6 270/232/6 243/242/6
f 247/245/4 264/289/4 230/229/4
f 230/229/4 335/229/4 247/245/4
f 335/229/4 245/244/4 247/245/4
f 228/226/2 267/226/2 248/246/2
f 250/248/5 246/244/5 245/244/5
f 245/244/5 270/232/5 250/248/5
f 270/232/5 232/232/5 250/248/5
f 251/1/1 261/311/1 208/249/1
f 214/312/3 212/270/3 254/252/3
f 212/270/3 252/6/3 254/252/3
f 255/112/5 262/313/5 233/253/5
f 256/12/7 266/314/7 223/255/7
f 257/257/27 220/257/27 244/258/27
f 231/260/27 214/259/27 254/259/27
f 254/259/27 253/259/27 258/260/27
f 259/261/28 237/262/28 260/262/28
s 1
f 237/263/8 259/315/8 251/18/8
s 0
f 261/265/31 239/265/31 229/266/31
f 246/15/29 250/267/29 262/267/29
f 255/15/29 263/316/29 246/15/29
f 263/316/29 247/316/29 246/15/29
f 241/24/29 239/268/29 261/268/29
f 251/24/29 259/317/29 241/24/29
f 259/317/29 242/317/29 241/24/29
f 211/269/2 265/318/2 252/6/2
f 220/271/6 257/319/6 256/12/6
f 263/272/4 255/112/4 218/254/4
f 234/274/28 233/274/28 262/275/28
f 263/277/31 217/320/31 264/278/31
f 265/279/30 211/279/30 249/280/30
f 266/281/30 268/282/30 236/282/30
f 220/283/29 330/26/29 232/232/29
f 268/321/29 266/322/29 256/27/29
f 256/27/29 204/323/29 268/321/29
f 204/323/29 207/324/29 268/321/29
f 252/25/29 265/325/29 248/246/29
f 193/326/29 196/327/29 248/246/29
f 196/327/29 252/25/29 248/246/29
f 334/235/29 268/321/29 207/324/29
f 334/235/29 207/324/29 194/284/29
f 193/326/29 248/246/29 267/226/29
f 240/239/29 334/235/29 194/284/29
f 194/284/29 193/326/29 267/226/29
f 268/237/7 334/235/7 235/235/7
f 211/285/104 209/23/104 228/226/104
f 258/286/3 335/229/3 230/229/3
f 237/287/29 224/28/29 235/235/29
f 217/288/29 215/14/29 230/229/29
f 218/112/78 233/290/78 219/9/78
f 233/290/5 330/10/5 269/11/5
f 253/328/29 252/25/29 258/329/29
f 252/25/29 196/327/29 258/329/29
f 256/27/29 257/322/29 243/330/29
f 201/331/29 204/323/29 243/330/29
f 204/323/29 256/27/29 243/330/29
f 335/229/29 258/329/29 200/332/29
f 258/329/29 196/327/29 200/332/29
f 201/331/29 243/330/29 270/232/29
f 335/229/29 200/332/29 245/244/29
f 200/332/29 202/291/29 245/244/29
f 202/291/29 201/331/29 270/232/29
f 271/50/28 274/124/28 272/126/28
f 274/124/9 281/7/9 275/11/9
f 275/11/31 281/7/31 276/292/31
f 276/292/29 271/8/29 273/10/29
f 278/292/112 287/292/112 279/8/112
f 281/7/31 283/7/31 278/292/31
f 274/124/28 271/50/28 280/50/28
f 276/292/113 278/292/113 280/8/113
f 274/124/114 282/124/114 283/7/114
f 284/124/115 291/124/115 285/7/115
f 282/124/116 284/124/116 286/7/116
f 283/7/31 286/7/31 287/292/31
f 282/124/28 280/50/28 279/50/28
f 285/7/31 294/7/31 288/292/31
f 286/7/31 285/7/31 289/292/31
f 284/124/28 279/50/28 290/50/28
f 287/292/117 289/292/117 290/8/117
f 291/124/28 290/50/28 292/50/28
f 289/292/118 288/292/118 292/8/118
f 291/124/119 293/124/119 294/7/119
f 273/52/28 272/126/28 295/124/28
f 275/11/9 297/7/9 295/124/9
f 277/293/31 298/292/31 297/7/31
f 273/10/29 296/8/29 298/292/29
f 299/8/120 307/292/120 300/292/120
f 300/292/31 302/7/31 297/7/31
f 295/124/28 306/124/28 301/50/28
f 301/8/121 300/292/121 298/292/121
f 302/7/122 306/124/122 295/124/122
f 303/7/123 313/124/123 304/124/123
f 305/7/124 304/124/124 306/124/124
f 307/292/31 305/7/31 302/7/31
f 306/124/28 304/124/28 299/50/28
f 308/292/31 312/7/31 303/7/31
f 309/292/31 303/7/31 305/7/31
f 304/124/28 313/124/28 310/50/28
f 310/8/125 309/292/125 307/292/125
f 311/123/126 336/2/126 312/7/126
f 313/124/28 336/124/28 311/50/28
f 311/8/127 308/292/127 309/292/127
f 312/7/128 336/124/128 313/124/128
f 269/175/9 222/165/9 332/309/9
f 269/175/9 332/309/9 314/294/9
f 331/308/9 213/134/9 216/48/9
f 337/333/9 331/308/9 216/48/9
f 219/49/9 269/175/9 314/294/9
f 315/295/9 337/333/9 219/49/9
f 337/333/9 216/48/9 219/49/9
f 288/292/129 294/7/129 293/2/129
f 333/296/29 332/296/29 320/296/29
f 333/296/29 320/296/29 318/296/29
f 322/296/29 331/296/29 324/296/29
f 331/296/29 317/296/29 324/296/29
f 227/296/29 333/296/29 316/296/29
f 333/296/29 318/296/29 316/296/29
f 316/296/29 324/296/29 317/296/29
f 318/297/3 329/16/3 319/12/3
f 337/296/29 331/296/29 322/296/29
f 337/296/29 322/296/29 327/296/29
f 320/296/29 332/296/29 314/296/29
f 325/296/29 320/296/29 314/296/29
f 315/296/29 337/296/29 327/296/29
f 321/296/29 325/296/29 314/296/29
f 315/296/29 327/296/29 321/296/29
f 322/299/6 190/6/6 323/4/6
f 319/12/2 328/10/2 325/301/2
f 326/8/7 190/6/7 322/299/7
f 191/112/8 326/8/8 327/302/8
f 189/18/4 329/16/4 318/297/4
f 323/4/5 189/1/5 316/305/5
f 328/10/1 191/112/1 321/303/1
f 346/1/1 347/2/1 348/3/1
f 349/4/2 350/5/2 347/2/2
f 351/6/3 352/7/3 350/5/3
f 352/7/4 353/112/4 354/9/4
f 354/9/5 355/10/5 356/11/5
f 356/11/6 357/12/6 358/13/6
f 351/25/29 346/24/29 357/27/29
f 358/13/7 359/16/7 360/17/7
f 359/16/8 348/19/8 360/17/8
f 361/334/9 360/115/9 348/20/9
f 342/6/132 362/4/132 363/6/132
f 364/8/133 342/6/133 363/6/133
f 341/4/134 365/1/134 362/4/134
f 366/12/135 344/10/135 367/10/135
f 361/16/136 339/12/136 366/12/136
f 340/18/137 361/16/137 365/18/137
f 368/335/9 352/48/9 354/49/9
f 368/112/138 343/8/138 364/8/138
s 1
f 367/10/139 338/112/139 368/112/139
s 0
f 346/1/1 349/4/1 347/2/1
f 349/4/2 351/6/2 350/5/2
f 351/6/3 369/8/3 352/7/3
f 352/7/4 369/8/4 353/112/4
f 354/9/5 353/112/5 355/10/5
f 356/11/6 355/10/6 357/12/6
f 351/25/29 349/23/29 346/24/29
f 346/24/29 359/28/29 357/27/29
f 357/27/29 355/26/29 351/25/29
f 355/26/29 353/15/29 351/25/29
f 353/15/29 369/14/29 351/25/29
f 358/13/7 357/12/7 359/16/7
f 359/16/8 346/18/8 348/19/8
f 347/162/9 350/134/9 363/336/9
f 347/162/9 363/336/9 362/337/9
f 366/338/9 358/165/9 360/115/9
f 361/334/9 366/338/9 360/115/9
f 348/20/9 347/162/9 365/339/9
f 347/162/9 362/337/9 365/339/9
f 365/339/9 361/334/9 348/20/9
f 342/6/132 341/4/132 362/4/132
f 364/8/133 343/8/133 342/6/133
f 341/4/134 340/1/134 365/1/134
f 366/12/135 339/12/135 344/10/135
f 361/16/136 345/16/136 339/12/136
f 340/18/137 345/16/137 361/16/137
f 356/175/9 358/165/9 366/338/9
f 356/175/9 366/338/9 367/340/9
f 363/336/9 350/134/9 352/48/9
f 364/341/9 363/336/9 352/48/9
f 354/49/9 356/175/9 367/340/9
f 368/335/9 364/341/9 352/48/9
f 354/49/9 367/340/9 368/335/9
f 368/112/138 338/112/138 343/8/138
f 367/10/139 344/10/139 338/112/139
usemtl 9K32M_Strela-2M_1_Material_3
f 370/3/140 371/4/140 372/2/140
f 371/4/141 373/5/141 372/2/141
f 374/6/142 375/7/142 373/5/142
f 376/8/143 377/9/143 375/7/143
f 378/112/144 379/11/144 377/9/144
f 380/10/145 381/13/145 379/11/145
f 376/14/31 374/25/31 382/27/31
f 382/12/146 383/17/146 381/13/146
f 383/17/147 384/18/147 370/19/147
f 375/48/28 379/175/28 383/115/28
f 385/3/140 386/4/140 387/2/140
f 386/4/141 388/5/141 387/2/141
f 389/6/142 390/7/142 388/5/142
f 391/8/143 392/9/143 390/7/143
f 393/112/144 394/11/144 392/9/144
f 395/10/145 396/13/145 394/11/145
f 397/24/31 398/27/31 393/15/31
f 398/12/146 399/17/146 396/13/146
f 399/17/147 397/18/147 385/19/147
f 390/48/28 394/175/28 399/115/28
f 400/3/140 401/4/140 402/2/140
f 401/4/141 403/5/141 402/2/141
f 404/6/142 405/7/142 403/5/142
f 406/8/143 407/9/143 405/7/143
f 408/112/144 409/11/144 407/9/144
f 410/10/145 411/13/145 409/11/145
f 404/25/31 412/24/31 413/27/31
f 413/12/146 414/17/146 411/13/146
f 414/17/147 412/18/147 400/19/147
f 411/165/28 414/115/28 405/48/28
f 415/3/140 416/4/140 417/2/140
f 416/4/141 418/5/141 417/2/141
f 419/6/142 420/7/142 418/5/142
f 421/8/143 422/9/143 420/7/143
f 423/112/144 424/11/144 422/9/144
f 425/10/145 426/13/145 424/11/145
f 427/24/31 428/27/31 423/15/31
f 428/12/146 429/17/146 426/13/146
f 429/17/147 427/18/147 415/19/147
f 426/165/28 429/115/28 420/48/28
f 370/3/140 384/1/140 371/4/140
f 371/4/141 374/6/141 373/5/141
f 374/6/142 376/8/142 375/7/142
f 376/8/143 378/112/143 377/9/143
f 378/112/144 380/10/144 379/11/144
f 380/10/145 382/12/145 381/13/145
f 374/25/31 371/23/31 384/24/31
f 384/24/31 430/28/31 374/25/31
f 430/28/31 382/27/31 374/25/31
f 382/27/31 380/26/31 378/15/31
f 378/15/31 376/14/31 382/27/31
f 382/12/146 430/16/146 383/17/146
f 383/17/147 430/16/147 384/18/147
f 383/115/28 370/20/28 372/162/28
f 372/162/28 373/134/28 375/48/28
f 375/48/28 377/49/28 379/175/28
f 379/175/28 381/165/28 383/115/28
f 383/115/28 372/162/28 375/48/28
f 385/3/140 397/1/140 386/4/140
f 386/4/141 389/6/141 388/5/141
f 389/6/142 391/8/142 390/7/142
f 391/8/143 393/112/143 392/9/143
f 393/112/144 395/10/144 394/11/144
f 395/10/145 398/12/145 396/13/145
f 389/25/31 386/23/31 397/24/31
f 397/24/31 431/28/31 398/27/31
f 398/27/31 395/26/31 393/15/31
f 393/15/31 391/14/31 389/25/31
f 389/25/31 397/24/31 393/15/31
f 398/12/146 431/16/146 399/17/146
f 399/17/147 431/16/147 397/18/147
f 399/115/28 385/20/28 390/48/28
f 385/20/28 387/162/28 390/48/28
f 387/162/28 388/134/28 390/48/28
f 390/48/28 392/49/28 394/175/28
f 394/175/28 396/165/28 399/115/28
f 400/3/140 412/1/140 401/4/140
f 401/4/141 404/6/141 403/5/141
f 404/6/142 406/8/142 405/7/142
f 406/8/143 408/112/143 407/9/143
f 408/112/144 410/10/144 409/11/144
f 410/10/145 413/12/145 411/13/145
f 404/25/31 401/23/31 412/24/31
f 412/24/31 432/28/31 413/27/31
f 413/27/31 410/26/31 408/15/31
f 408/15/31 406/14/31 413/27/31
f 406/14/31 404/25/31 413/27/31
f 413/12/146 432/16/146 414/17/146
f 414/17/147 432/16/147 412/18/147
f 414/115/28 400/20/28 405/48/28
f 400/20/28 402/162/28 405/48/28
f 402/162/28 403/134/28 405/48/28
f 405/48/28 407/49/28 409/175/28
f 409/175/28 411/165/28 405/48/28
f 415/3/140 427/1/140 416/4/140
f 416/4/141 419/6/141 418/5/141
f 419/6/142 421/8/142 420/7/142
f 421/8/143 423/112/143 422/9/143
f 423/112/144 425/10/144 424/11/144
f 425/10/145 428/12/145 426/13/145
f 419/25/31 416/23/31 427/24/31
f 427/24/31 433/28/31 428/27/31
f 428/27/31 425/26/31 423/15/31
f 423/15/31 421/14/31 419/25/31
f 419/25/31 427/24/31 423/15/31
f 428/12/146 433/16/146 429/17/146
f 429/17/147 433/16/147 427/18/147
f 429/115/28 415/20/28 420/48/28
f 415/20/28 417/162/28 420/48/28
f 417/162/28 418/134/28 420/48/28
f 420/48/28 422/49/28 424/175/28
f 424/175/28 426/165/28 420/48/28
f 434/2/30 435/292/30 436/7/30
f 437/342/148 438/17/148 439/343/148
f 440/344/149 441/345/149 442/346/149
f 440/344/27 437/342/27 439/343/27
f 443/347/28 438/348/28 444/349/28
f 441/345/29 445/350/29 446/351/29
f 436/7/9 447/352/9 448/353/9
f 436/7/31 441/345/31 447/352/31
f 446/354/28 448/355/28 449/356/28
f 450/357/28 434/124/28 451/358/28
f 445/359/150 451/360/150 448/355/150
f 449/356/30 443/361/30 446/354/30
f 452/1/44 453/2/44 454/3/44
f 455/4/45 456/5/45 453/2/45
f 457/6/46 458/7/46 456/5/46
f 459/8/47 460/9/47 458/7/47
f 461/112/48 462/11/48 460/9/48
f 463/10/51 464/13/51 462/11/51
f 452/24/30 465/27/30 461/15/30
f 465/12/49 466/17/49 464/13/49
f 467/16/50 454/19/50 466/17/50
f 458/48/27 462/175/27 466/115/27
f 468/2/50 469/1/50 470/3/50
f 471/5/49 472/4/49 468/2/49
f 473/7/51 474/6/51 471/5/51
f 475/9/48 476/8/48 473/7/48
f 477/11/47 478/112/47 475/9/47
f 479/13/46 480/10/46 477/11/46
f 481/28/30 469/24/30 478/15/30
f 482/17/45 483/12/45 479/13/45
f 470/19/44 481/16/44 482/17/44
f 477/175/27 473/48/27 468/162/27
f 484/1/44 485/2/44 486/3/44
f 487/4/45 488/5/45 485/2/45
f 489/6/46 490/7/46 488/5/46
f 491/8/47 492/9/47 490/7/47
f 493/112/48 494/11/48 492/9/48
f 495/10/51 496/13/51 494/11/51
f 493/15/30 491/14/30 489/25/30
f 497/12/49 498/17/49 496/13/49
f 499/16/50 486/19/50 498/17/50
f 496/165/27 498/115/27 490/48/27
f 500/2/50 501/1/50 502/3/50
f 503/5/49 504/4/49 500/2/49
f 505/7/51 506/6/51 503/5/51
f 507/9/48 508/8/48 505/7/48
f 509/11/47 510/112/47 507/9/47
f 511/13/46 512/10/46 509/11/46
f 506/25/30 510/15/30 513/27/30
f 514/17/45 513/12/45 511/13/45
f 502/19/44 515/16/44 514/17/44
f 503/134/27 500/162/27 509/175/27
f 516/362/27 517/363/27 518/129/27
f 519/364/151 520/365/151 521/366/151
f 522/8/152 523/367/152 524/368/152
f 525/369/29 526/370/29 527/371/29
f 528/126/9 529/372/9 530/372/9
f 521/373/30 524/368/30 519/364/30
f 531/374/9 532/11/9 530/372/9
f 531/374/31 516/362/31 532/11/31
f 533/375/31 534/376/31 519/364/31
f 535/377/31 536/293/31 517/363/31
s 1
f 533/375/153 537/362/153 516/362/153
s 0
f 538/375/31 539/363/31 537/362/31
f 516/362/27 539/363/27 517/363/27
f 533/375/30 540/377/30 538/375/30
f 517/363/154 540/377/154 535/377/154
f 541/378/28 542/126/28 543/52/28
f 522/379/28 521/366/28 530/372/28
f 530/372/30 541/378/30 527/378/30
f 527/371/29 543/10/29 518/10/29
f 518/129/27 542/17/27 528/17/27
f 544/16/155 545/12/155 546/16/155
f 547/14/31 548/25/31 545/27/31
f 549/4/156 548/6/156 550/6/156
f 551/112/157 552/10/157 553/10/157
f 554/18/158 546/16/158 555/18/158
f 554/1/159 556/4/159 549/4/159
f 557/8/160 548/6/160 547/8/160
f 553/10/161 545/12/161 558/12/161
f 551/112/162 547/8/162 559/112/162
f 560/16/161 561/12/161 562/12/161
f 563/25/31 564/15/31 561/27/31
f 563/6/160 565/4/160 566/6/160
f 567/10/163 568/112/163 569/10/163
f 570/18/157 571/16/157 560/16/157
f 572/4/162 570/1/162 565/4/162
f 573/8/156 563/6/156 566/6/156
f 561/12/155 569/10/155 562/12/155
f 568/112/159 574/8/159 573/8/159
f 558/12/145 575/10/145 553/10/145
f 573/8/140 576/112/140 568/112/140
f 577/16/28 578/18/28 579/112/28
f 580/18/28 581/12/28 576/112/28
f 568/112/147 582/10/147 569/10/147
f 544/16/146 583/12/146 558/12/146
f 569/10/146 581/12/146 562/12/146
f 554/18/147 577/16/147 544/16/147
f 549/4/140 578/1/140 554/1/140
f 562/12/145 584/16/145 560/16/145
f 550/6/141 585/4/141 549/4/141
f 560/16/164 580/18/164 570/18/164
f 565/4/165 580/1/165 586/4/165
f 557/8/142 587/6/142 550/6/142
f 565/4/142 588/6/142 566/6/142
f 557/8/143 579/112/143 589/8/143
f 566/6/141 590/8/141 573/8/141
f 553/10/144 579/112/144 551/112/144
f 591/1/44 592/2/44 593/3/44
f 594/4/45 595/5/45 592/2/45
f 596/6/46 597/7/46 595/5/46
f 598/8/47 599/9/47 597/7/47
f 600/112/48 601/11/48 599/9/48
s 1
f 602/10/51 603/13/51 601/11/51
s 0
f 604/27/30 600/15/30 596/25/30
s 1
f 604/12/49 605/17/49 603/13/49
s 0
f 606/16/50 593/19/50 605/17/50
f 603/165/27 605/115/27 597/48/27
f 607/380/166 608/381/166 609/382/166
f 610/292/29 611/10/29 612/293/29
f 607/383/167 610/292/167 613/384/167
f 611/129/168 614/385/168 615/386/168
f 616/387/169 617/388/169 618/389/169
f 614/390/9 608/391/9 619/392/9
f 617/393/166 620/394/166 621/395/166
f 613/384/170 610/292/170 612/293/170
f 622/392/9 623/396/9 615/390/9
f 624/397/170 616/398/170 618/399/170
f 621/400/9 616/401/9 624/402/9
f 622/403/171 619/404/171 607/383/171
f 625/382/166 626/381/166 627/380/166
f 628/10/9 629/292/9 630/293/9
f 629/292/172 627/383/172 631/384/172
f 628/129/168 632/386/168 633/385/168
f 634/388/173 635/387/173 636/389/173
f 637/392/29 625/405/29 633/390/29
f 638/395/166 639/394/166 634/393/166
f 630/293/170 629/292/170 631/384/170
f 640/396/29 641/392/29 632/390/29
f 636/399/170 642/397/170 632/406/170
f 638/400/29 635/401/29 639/407/29
f 631/384/174 637/404/174 641/403/174
f 643/408/168 644/129/168 645/17/168
f 646/409/175 647/410/175 648/50/175
f 649/411/176 650/412/176 651/413/176
f 649/411/29 648/414/29 652/415/29
f 647/410/166 645/126/166 644/52/166
f 646/416/177 649/411/177 651/413/177
f 646/409/9 651/413/9 653/417/9
f 650/412/170 654/293/170 655/11/170
f 656/418/178 657/419/178 658/420/178
f 659/421/179 653/422/179 660/423/179
f 661/424/166 656/418/166 658/420/166
f 661/425/168 654/293/168 662/426/168
f 663/427/170 664/428/170 643/429/170
f 652/430/168 653/431/168 657/419/168
f 665/408/168 666/129/168 667/17/168
f 668/409/175 669/410/175 670/50/175
f 671/411/176 672/412/176 673/413/176
f 671/411/29 670/414/29 674/415/29
f 669/410/166 667/126/166 666/52/166
f 668/416/177 671/411/177 673/413/177
f 668/409/9 673/413/9 675/417/9
f 672/412/170 676/293/170 677/11/170
f 678/418/178 679/419/178 680/420/178
f 681/427/179 682/423/179 683/421/179
f 684/424/166 678/418/166 680/420/166
f 684/425/168 676/293/168 685/426/168
f 681/427/170 686/428/170 665/429/170
f 674/430/168 675/431/168 679/419/168
f 434/2/30 687/123/30 435/292/30
f 437/342/148 444/129/148 438/17/148
f 440/344/149 447/352/149 441/345/149
f 440/344/27 442/346/27 437/342/27
f 443/347/28 688/432/28 438/348/28
f 437/433/29 442/346/29 446/351/29
f 442/346/29 441/345/29 446/351/29
f 441/345/29 435/292/29 445/350/29
f 435/292/29 687/8/29 450/434/29
f 445/350/29 435/292/29 450/434/29
f 446/351/29 443/435/29 437/433/29
f 443/435/29 444/436/29 437/433/29
f 440/344/9 439/437/9 449/438/9
f 439/437/9 438/348/9 688/432/9
f 449/438/9 439/437/9 688/432/9
f 448/353/9 451/358/9 436/7/9
f 451/358/9 434/124/9 436/7/9
f 440/344/9 449/438/9 447/352/9
f 449/438/9 448/353/9 447/352/9
f 436/7/31 435/292/31 441/345/31
f 446/354/28 445/359/28 448/355/28
f 450/357/28 687/50/28 434/124/28
f 445/359/150 450/439/150 451/360/150
f 449/356/30 688/440/30 443/361/30
f 452/1/180 455/4/180 453/2/180
f 455/4/45 457/6/45 456/5/45
f 457/6/46 459/8/46 458/7/46
f 459/8/47 461/112/47 460/9/47
f 461/112/48 463/10/48 462/11/48
f 463/10/51 465/12/51 464/13/51
f 457/25/30 455/23/30 452/24/30
f 452/24/30 467/28/30 465/27/30
f 465/27/30 463/26/30 461/15/30
f 461/15/30 459/14/30 457/25/30
f 457/25/30 452/24/30 461/15/30
f 465/12/49 467/16/49 466/17/49
f 467/16/50 452/18/50 454/19/50
f 466/115/27 454/20/27 453/162/27
f 453/162/27 456/134/27 458/48/27
f 458/48/27 460/49/27 462/175/27
f 462/175/27 464/165/27 466/115/27
f 466/115/27 453/162/27 458/48/27
f 468/2/50 472/4/50 469/1/50
f 471/5/49 474/6/49 472/4/49
f 473/7/51 476/8/51 474/6/51
f 475/9/48 478/112/48 476/8/48
f 477/11/47 480/10/47 478/112/47
f 479/13/46 483/12/46 480/10/46
f 469/24/30 472/23/30 478/15/30
f 472/23/30 474/25/30 478/15/30
f 474/25/30 476/14/30 478/15/30
f 478/15/30 480/26/30 483/27/30
f 483/27/30 481/28/30 478/15/30
f 482/17/45 481/16/45 483/12/45
f 470/19/44 469/18/44 481/16/44
f 468/162/27 470/20/27 482/115/27
f 482/115/27 479/165/27 477/175/27
f 477/175/27 475/49/27 473/48/27
f 473/48/27 471/134/27 468/162/27
f 468/162/27 482/115/27 477/175/27
f 484/1/44 487/4/44 485/2/44
f 487/4/45 489/6/45 488/5/45
f 489/6/46 491/8/46 490/7/46
f 491/8/47 493/112/47 492/9/47
f 493/112/48 495/10/48 494/11/48
f 495/10/51 497/12/51 496/13/51
f 489/25/30 487/23/30 484/24/30
f 484/24/30 499/28/30 489/25/30
f 499/28/30 497/27/30 489/25/30
f 497/27/30 495/26/30 489/25/30
f 495/26/30 493/15/30 489/25/30
f 497/12/49 499/16/49 498/17/49
f 499/16/50 484/18/50 486/19/50
f 498/115/27 486/20/27 485/162/27
f 485/162/27 488/134/27 498/115/27
f 488/134/27 490/48/27 498/115/27
f 490/48/27 492/49/27 494/175/27
f 494/175/27 496/165/27 490/48/27
f 500/2/50 504/4/50 501/1/50
f 503/5/49 506/6/49 504/4/49
f 505/7/51 508/8/51 506/6/51
f 507/9/48 510/112/48 508/8/48
f 509/11/47 512/10/47 510/112/47
f 511/13/46 513/12/46 512/10/46
f 501/24/30 504/23/30 506/25/30
f 506/25/30 508/14/30 510/15/30
f 510/15/30 512/26/30 513/27/30
f 513/27/30 515/28/30 501/24/30
f 501/24/30 506/25/30 513/27/30
f 514/17/45 515/16/45 513/12/45
f 502/19/44 501/18/44 515/16/44
f 500/162/27 502/20/27 514/115/27
f 514/115/27 511/165/27 500/162/27
f 511/165/27 509/175/27 500/162/27
f 509/175/27 507/49/27 505/48/27
f 505/48/27 503/134/27 509/175/27
f 518/129/27 528/17/27 516/362/27
f 528/17/27 532/11/27 516/362/27
f 517/363/27 536/293/27 518/129/27
f 519/364/151 534/376/151 520/365/151
f 522/8/152 526/370/152 523/367/152
f 518/10/29 536/293/29 527/371/29
f 536/293/29 525/369/29 527/371/29
f 525/369/29 523/367/29 526/370/29
f 528/126/9 542/126/9 529/372/9
f 521/373/30 522/441/30 524/368/30
f 532/11/9 528/126/9 530/372/9
f 530/372/9 520/365/9 531/374/9
f 520/365/9 534/376/9 531/374/9
f 531/374/31 533/375/31 516/362/31
f 523/367/31 525/369/31 535/377/31
f 533/375/31 531/374/31 534/376/31
f 523/367/31 535/377/31 524/368/31
f 535/377/31 533/375/31 524/368/31
f 519/364/31 524/368/31 533/375/31
f 535/377/31 525/369/31 536/293/31
f 533/375/153 538/375/153 537/362/153
f 538/375/31 540/377/31 539/363/31
f 516/362/27 537/362/27 539/363/27
f 533/375/30 535/377/30 540/377/30
f 517/363/154 539/363/154 540/377/154
f 541/378/28 529/372/28 542/126/28
f 520/365/28 530/372/28 521/366/28
f 530/372/28 527/378/28 522/379/28
f 527/378/28 526/442/28 522/379/28
f 530/372/30 529/372/30 541/378/30
f 527/371/29 541/371/29 543/10/29
f 518/129/27 543/129/27 542/17/27
f 544/16/155 558/12/155 545/12/155
f 548/25/31 556/23/31 555/24/31
f 555/24/31 546/28/31 548/25/31
f 546/28/31 545/27/31 548/25/31
f 545/27/31 552/26/31 559/15/31
f 559/15/31 547/14/31 545/27/31
f 549/4/156 556/4/156 548/6/156
f 551/112/181 559/112/181 552/10/181
f 554/18/163 544/16/163 546/16/163
f 554/1/182 555/1/182 556/4/182
f 557/8/160 550/6/160 548/6/160
f 553/10/161 552/10/161 545/12/161
f 551/112/183 557/8/183 547/8/183
f 560/16/161 571/16/161 561/12/161
f 689/24/31 572/23/31 563/25/31
f 563/25/31 574/14/31 564/15/31
f 564/15/31 567/26/31 561/27/31
f 561/27/31 571/28/31 689/24/31
f 689/24/31 563/25/31 561/27/31
f 563/6/160 572/4/160 565/4/160
f 567/10/158 564/112/158 568/112/158
s 1
f 570/18/181 689/18/181 571/16/181
s 0
f 572/4/162 689/1/162 570/1/162
f 573/8/156 574/8/156 563/6/156
f 561/12/155 567/10/155 569/10/155
f 568/112/182 564/112/182 574/8/182
f 558/12/145 583/12/145 575/10/145
f 573/8/184 590/8/184 576/112/184
f 578/18/28 585/4/28 587/6/28
f 587/6/28 589/8/28 578/18/28
f 589/8/28 579/112/28 578/18/28
f 579/112/28 575/10/28 583/12/28
f 583/12/28 577/16/28 579/112/28
f 588/6/28 586/4/28 580/18/28
f 580/18/28 584/16/28 581/12/28
f 581/12/28 582/10/28 576/112/28
f 576/112/28 590/8/28 588/6/28
f 588/6/28 580/18/28 576/112/28
f 568/112/185 576/112/185 582/10/185
f 544/16/146 577/16/146 583/12/146
f 569/10/146 582/10/146 581/12/146
f 554/18/147 578/18/147 577/16/147
f 549/4/140 585/4/140 578/1/140
f 562/12/145 581/12/145 584/16/145
f 550/6/141 587/6/141 585/4/141
f 560/16/186 584/16/186 580/18/186
f 565/4/143 570/1/143 580/1/143
f 557/8/142 589/8/142 587/6/142
f 565/4/142 586/4/142 588/6/142
f 557/8/143 551/112/143 579/112/143
f 566/6/141 588/6/141 590/8/141
f 553/10/144 575/10/144 579/112/144
f 591/1/44 594/4/44 592/2/44
f 594/4/45 596/6/45 595/5/45
f 596/6/46 598/8/46 597/7/46
f 598/8/47 600/112/47 599/9/47
f 600/112/48 602/10/48 601/11/48
f 602/10/51 604/12/51 603/13/51
f 596/25/30 594/23/30 591/24/30
f 591/24/30 606/28/30 604/27/30
f 604/27/30 602/26/30 600/15/30
f 600/15/30 598/14/30 596/25/30
f 596/25/30 591/24/30 604/27/30
f 604/12/49 606/16/49 605/17/49
f 606/16/50 591/18/50 593/19/50
f 605/115/27 593/20/27 592/162/27
f 592/162/27 595/134/27 605/115/27
f 595/134/27 597/48/27 605/115/27
f 597/48/27 599/49/27 601/175/27
f 601/175/27 603/165/27 597/48/27
f 609/382/166 611/52/166 607/380/166
f 611/52/166 690/50/166 607/380/166
f 610/292/29 690/8/29 611/10/29
f 607/383/167 690/123/167 610/292/167
f 611/129/168 609/443/168 614/385/168
f 614/385/168 621/444/168 615/386/168
f 621/444/168 624/445/168 615/386/168
f 615/386/168 623/446/168 612/293/168
f 612/293/168 611/129/168 615/386/168
f 616/387/169 620/447/169 617/388/169
f 614/390/9 609/405/9 608/391/9
f 621/395/166 614/406/166 617/393/166
f 614/406/166 619/448/166 617/393/166
f 612/293/170 623/446/170 613/384/170
f 623/446/170 691/449/170 613/384/170
f 622/392/9 691/450/9 623/396/9
f 618/399/170 622/448/170 615/406/170
f 615/406/170 624/397/170 618/399/170
f 621/400/9 620/407/9 616/401/9
f 613/384/171 691/449/171 622/403/171
f 622/403/171 618/389/171 619/404/171
f 618/389/171 617/388/171 619/404/171
f 619/404/171 608/451/171 607/383/171
f 607/383/171 613/384/171 622/403/171
f 692/50/166 628/52/166 627/380/166
f 628/52/166 625/382/166 627/380/166
f 628/10/9 692/8/9 629/292/9
f 629/292/172 692/123/172 627/383/172
f 633/385/168 625/443/168 628/129/168
f 628/129/168 630/293/168 632/386/168
f 630/293/168 640/446/168 632/386/168
f 632/386/168 642/445/168 638/444/168
f 632/386/168 638/444/168 633/385/168
f 634/388/173 639/447/173 635/387/173
f 637/392/29 626/391/29 625/405/29
f 637/448/166 633/406/166 634/393/166
f 633/406/166 638/395/166 634/393/166
f 693/449/170 640/446/170 631/384/170
f 640/446/170 630/293/170 631/384/170
f 640/396/29 693/450/29 641/392/29
f 632/406/170 641/448/170 636/399/170
f 636/399/170 635/398/170 642/397/170
f 638/400/29 642/402/29 635/401/29
f 641/403/174 693/449/174 631/384/174
f 631/384/174 627/383/174 637/404/174
f 627/383/174 626/451/174 637/404/174
f 637/404/174 634/388/174 636/389/174
f 637/404/174 636/389/174 641/403/174
f 643/408/168 664/452/168 644/129/168
f 646/409/175 694/453/175 647/410/175
f 649/411/176 695/454/176 650/412/176
f 662/455/29 654/293/29 656/456/29
f 654/293/29 695/454/29 656/456/29
f 647/457/29 644/10/29 659/458/29
f 644/10/29 664/459/29 659/458/29
f 652/415/29 656/456/29 695/454/29
f 648/414/29 647/457/29 660/460/29
f 647/457/29 659/458/29 660/460/29
f 652/415/29 695/454/29 649/411/29
f 648/414/29 660/460/29 652/415/29
f 647/410/166 694/453/166 645/126/166
f 646/416/177 648/461/177 649/411/177
f 643/462/9 645/126/9 663/463/9
f 645/126/9 694/453/9 663/463/9
f 650/412/9 655/11/9 658/464/9
f 655/11/9 661/465/9 658/464/9
f 653/417/9 663/463/9 694/453/9
f 651/413/9 650/412/9 657/466/9
f 650/412/9 658/464/9 657/466/9
f 653/417/9 694/453/9 646/409/9
f 651/413/9 657/466/9 653/417/9
f 650/412/170 695/454/170 654/293/170
f 656/418/178 652/430/178 657/419/178
f 659/421/179 663/427/179 653/422/179
f 661/424/166 662/467/166 656/418/166
f 661/425/168 655/11/168 654/293/168
f 663/427/170 659/421/170 664/428/170
f 652/430/168 660/468/168 653/431/168
f 665/408/168 686/452/168 666/129/168
f 668/409/175 696/453/175 669/410/175
f 671/411/176 697/454/176 672/412/176
f 685/455/29 676/293/29 678/456/29
f 676/293/29 697/454/29 678/456/29
f 669/457/29 666/10/29 683/458/29
f 666/10/29 686/459/29 683/458/29
f 674/415/29 678/456/29 697/454/29
f 670/414/29 669/457/29 682/460/29
f 669/457/29 683/458/29 682/460/29
f 674/415/29 697/454/29 671/411/29
f 670/414/29 682/460/29 674/415/29
f 669/410/166 696/453/166 667/126/166
f 668/416/177 670/461/177 671/411/177
f 665/462/9 667/126/9 681/463/9
f 667/126/9 696/453/9 681/463/9
f 672/412/9 677/11/9 680/464/9
f 677/11/9 684/465/9 680/464/9
f 675/417/9 681/463/9 696/453/9
f 673/413/9 672/412/9 679/466/9
f 672/412/9 680/464/9 679/466/9
f 675/417/9 696/453/9 668/409/9
f 673/413/9 679/466/9 675/417/9
f 672/412/170 697/454/170 676/293/170
f 678/418/178 674/430/178 679/419/178
f 681/427/179 675/422/179 682/423/179
f 684/424/166 685/467/166 678/418/166
f 684/425/168 677/11/168 676/293/168
f 681/427/170 683/421/170 686/428/170
f 674/430/168 682/468/168 675/431/168
f 698/469/187 699/470/187 700/471/187
f 698/469/188 701/472/188 702/473/188
f 700/471/27 703/474/27 704/475/27
f 705/1/189 706/2/189 707/3/189
f 708/4/190 709/5/190 706/2/190
f 709/5/191 710/8/191 711/7/191
f 711/7/192 712/112/192 713/9/192
f 707/3/166 714/9/166 715/3/166
f 708/4/170 705/1/170 712/112/170
f 713/9/166 706/2/166 709/5/166
f 707/3/9 716/476/9 717/1/9
f 705/1/170 717/1/170 718/477/170
f 713/9/29 712/112/29 719/112/29
f 720/478/193 721/479/193 722/480/193
f 723/17/193 716/481/193 724/482/193
f 725/483/194 726/484/194 727/485/194
f 727/485/27 728/486/27 729/487/27
f 730/488/195 731/123/195 732/489/195
f 733/490/196 734/491/196 731/50/196
f 735/492/197 736/493/197 737/494/197
f 738/495/198 739/496/198 736/493/198
f 714/497/28 740/498/28 715/499/28
f 730/488/30 735/492/30 737/494/30
f 741/500/29 742/501/29 743/502/29
f 744/503/9 745/504/9 737/494/9
f 739/496/31 726/484/31 746/505/31
f 747/506/9 748/507/9 749/508/9
f 750/10/199 751/509/199 752/510/199
f 719/511/200 753/512/200 750/52/200
f 754/513/201 728/514/201 755/515/201
f 756/516/202 729/517/202 728/514/202
f 702/518/27 701/519/27 757/520/27
f 758/126/28 717/521/28 759/522/28
f 754/513/29 751/509/29 760/523/29
s 1
f 757/520/31 747/506/31 729/517/31
s 0
f 761/524/9 699/470/9 762/525/9
f 763/526/27 750/527/27 753/528/27
f 763/529/203 761/524/203 762/525/203
f 704/475/28 764/530/28 701/472/28
f 765/124/31 766/531/31 767/532/31
f 703/533/204 763/534/204 766/531/204
f 768/7/29 769/535/29 770/536/29
f 771/537/31 772/538/31 773/539/31
f 774/540/205 775/541/205 742/542/205
f 773/543/29 772/544/29 734/545/29
f 776/546/206 777/547/206 744/548/206
f 777/547/207 745/549/207 744/548/207
f 778/550/30 779/551/30 780/552/30
f 742/542/28 776/546/28 774/540/28
f 781/553/208 782/554/208 783/555/208
f 745/549/27 782/554/27 784/556/27
f 771/557/9 780/558/9 785/559/9
f 773/560/209 780/552/209 771/561/209
f 772/538/210 781/562/210 783/563/210
f 748/564/28 786/565/28 770/566/28
f 787/567/27 788/568/27 758/17/27
f 749/569/31 789/570/31 787/571/31
f 770/566/27 749/572/27 748/564/27
f 790/1/1 791/2/1 792/3/1
f 793/4/2 794/5/2 791/2/2
f 795/6/3 796/7/3 794/5/3
f 797/11/211 798/10/211 799/10/211
f 797/11/6 800/12/6 801/13/6
f 802/573/29 793/23/29 790/24/29
f 801/13/7 803/16/7 804/17/7
f 803/16/8 792/19/8 804/17/8
f 805/574/9 804/115/9 792/20/9
f 806/175/9 807/49/9 808/48/9
f 806/11/212 809/10/212 798/10/212
f 810/8/213 808/7/213 796/7/213
f 809/26/29 811/14/29 812/15/29
f 811/8/31 813/7/31 808/7/31
f 809/10/27 813/7/27 814/8/27
f 815/575/3 816/576/3 805/577/3
f 799/26/29 812/15/29 817/578/29
f 818/579/6 802/580/6 819/581/6
f 796/48/214 807/49/214 820/582/214
f 821/583/2 822/584/2 816/576/2
f 823/585/7 818/579/7 824/586/7
f 823/585/8 824/586/8 825/587/8
f 815/575/4 805/577/4 826/588/4
f 827/589/5 819/581/5 802/580/5
f 828/590/1 822/584/1 829/591/1
f 830/592/1 831/4/1 832/2/1
f 832/2/2 833/6/2 834/5/2
f 834/5/3 835/8/3 836/7/3
f 836/7/4 835/8/4 837/593/4
f 838/10/5 839/11/5 840/594/5
f 838/10/6 841/13/6 839/11/6
f 838/26/29 842/15/29 843/595/29
f 844/12/7 845/17/7 841/13/7
f 845/17/8 846/16/8 847/596/8
f 848/49/215 849/597/215 836/48/215
f 850/598/216 827/599/216 851/600/216
f 820/601/217 828/602/217 848/603/217
f 842/604/29 852/605/29 853/606/29
f 854/607/218 830/608/218 855/609/218
f 830/129/31 827/17/31 855/129/31
f 825/17/31 837/129/31 856/129/31
f 852/292/28 828/7/28 853/292/28
f 857/7/28 858/292/28 826/7/28
f 859/610/3 860/611/3 861/612/3
f 862/613/6 863/614/6 864/615/6
f 854/24/219 859/616/219 865/617/219
f 860/611/2 866/618/2 867/619/2
f 868/620/7 862/613/7 869/621/7
f 849/622/8 868/620/8 869/621/8
f 870/623/4 859/610/4 861/612/4
f 851/20/220 864/624/220 870/625/220
f 863/614/5 870/626/5 864/615/5
f 866/618/1 849/622/1 867/619/1
f 871/1/140 872/2/140 873/3/140
s 1
f 872/2/141 874/6/141 875/5/141
s 0
f 874/6/221 876/7/221 875/5/221
f 877/13/28 878/17/28 872/2/28
f 874/6/31 879/4/31 880/16/31
f 881/10/222 877/13/222 882/11/222
f 876/7/29 881/10/29 882/11/29
f 883/12/146 878/17/146 877/13/146
f 880/16/147 873/19/147 878/17/147
f 884/50/28 885/126/28 886/52/28
f 887/124/9 888/11/9 885/126/9
f 889/7/31 890/293/31 888/11/31
f 891/292/29 886/10/29 890/293/29
f 888/11/27 886/129/27 885/17/27
f 887/2/30 891/292/30 889/7/30
f 698/469/187 702/473/187 699/470/187
f 698/469/188 704/475/188 701/472/188
f 765/2/27 768/7/27 704/475/27
f 704/475/27 698/469/27 700/471/27
f 700/471/27 761/627/27 703/474/27
f 761/627/27 892/628/27 703/474/27
f 703/474/27 765/2/27 704/475/27
f 705/1/189 708/4/189 706/2/189
f 708/4/190 893/6/190 709/5/190
f 709/5/191 893/6/191 710/8/191
f 711/7/192 710/8/192 712/112/192
f 707/3/166 713/9/166 714/9/166
f 712/112/170 710/8/170 893/6/170
f 893/6/170 708/4/170 712/112/170
f 709/5/166 711/7/166 713/9/166
f 713/9/166 707/3/166 706/2/166
f 717/1/9 705/1/9 707/3/9
f 707/3/223 715/3/223 724/629/223
f 716/476/224 894/630/224 717/1/224
f 707/3/9 724/629/9 716/476/9
f 718/477/170 719/112/170 712/112/170
f 712/112/170 705/1/170 718/477/170
f 719/112/29 895/631/29 722/632/29
f 721/633/29 714/9/29 713/9/29
f 719/112/29 722/632/29 713/9/29
f 722/632/29 721/633/29 713/9/29
f 720/478/193 896/129/193 721/479/193
f 723/17/193 785/634/193 716/481/193
f 725/483/194 746/505/194 726/484/194
f 759/635/27 894/636/27 716/481/27
f 720/478/27 722/480/27 752/637/27
f 722/480/27 895/638/27 752/637/27
f 759/635/27 716/481/27 785/634/27
f 747/639/27 759/635/27 785/634/27
f 720/478/27 752/637/27 751/640/27
f 720/478/27 751/640/27 755/641/27
f 747/639/27 785/634/27 725/483/27
f 729/487/27 747/639/27 725/483/27
f 727/485/27 720/478/27 755/641/27
f 727/485/27 755/641/27 728/486/27
f 729/487/27 725/483/27 727/485/27
f 730/488/195 733/2/195 731/123/195
f 733/490/196 740/498/196 734/491/196
s 1
f 735/492/197 738/495/197 736/493/197
s 0
f 738/495/198 743/502/198 739/496/198
f 714/497/28 721/642/28 896/643/28
f 896/643/28 734/491/28 714/497/28
f 734/491/28 740/498/28 714/497/28
f 740/498/28 723/644/28 715/499/28
f 723/644/28 724/645/28 715/499/28
f 730/488/30 732/489/30 735/492/30
f 738/495/29 735/492/29 777/646/29
f 735/492/29 732/647/29 897/648/29
f 732/647/29 731/649/29 783/650/29
f 732/647/29 783/650/29 782/651/29
f 726/484/29 743/502/29 742/501/29
f 743/502/29 738/495/29 777/646/29
f 741/500/104 743/502/104 777/646/104
f 775/652/104 727/485/104 742/501/104
f 727/485/29 726/484/29 742/501/29
f 732/647/29 782/651/29 897/648/29
f 735/492/29 897/648/29 777/646/29
f 737/494/9 736/493/9 744/503/9
f 736/493/9 739/496/9 744/503/9
f 739/496/9 746/505/9 774/653/9
f 746/505/223 725/483/223 774/653/223
f 725/483/9 779/654/9 774/653/9
f 733/490/9 730/655/9 781/656/9
f 730/655/9 737/494/9 784/657/9
f 784/657/9 781/656/9 730/655/9
f 739/496/9 774/653/9 776/658/9
f 739/496/9 776/658/9 744/503/9
f 745/504/9 784/657/9 737/494/9
f 739/496/31 743/502/31 726/484/31
f 747/506/9 898/11/9 748/507/9
f 898/11/9 899/659/9 748/507/9
f 758/126/9 759/522/9 749/508/9
f 759/522/9 747/506/9 749/508/9
f 749/508/9 787/660/9 758/126/9
f 750/10/199 760/523/199 751/509/199
f 719/511/200 718/661/200 753/512/200
f 750/52/200 752/662/200 719/511/200
f 752/662/200 895/663/200 719/511/200
f 754/513/201 756/516/201 728/514/201
f 756/516/202 757/520/202 729/517/202
f 756/516/27 754/513/27 702/518/27
s 1
f 754/513/27 760/664/27 699/665/27
s 0
f 760/664/27 762/666/27 699/665/27
f 754/513/27 699/665/27 702/518/27
f 786/667/27 899/668/27 764/669/27
f 899/668/27 898/11/27 764/669/27
f 701/519/27 764/669/27 757/520/27
f 764/669/27 898/11/27 757/520/27
f 756/516/27 702/518/27 757/520/27
f 758/126/28 753/512/28 717/521/28
f 753/512/28 718/661/28 717/521/28
f 717/521/28 894/670/28 759/522/28
f 754/513/29 755/515/29 751/509/29
f 757/520/31 898/11/31 747/506/31
f 761/524/9 700/471/9 699/470/9
f 758/17/27 788/568/27 767/671/27
f 758/17/27 767/671/27 753/528/27
f 767/671/27 766/672/27 753/528/27
f 762/666/27 760/664/27 763/526/27
f 760/664/27 750/527/27 763/526/27
f 766/672/27 763/526/27 753/528/27
f 763/529/203 892/8/203 761/524/203
f 704/475/28 768/7/28 764/530/28
f 765/124/31 703/533/31 766/531/31
f 703/533/204 892/50/204 763/534/204
f 786/673/29 764/530/29 770/536/29
f 764/530/29 768/7/29 770/536/29
f 768/7/29 765/124/29 769/535/29
f 765/124/53 767/532/53 788/674/53
f 788/674/29 789/675/29 769/535/29
f 765/124/29 788/674/29 769/535/29
f 771/537/31 900/676/31 772/538/31
f 774/540/205 779/551/205 775/541/205
f 720/677/29 727/485/29 775/652/29
f 720/677/29 775/652/29 778/678/29
f 734/545/29 896/679/29 773/543/29
f 896/679/29 720/677/29 773/543/29
f 783/650/29 731/649/29 734/545/29
f 772/544/29 783/650/29 734/545/29
f 720/677/29 778/678/29 773/543/29
f 776/546/206 741/680/206 777/547/206
f 777/547/207 897/681/207 745/549/207
f 778/550/30 775/541/30 779/551/30
f 742/542/28 741/680/28 776/546/28
f 781/553/208 784/556/208 782/554/208
f 745/549/27 897/681/27 782/554/27
f 740/498/9 733/490/9 781/656/9
f 740/498/9 781/656/9 900/682/9
f 785/559/9 723/644/9 771/557/9
f 723/644/9 740/498/9 771/557/9
f 779/654/9 725/483/9 785/559/9
f 780/558/9 779/654/9 785/559/9
f 740/498/223 900/682/223 771/557/223
f 773/560/209 778/550/209 780/552/209
f 772/538/210 900/676/210 781/562/210
f 748/564/28 899/683/28 786/565/28
f 787/567/27 789/684/27 788/568/27
f 749/569/31 769/685/31 789/570/31
f 770/566/27 769/686/27 749/572/27
f 790/1/1 793/4/1 791/2/1
f 793/4/2 795/6/2 794/5/2
f 795/6/3 810/8/3 796/7/3
f 797/11/225 806/11/225 798/10/225
f 797/11/6 799/10/6 800/12/6
f 802/573/104 901/687/104 793/23/104
f 901/687/29 795/25/29 793/23/29
f 803/28/29 800/27/29 821/688/29
f 803/28/29 821/688/29 815/689/29
f 803/28/29 815/689/29 790/24/29
f 815/689/29 902/690/29 790/24/29
f 902/690/104 802/573/104 790/24/104
f 801/13/7 800/12/7 803/16/7
f 803/16/8 790/18/8 792/19/8
f 805/574/9 816/691/9 804/115/9
f 816/691/9 801/165/9 804/115/9
f 791/162/9 794/134/9 818/692/9
f 791/162/9 818/692/9 819/693/9
f 791/162/9 819/693/9 792/20/9
f 819/693/215 850/694/215 792/20/215
f 850/694/216 805/574/216 792/20/216
f 806/175/9 797/175/9 807/49/9
f 807/49/9 796/48/9 808/48/9
f 808/48/9 813/48/9 903/175/9
f 903/175/9 806/175/9 808/48/9
f 806/11/28 903/11/28 809/10/28
f 810/8/226 811/8/226 808/7/226
f 812/15/29 799/26/29 798/26/29
f 798/26/29 809/26/29 812/15/29
f 809/26/29 814/14/29 811/14/29
f 811/14/29 810/14/29 812/15/29
f 811/8/31 814/8/31 813/7/31
f 809/10/27 903/11/27 813/7/27
f 815/575/3 821/583/3 816/576/3
f 829/695/29 821/688/29 800/27/29
f 810/14/29 795/25/29 823/696/29
f 795/25/29 901/687/29 823/696/29
f 829/695/29 800/27/29 799/26/29
f 810/14/29 823/696/29 817/578/29
f 817/578/29 829/695/29 799/26/29
f 812/15/29 810/14/29 817/578/29
f 818/579/6 901/697/6 802/580/6
f 824/698/9 818/692/9 794/134/9
f 797/175/9 801/165/9 822/699/9
f 801/165/9 816/691/9 822/699/9
f 824/698/9 794/134/9 796/48/9
f 797/175/9 822/699/9 820/582/9
f 820/582/9 824/698/9 796/48/9
f 807/49/214 797/175/214 820/582/214
f 821/583/2 829/591/2 822/584/2
f 823/585/7 901/697/7 818/579/7
s 1
f 856/700/227 817/701/228 823/585/229
f 824/586/230 820/702/230 825/587/230
s 0
f 825/587/8 856/700/8 823/585/8
s 1
f 858/703/231 902/704/232 815/575/233
f 805/577/234 850/705/234 826/588/234
s 0
f 826/588/4 858/703/4 815/575/4
s 1
f 827/589/235 850/706/236 819/581/237
f 802/580/238 902/707/239 855/708/240
s 0
f 855/708/5 827/589/5 802/580/5
s 1
f 828/590/241 820/709/241 822/584/241
f 829/591/242 817/710/243 853/711/244
s 0
f 853/711/1 828/590/1 829/591/1
s 1
f 830/592/245 854/1/246 831/4/247
f 832/2/248 851/712/249 904/713/250
s 0
f 904/713/1 830/592/1 832/2/1
f 832/2/2 831/4/2 833/6/2
s 1
f 834/5/3 833/6/3 835/8/3
f 905/714/251 848/9/252 836/7/253
f 835/8/254 842/715/255 837/593/256
s 0
f 837/593/4 905/714/4 836/7/4
s 1
f 852/716/257 842/112/257 838/10/258
f 839/11/259 848/717/260 840/594/261
s 0
f 840/594/5 852/716/5 838/10/5
f 838/10/6 844/12/6 841/13/6
f 835/14/29 833/25/29 868/718/29
f 833/25/29 906/719/29 868/718/29
f 907/720/29 844/27/29 866/721/29
f 844/27/29 838/26/29 866/721/29
f 842/15/29 835/14/29 843/595/29
f 835/14/104 868/718/104 843/595/104
f 843/595/29 866/721/29 838/26/29
f 844/12/7 846/16/7 845/17/7
s 1
f 857/722/262 851/19/263 845/17/264
f 846/16/265 854/723/266 847/596/267
s 0
f 847/596/8 857/722/8 845/17/8
f 839/175/80 841/165/80 867/724/80
f 841/165/9 860/725/9 867/724/9
f 862/726/9 834/134/9 869/727/9
f 834/134/9 836/48/9 869/727/9
f 848/49/216 839/175/216 849/597/216
f 839/175/214 867/724/214 849/597/214
f 849/597/223 869/727/223 836/48/223
f 827/599/223 904/728/223 851/600/223
f 851/600/9 857/729/9 826/730/9
f 826/730/268 850/598/268 851/600/268
f 828/602/269 840/731/269 848/603/269
f 848/603/9 905/732/9 825/733/9
f 825/733/270 820/601/270 848/603/270
f 853/606/271 817/734/271 842/604/271
f 817/734/272 856/735/272 842/604/272
f 856/735/53 837/736/53 842/604/53
f 855/609/29 902/737/29 854/607/29
f 902/737/104 858/738/104 854/607/104
f 858/738/273 847/739/273 854/607/273
f 830/129/31 904/17/31 827/17/31
f 825/17/31 905/17/31 837/129/31
f 852/292/28 840/7/28 828/7/28
f 857/7/28 847/292/28 858/292/28
f 859/610/3 907/740/3 860/611/3
f 862/613/6 906/741/6 863/614/6
f 846/28/29 844/27/29 907/720/29
f 846/28/53 907/720/53 859/616/53
f 906/719/29 833/25/29 831/23/29
f 863/742/29 906/719/29 831/23/29
f 854/24/29 846/28/29 859/616/29
f 865/617/75 863/742/75 854/24/75
f 863/742/29 831/23/29 854/24/29
f 860/611/2 907/740/2 866/618/2
f 868/620/7 906/741/7 862/613/7
f 849/622/8 843/743/8 868/620/8
f 870/623/4 865/744/4 859/610/4
f 832/162/9 834/134/9 862/726/9
f 832/162/274 862/726/274 864/624/274
f 860/725/9 841/165/9 845/115/9
f 861/745/275 860/725/275 845/115/275
f 851/20/268 832/162/268 864/624/268
f 870/625/216 861/745/216 851/20/216
f 861/745/80 845/115/80 851/20/80
f 863/614/5 865/746/5 870/626/5
f 866/618/1 843/743/1 849/622/1
f 871/1/140 879/4/140 872/2/140
f 872/2/141 879/4/141 874/6/141
f 874/6/221 908/8/221 876/7/221
f 878/17/28 873/19/28 872/2/28
f 872/2/28 875/5/28 877/13/28
f 875/5/28 876/7/28 877/13/28
f 876/7/28 882/11/28 877/13/28
s 1
f 879/4/31 871/18/31 880/16/31
s 0
f 880/16/31 883/12/31 874/6/31
f 883/12/31 881/10/31 874/6/31
f 881/10/31 908/8/31 874/6/31
f 881/10/222 883/12/222 877/13/222
f 876/7/29 908/8/29 881/10/29
f 883/12/146 880/16/146 878/17/146
f 880/16/147 871/18/147 873/19/147
f 884/50/28 887/124/28 885/126/28
f 887/124/9 889/7/9 888/11/9
f 889/7/31 891/292/31 890/293/31
f 891/292/29 884/8/29 886/10/29
f 888/11/27 890/293/27 886/129/27
f 887/2/30 884/123/30 891/292/30
f 909/123/276 910/292/276 911/292/276
f 912/123/30 913/292/30 910/292/30
f 911/292/31 914/293/31 915/293/31
f 909/50/28 916/52/28 912/50/28
f 915/293/277 916/129/277 917/129/277
f 913/292/29 918/10/29 919/293/29
f 910/292/278 920/292/278 921/292/278
f 914/293/279 918/129/279 916/129/279
f 912/123/280 922/123/280 923/123/280
f 921/292/281 924/293/281 925/293/281
f 919/293/29 920/292/29 913/292/29
f 914/293/282 924/293/282 919/293/282
f 910/292/9 925/293/9 914/293/9
f 926/50/283 927/52/283 922/50/283
f 918/10/53 922/8/53 927/10/53
f 916/129/284 927/129/284 928/129/284
f 912/50/9 928/52/9 926/50/9
f 929/747/285 930/748/285 931/749/285
f 932/750/286 933/751/286 934/752/286
f 932/750/27 915/293/27 917/129/27
f 909/50/28 935/753/28 917/52/28
f 931/749/9 936/754/9 929/747/9
f 930/755/30 909/123/30 911/292/30
f 934/752/31 915/293/31 932/750/31
f 909/123/276 912/123/276 910/292/276
f 912/123/30 923/123/30 913/292/30
f 911/292/31 910/292/31 914/293/31
f 909/50/28 917/52/28 916/52/28
f 915/293/277 914/293/277 916/129/277
f 913/292/29 923/8/29 918/10/29
f 910/292/287 913/292/287 920/292/287
f 914/293/279 919/293/279 918/129/279
f 912/123/288 926/123/288 922/123/288
f 921/292/281 920/292/281 924/293/281
f 919/293/104 924/293/104 920/292/104
f 914/293/289 925/293/289 924/293/289
f 910/292/9 921/292/9 925/293/9
f 926/50/283 928/52/283 927/52/283
f 918/10/29 923/8/29 922/8/29
f 916/129/290 918/129/290 927/129/290
f 912/50/9 916/52/9 928/52/9
f 929/747/291 935/753/291 930/748/291
f 932/750/286 936/754/286 933/751/286
f 917/129/27 935/756/27 932/750/27
f 935/756/27 929/757/27 932/750/27
f 929/757/27 936/754/27 932/750/27
f 909/50/28 930/748/28 935/753/28
f 931/749/9 933/751/9 936/754/9
f 911/292/30 934/752/30 930/755/30
f 934/752/30 933/751/30 930/755/30
f 933/751/30 931/758/30 930/755/30
f 934/752/31 911/292/31 915/293/31
f 937/9/292 938/759/292 939/760/292
f 938/759/31 940/761/31 939/760/31
f 940/761/293 941/8/293 942/112/293
f 941/50/294 943/762/294 942/763/294
f 943/762/28 944/764/28 945/765/28
f 945/765/295 946/7/295 937/9/295
f 947/5/296 938/759/296 946/7/296
f 938/759/31 948/766/31 949/767/31
f 948/766/297 941/8/297 949/767/297
f 950/768/298 951/769/298 941/50/298
f 952/770/28 944/764/28 951/769/28
f 944/764/299 947/5/299 946/7/299
f 947/5/300 953/771/300 954/772/300
f 953/771/31 948/766/31 954/772/31
f 948/766/301 955/4/301 950/6/301
f 955/773/302 952/770/302 950/768/302
f 952/770/28 956/774/28 957/775/28
f 956/774/303 947/5/303 957/775/303
f 958/3/304 953/771/304 959/2/304
f 960/776/31 961/777/31 953/771/31
f 961/777/305 962/1/305 955/4/305
f 962/778/306 963/779/306 955/773/306
f 964/780/28 956/774/28 963/779/28
f 965/781/307 959/2/307 956/774/307
f 966/17/308 960/782/308 958/19/308
f 967/783/31 968/784/31 960/782/31
f 968/784/292 969/16/292 962/18/292
f 969/785/295 964/786/295 962/296/295
f 970/787/28 965/788/28 964/786/28
f 971/789/309 958/19/309 965/788/309
f 972/13/297 967/783/297 966/17/297
f 967/783/31 973/790/31 974/791/31
f 973/790/310 969/16/310 974/791/310
f 969/785/299 975/792/299 970/787/299
f 975/792/28 971/789/28 970/787/28
f 976/793/311 966/17/311 971/789/311
f 977/11/301 978/794/301 972/13/301
f 978/794/31 979/795/31 973/790/31
f 973/790/312 980/10/312 981/12/312
f 981/796/303 982/797/303 975/792/303
f 982/797/28 976/793/28 975/792/28
f 983/798/313 972/13/313 976/793/313
f 937/9/305 984/799/305 977/11/305
f 984/799/31 940/761/31 979/795/31
f 940/761/304 980/10/304 979/795/304
f 980/52/307 943/762/307 982/797/307
f 943/762/28 983/798/28 982/797/28
f 983/798/314 937/9/314 977/11/314
f 937/9/315 946/7/315 938/759/315
f 938/759/31 949/767/31 940/761/31
f 940/761/316 949/767/316 941/8/316
f 941/50/309 951/769/309 943/762/309
f 943/762/28 951/769/28 944/764/28
f 945/765/317 944/764/317 946/7/317
f 947/5/296 954/772/296 938/759/296
f 938/759/31 954/772/31 948/766/31
f 948/766/297 950/6/297 941/8/297
f 950/768/298 952/770/298 951/769/298
f 952/770/28 957/775/28 944/764/28
f 944/764/318 957/775/318 947/5/318
f 947/5/319 959/2/319 953/771/319
f 953/771/31 961/777/31 948/766/31
f 948/766/301 961/777/301 955/4/301
f 955/773/320 963/779/320 952/770/320
f 952/770/28 963/779/28 956/774/28
f 956/774/321 959/2/321 947/5/321
f 958/3/322 960/776/322 953/771/322
f 960/776/31 968/800/31 961/777/31
f 961/777/323 968/800/323 962/1/323
f 962/778/306 964/780/306 963/779/306
f 964/780/28 965/781/28 956/774/28
f 965/781/324 958/3/324 959/2/324
f 966/17/325 967/783/325 960/782/325
f 967/783/31 974/791/31 968/784/31
f 968/784/326 974/791/326 969/16/326
f 969/785/295 970/787/295 964/786/295
f 970/787/28 971/789/28 965/788/28
f 971/789/309 966/17/309 958/19/309
f 972/13/327 978/794/327 967/783/327
f 967/783/31 978/794/31 973/790/31
f 973/790/328 981/12/328 969/16/328
f 969/785/329 981/796/329 975/792/329
f 975/792/28 976/793/28 971/789/28
f 976/793/298 972/13/298 966/17/298
f 977/11/301 984/799/301 978/794/301
f 978/794/31 984/799/31 979/795/31
f 973/790/319 979/795/319 980/10/319
f 981/796/330 980/52/330 982/797/330
f 982/797/28 983/798/28 976/793/28
f 983/798/331 977/11/331 972/13/331
f 937/9/332 939/760/332 984/799/332
f 984/799/31 939/760/31 940/761/31
f 940/761/322 942/112/322 980/10/322
f 980/52/324 942/763/324 943/762/324
f 943/762/28 945/765/28 983/798/28
f 983/798/333 945/765/333 937/9/333
f 985/801/334 986/802/334 987/803/334
f 988/804/335 989/805/335 990/806/335
f 987/803/336 991/807/336 985/801/336
f 990/806/337 991/808/337 992/809/337
f 993/1/189 994/2/189 995/3/189
f 996/4/190 997/5/190 994/2/190
f 997/5/191 998/8/191 999/7/191
f 998/8/192 1000/9/192 999/7/192
f 1000/9/166 1001/3/166 995/3/166
f 1002/9/177 1003/810/177 1001/3/177
f 1004/112/170 998/8/170 1005/6/170
f 994/2/166 999/7/166 1000/9/166
f 1006/811/29 988/812/29 1000/9/29
f 993/1/9 995/3/9 1007/813/9
f 993/1/170 1008/112/170 1004/112/170
f 991/814/166 989/815/166 1009/816/166
f 992/817/170 987/818/170 1003/819/170
f 1009/811/177 1010/1/177 1011/813/177
f 1012/7/1 1013/820/1 1014/821/1
f 1015/11/2 1013/820/2 1095/9/2
f 1015/11/338 1016/822/339 1017/823/338
f 1018/824/166 1019/825/166 1020/126/166
f 1021/11/170 1022/826/170 1023/827/170
f 1024/293/340 1025/8/340 1026/10/340
f 1021/11/9 1026/129/9 1020/17/9
f 1027/828/341 1028/126/341 1029/126/341
f 1021/11/9 1029/17/9 1030/11/9
f 1020/126/342 1027/828/342 1029/126/342
f 1031/829/177 1032/830/177 1033/831/177
f 1030/11/9 1028/17/9 1034/11/9
f 1035/1/2 1036/2/2 1037/3/2
f 1038/4/3 1039/5/3 1036/2/3
f 1040/6/4 1041/7/4 1039/5/4
f 1042/49/80 1043/48/80 1044/49/80
f 1045/15/104 1033/26/104 1046/15/104
f 1047/11/7 1048/12/7 1049/13/7
f 1045/15/29 1050/832/29 1051/26/29
s 1
f 1049/13/8 1052/16/8 1053/17/8
s 0
f 1052/16/1 1037/19/1 1053/17/1
f 1037/20/80 1054/833/80 1055/834/80
f 1051/10/166 1056/11/166 1033/10/166
f 1042/49/9 1056/175/9 1047/175/9
f 1057/835/29 1045/15/29 1046/15/29
f 1043/7/170 1058/8/170 1057/8/170
f 1059/836/4 1060/837/4 1061/838/4
f 1035/24/29 1062/839/29 1063/840/29
f 1064/841/7 1054/842/7 1065/843/7
f 1060/837/3 1066/844/3 1061/838/3
f 1067/845/8 1064/841/8 1065/843/8
f 1042/49/9 1066/846/9 1068/847/9
s 1
f 1050/848/1 1067/845/1 1068/849/1
s 0
f 1063/850/5 1059/836/5 1055/851/5
f 1054/842/6 1063/852/6 1055/853/6
f 1066/844/2 1050/848/2 1068/849/2
f 1019/854/29 1015/11/29 1012/7/29
f 1012/7/343 1023/855/344 1022/856/344
f 1032/857/29 1069/858/29 1070/859/29
f 1071/860/177 1034/11/177 1043/861/177
f 1013/862/29 1017/863/29 1025/123/29
f 1072/860/345 1021/11/345 1030/11/345
f 1072/860/346 1034/11/346 1071/860/346
f 1073/3/1 1074/4/1 1075/2/1
f 1074/4/2 1076/5/2 1075/2/2
f 1077/6/3 1078/7/3 1076/5/3
f 1078/7/4 1079/112/4 1080/9/4
f 1079/112/5 1081/11/5 1080/9/5
f 1081/11/6 1082/12/6 1083/13/6
f 1084/24/29 1082/27/29 1079/15/29
f 1083/13/7 1085/16/7 1086/17/7
f 1085/16/8 1073/19/8 1086/17/8
f 1078/48/9 1081/175/9 1086/115/9
f 985/801/334 1007/864/334 986/802/334
f 988/804/335 1006/865/335 989/805/335
f 987/803/336 992/866/336 991/807/336
f 990/806/337 989/805/337 991/808/337
f 993/1/189 996/4/189 994/2/189
f 996/4/190 1005/6/190 997/5/190
f 997/5/191 1005/6/191 998/8/191
f 998/8/192 1004/112/192 1000/9/192
f 1000/9/166 1002/9/166 1001/3/166
f 1002/9/177 1087/867/177 1003/810/177
f 1005/6/170 996/4/170 993/1/170
f 993/1/170 1004/112/170 1005/6/170
f 1000/9/166 995/3/166 994/2/166
f 994/2/166 997/5/166 999/7/166
f 1004/112/29 1008/112/29 1006/811/29
f 1008/112/29 1009/811/29 1006/811/29
f 1087/867/29 1002/9/29 988/812/29
f 1002/9/29 1000/9/29 988/812/29
f 1004/112/29 1006/811/29 1000/9/29
f 995/3/9 1001/3/9 986/868/9
f 1001/3/9 1003/810/9 986/868/9
f 1011/813/9 1010/1/9 1007/813/9
f 1010/1/9 993/1/9 1007/813/9
f 995/3/9 986/868/9 1007/813/9
f 993/1/170 1010/1/170 1008/112/170
f 1011/869/166 1007/870/166 985/871/166
f 1011/869/166 985/871/166 991/814/166
f 989/815/166 1006/872/166 1009/816/166
f 1011/869/166 991/814/166 1009/816/166
f 1087/873/170 988/874/170 990/875/170
f 1087/873/170 990/875/170 992/817/170
f 987/818/170 986/876/170 1003/819/170
f 1087/873/170 992/817/170 1003/819/170
f 1009/811/177 1008/112/177 1010/1/177
f 1012/7/21 1095/9/21 1013/820/21
f 1015/11/2 1017/823/2 1013/820/2
s 1
f 1015/11/347 1018/877/348 1016/822/348
s 0
f 1020/126/166 1026/52/166 1018/824/166
f 1026/52/166 1025/50/166 1018/824/166
f 1025/50/166 1016/878/166 1018/824/166
f 1019/825/166 1069/828/166 1020/126/166
f 1024/293/170 1021/11/170 1023/827/170
f 1021/11/170 1070/860/170 1088/879/170
f 1021/11/170 1088/879/170 1022/826/170
f 1023/827/170 1089/292/170 1024/293/170
f 1024/293/340 1089/292/340 1025/8/340
f 1021/11/9 1024/293/9 1026/129/9
f 1027/828/341 1031/829/341 1028/126/341
f 1021/11/9 1020/17/9 1029/17/9
f 1020/126/342 1069/828/342 1027/828/342
f 1033/831/177 1056/880/177 1031/829/177
f 1056/880/177 1028/126/177 1031/829/177
f 1030/11/9 1029/17/9 1028/17/9
f 1035/1/2 1038/4/2 1036/2/2
f 1038/4/3 1040/6/3 1039/5/3
f 1040/6/4 1058/8/4 1041/7/4
f 1042/49/9 1041/48/9 1043/48/9
f 1045/15/29 1051/26/29 1033/26/29
f 1047/11/7 1051/10/7 1048/12/7
f 1058/14/29 1040/25/29 1064/881/29
f 1058/14/29 1064/881/29 1090/882/29
f 1060/883/53 1048/27/53 1051/26/53
f 1091/884/104 1060/883/104 1051/26/104
f 1045/15/29 1058/14/29 1090/882/29
f 1050/832/29 1091/884/29 1051/26/29
f 1045/15/29 1090/882/29 1050/832/29
f 1049/13/8 1048/12/8 1052/16/8
f 1052/16/1 1035/18/1 1037/19/1
f 1036/162/9 1039/134/9 1065/885/9
f 1036/162/9 1065/885/9 1054/833/9
f 1061/886/9 1049/165/9 1053/115/9
f 1059/887/9 1061/886/9 1053/115/9
f 1037/20/223 1036/162/223 1054/833/223
f 1055/834/9 1059/887/9 1037/20/9
f 1059/887/9 1053/115/9 1037/20/9
f 1051/10/166 1047/11/166 1056/11/166
f 1042/49/9 1044/49/9 1056/175/9
f 1057/835/29 1058/14/29 1045/15/29
f 1043/7/170 1041/7/170 1058/8/170
f 1059/836/4 1062/888/4 1060/837/4
f 1052/28/29 1048/27/29 1060/883/29
f 1052/28/29 1060/883/29 1062/839/29
f 1064/881/104 1040/25/104 1038/23/104
f 1092/889/29 1064/881/29 1038/23/29
f 1035/24/29 1052/28/29 1062/839/29
f 1063/840/104 1092/889/104 1035/24/104
f 1092/889/53 1038/23/53 1035/24/53
f 1064/841/7 1092/890/7 1054/842/7
f 1060/837/3 1091/891/3 1066/844/3
f 1067/845/8 1090/892/8 1064/841/8
f 1047/175/9 1049/165/9 1061/886/9
f 1047/175/80 1061/886/80 1066/846/80
f 1065/885/9 1039/134/9 1041/48/9
f 1067/893/9 1065/885/9 1041/48/9
f 1042/49/9 1047/175/9 1066/846/9
f 1068/847/9 1067/893/9 1042/49/9
f 1067/893/9 1041/48/9 1042/49/9
f 1050/848/1 1090/892/1 1067/845/1
f 1063/850/5 1062/888/5 1059/836/5
f 1054/842/6 1092/890/6 1063/852/6
f 1066/844/2 1091/891/2 1050/848/2
f 1022/856/29 1088/894/29 1012/7/29
f 1088/894/29 1019/854/29 1012/7/29
f 1019/854/53 1018/877/53 1015/11/53
f 1015/11/29 1095/9/29 1012/7/29
f 1012/7/349 1014/821/349 1023/855/349
f 1069/858/53 1019/854/53 1088/894/53
f 1088/894/104 1070/859/104 1069/858/104
f 1070/859/29 1072/895/29 1032/857/29
f 1072/895/29 1071/896/29 1032/857/29
f 1032/857/73 1031/897/73 1027/898/73
f 1027/898/29 1069/858/29 1032/857/29
f 1033/831/177 1032/830/177 1046/899/177
f 1032/830/177 1071/860/177 1046/899/177
f 1034/11/177 1028/126/177 1044/900/177
f 1028/126/177 1056/880/177 1044/900/177
f 1057/901/177 1046/899/177 1071/860/177
f 1034/11/177 1044/900/177 1043/861/177
f 1043/861/177 1057/901/177 1071/860/177
f 1089/292/29 1023/827/29 1014/902/29
f 1089/292/29 1014/902/29 1013/862/29
f 1017/863/29 1016/903/29 1025/123/29
f 1089/292/29 1013/862/29 1025/123/29
f 1072/860/345 1070/860/345 1021/11/345
f 1072/860/346 1030/11/346 1034/11/346
f 1073/3/1 1084/1/1 1074/4/1
f 1074/4/2 1077/6/2 1076/5/2
f 1077/6/3 1093/8/3 1078/7/3
f 1078/7/4 1093/8/4 1079/112/4
s 1
f 1079/112/5 1094/10/5 1081/11/5
s 0
f 1081/11/6 1094/10/6 1082/12/6
f 1077/25/29 1074/23/29 1084/24/29
f 1084/24/29 1085/28/29 1082/27/29
f 1082/27/29 1094/26/29 1079/15/29
f 1079/15/29 1093/14/29 1077/25/29
f 1077/25/29 1084/24/29 1079/15/29
f 1083/13/7 1082/12/7 1085/16/7
f 1085/16/8 1084/18/8 1073/19/8
f 1086/115/9 1073/20/9 1075/162/9
f 1075/162/9 1076/134/9 1086/115/9
f 1076/134/9 1078/48/9 1086/115/9
f 1078/48/9 1080/49/9 1081/175/9
f 1081/175/9 1083/165/9 1086/115/9
f 1112/14/4 1113/15/4 1114/15/4
f 1115/23/220 1097/24/220 1116/24/220
f 1117/25/9 1096/23/9 1115/23/9
f 1112/14/9 1100/25/9 1117/25/9
f 1114/15/9 1103/14/9 1112/14/9
f 1114/15/9 1102/904/9 1099/15/9
f 1118/26/9 1098/905/9 1102/26/9
f 1119/27/9 1101/28/9 1098/27/9
f 1120/28/350 1097/24/350 1101/28/350
f 1121/28/351 1122/24/351 1123/24/351
f 1115/23/2 1124/25/2 1117/25/2
f 1119/27/7 1121/28/7 1120/28/7
f 1114/15/5 1125/26/5 1118/26/5
f 1117/25/3 1126/14/3 1112/14/3
f 1116/24/1 1127/23/1 1115/23/1
f 1120/28/8 1123/24/8 1116/24/8
f 1118/26/6 1128/27/6 1119/27/6
f 1129/15/5 1130/26/5 1131/26/5
f 1128/27/352 1131/26/352 1132/27/352
f 1126/14/353 1129/15/353 1113/15/353
f 1127/23/354 1133/25/354 1124/25/354
f 1121/28/355 1132/27/355 1134/28/355
f 1113/15/356 1131/26/356 1125/26/356
f 1124/25/357 1135/14/357 1126/14/357
f 1123/24/358 1136/23/358 1127/23/358
f 1133/25/3 1137/14/3 1135/14/3
f 1122/24/1 1138/23/1 1136/23/1
f 1134/28/8 1139/24/8 1122/24/8
f 1131/26/6 1140/27/6 1132/27/6
f 1135/14/4 1141/15/4 1129/15/4
f 1136/23/2 1142/25/2 1133/25/2
f 1132/27/7 1143/28/7 1134/28/7
f 1111/24/29 1138/23/29 1139/24/29
f 1108/906/29 1138/23/29 1107/907/29
f 1108/906/29 1137/908/29 1142/25/29
f 1106/909/29 1137/14/29 1110/910/29
f 1106/15/29 1130/26/29 1141/15/29
f 1105/911/29 1130/26/29 1104/912/29
f 1105/911/29 1143/913/29 1140/27/29
f 1111/914/29 1143/28/29 1109/915/29
f 1112/14/4 1126/14/4 1113/15/4
f 1115/23/9 1096/916/9 1097/24/9
f 1117/25/9 1100/917/9 1096/23/9
f 1112/14/9 1103/14/9 1100/25/9
f 1114/15/9 1099/15/9 1103/14/9
f 1114/15/9 1118/26/9 1102/904/9
f 1118/26/9 1119/27/9 1098/905/9
f 1119/27/9 1120/28/9 1101/28/9
f 1120/28/359 1116/24/359 1097/24/359
f 1121/28/351 1134/28/351 1122/24/351
f 1115/23/2 1127/23/2 1124/25/2
f 1119/27/7 1128/27/7 1121/28/7
f 1114/15/5 1113/15/5 1125/26/5
f 1117/25/3 1124/25/3 1126/14/3
f 1116/24/1 1123/24/1 1127/23/1
f 1120/28/8 1121/28/8 1123/24/8
f 1118/26/6 1125/26/6 1128/27/6
f 1129/15/5 1141/15/5 1130/26/5
f 1128/27/352 1125/26/352 1131/26/352
f 1126/14/360 1135/14/360 1129/15/360
f 1127/23/354 1136/23/354 1133/25/354
f 1121/28/355 1128/27/355 1132/27/355
f 1113/15/356 1129/15/356 1131/26/356
f 1124/25/357 1133/25/357 1135/14/357
f 1123/24/361 1122/24/361 1136/23/361
f 1133/25/3 1142/25/3 1137/14/3
f 1122/24/1 1139/24/1 1138/23/1
f 1134/28/8 1143/28/8 1139/24/8
f 1131/26/6 1130/26/6 1140/27/6
f 1135/14/4 1137/14/4 1141/15/4
f 1136/23/2 1138/23/2 1142/25/2
f 1132/27/7 1140/27/7 1143/28/7
f 1111/24/29 1107/907/29 1138/23/29
f 1108/906/29 1142/25/29 1138/23/29
f 1108/906/29 1110/910/29 1137/908/29
f 1106/909/29 1141/909/29 1137/14/29
f 1106/15/29 1104/912/29 1130/26/29
f 1105/911/29 1140/27/29 1130/26/29
f 1105/911/29 1109/915/29 1143/913/29
f 1111/914/29 1139/914/29 1143/28/29
